sort_order,page,letter,code,code_type,headword,sub_headword,term,site_restriction,obs,see_snomed,see_also,is_headword_entry
0,104,A,C76.2,topography,Abdomen,,NOS,,false,false,,false
1,104,A,C47.4,topography,Abdomen,,autonomic nervous system,,false,false,,false
2,104,A,C49.4,topography,Abdomen,,connective tissue,,false,false,,false
3,104,A,C49.4,topography,Abdomen,,muscle,,false,false,,false
4,104,A,C47.4,topography,Abdomen,,peripheral nerve,,false,false,,false
5,104,A,C44.5,topography,Abdomen,,skin,,false,false,,false
6,104,A,C49.4,topography,Abdomen,,subcutaneous tissue,,false,false,,false
7,104,A,C49.4,topography,Abdominal,,aorta,,false,false,,false
8,104,A,C15.2,topography,Abdominal,,esophagus,,false,false,,false
9,104,A,C77.2,topography,Abdominal,,lymph node,,false,false,,false
10,104,A,C49.4,topography,Abdominal,,vena cava,,false,false,,false
11,104,A,8822/1,morphology,Abdominal desmoid,,Abdominal desmoid,,false,false,,true
12,104,A,8822/1,morphology,Abdominal fibromatosis,,Abdominal fibromatosis,,false,false,,true
13,104,A,C76.2,topography,Abdominal wall,,NOS,,false,false,,false
14,104,A,C44.5,topography,Abdominal wall,,"NOS (carcinoma, melanoma, nevus)",,false,false,,false
15,104,A,C49.4,topography,Abdominal wall,,"NOS (sarcoma, lipoma)",,false,false,,false
16,104,A,C49.4,topography,Abdominal wall,,adipose tissue,,false,false,,false
17,104,A,C47.4,topography,Abdominal wall,,autonomic nervous system,,false,false,,false
18,104,A,C49.4,topography,Abdominal wall,,connective tissue,,false,false,,false
19,104,A,C49.4,topography,Abdominal wall,,fatty tissue,,false,false,,false
20,104,A,C49.4,topography,Abdominal wall,,fibrous tissue,,false,false,,false
21,104,A,C49.4,topography,Abdominal wall,,muscle,,false,false,,false
22,104,A,C47.4,topography,Abdominal wall,,peripheral nerve,,false,false,,false
23,104,A,C49.4,topography,Abdominal wall,,skeletal muscle,,false,false,,false
24,104,A,C44.5,topography,Abdominal wall,,skin,,false,false,,false
25,104,A,C49.4,topography,Abdominal wall,,soft tissue,,false,false,,false
26,104,A,C49.4,topography,Abdominal wall,,subcutaneous tissue,,false,false,,false
27,104,A,C72.5,topography,Abducens nerve,,Abducens nerve,,false,false,,true
28,104,A,9871/3,morphology,Abnormal,,"marrow eosinophils, acute myeloid leukemia with (includes all variants)",,false,false,,false
29,104,A,9871/3,morphology,Abnormal,,"marrow eosinophils, acute myelomonocytic leukemia with (includes all variants)",,false,false,,false
30,104,A,9898/1,morphology,Abnormal,,"myelopoiesis, transient",,false,false,,false
31,104,A,9867/3,morphology,"Abnormalities, myeloid and lymphoid",,"Abnormalities, myeloid and lymphoid neoplasms with FGFR1",,false,false,,true
32,104,A,8075/3,morphology,Acantholytic squamous cell carcinoma,,Acantholytic squamous cell carcinoma,,false,false,,true
33,104,A,,,,,"Acanthoma, clear cell (see SNOMED)",,false,true,,false
34,104,A,,,,,Acanthosis nigricans (see SNOMED),,false,true,,false
35,104,A,C31.9,topography,Accessory,,nasal sinus,,false,false,,false
36,104,A,C72.5,topography,Accessory,,"nerve, NOS",,false,false,,false
37,104,A,C72.5,topography,Accessory,,"nerve, spinal",,false,false,,false
38,104,A,C31.9,topography,Accessory,,"sinus, nasal",,false,false,,false
39,104,A,C31.9,topography,Accessory,,"sinus, NOS",,false,false,,false
40,104,A,C41.4,topography,Acetabulum,,Acetabulum,,false,false,,true
41,104,A,8730/0,morphology,Achromic nevus (C44._),,Achromic nevus (C44._),,false,false,,true
42,104,A,8280/3,morphology,Acidophil,,adenocarcinoma (C75.1),C75.1,false,false,,false
43,104,A,8280/0,morphology,Acidophil,,adenoma (C75.1),C75.1,false,false,,false
44,104,A,8280/3,morphology,Acidophil,,carcinoma (C75.1),C75.1,false,false,,false
45,104,A,8281/0,morphology,"Acidophil-basophil adenoma, mixed",,"Acidophil-basophil adenoma, mixed (C75.1)",C75.1,false,false,,true
46,104,A,8281/3,morphology,"Acidophil-basophil carcinoma, mixed",,"Acidophil-basophil carcinoma, mixed (C75.1)",C75.1,false,false,,true
47,104,A,8550/3,morphology,Acinar,,adenocarcinoma,,false,false,,false
48,104,A,8550/0,morphology,Acinar,,adenoma,,false,false,,false
49,104,A,8550/3,morphology,Acinar,,carcinoma,,false,false,,false
50,104,A,8550/0,morphology,Acinar cell,,adenoma,,false,false,,false
51,104,A,8550/3,morphology,Acinar cell,,carcinoma,,false,false,,false
52,104,A,8551/3,morphology,Acinar cell,,cystadenocarcinoma,,false,false,,false
53,104,A,8550/1,morphology,Acinar cell,,tumor [obs],,true,false,,false
54,104,A,8552/3,morphology,"Acinar-ductal carcinoma, mixed",,"Acinar-ductal carcinoma, mixed",,false,false,,true
55,104,A,8154/3,morphology,"Acinar-endocrine carcinoma, mixed",,"Acinar-endocrine carcinoma, mixed (C25._)",,false,false,,true
56,104,A,8154/3,morphology,"Acinar-endocrine-ductal carcinoma, mixed",,"Acinar-endocrine-ductal carcinoma, mixed",,false,false,,true
57,104,A,8550/3,morphology,Acinic cell,,adenocarcinoma,,false,false,,false
58,104,A,8550/0,morphology,Acinic cell,,adenoma,,false,false,,false
59,104,A,8550/1,morphology,Acinic cell,,tumor [obs],,true,false,,false
60,104,A,C72.4,topography,Acoustic nerve,,Acoustic nerve,,false,false,,true
61,104,A,9560/0,morphology,Acoustic neuroma,,Acoustic neuroma (C72.4),C72.4,false,false,,true
62,104,A,9161/0,morphology,Acquired tufted hemangioma,,Acquired tufted hemangioma,,false,false,,true
63,104,A,8744/3,morphology,"Acral lentiginous melanoma, malignant",,"Acral lentiginous melanoma, malignant (C44._)",,false,false,,true
64,104,A,C40.0,topography,Acromioclavicular joint,,Acromioclavicular joint,,false,false,,true
65,105,A,8402/0,morphology,"Acrospiroma, eccrine (C44._)",,"Acrospiroma, eccrine (C44._)",,false,false,,true
66,105,A,8158/1,morphology,ACTH-producing tumor,,ACTH-producing tumor,,false,false,,true
67,105,A,,,ACTH-producing tumor,,Actinic keratosis (see SNOMED),,false,true,,false
68,105,A,9840/3,morphology,Acute,,erythremia (C42.1) [obs],C42.1,true,false,,false
69,105,A,9840/3,morphology,Acute,,erythremic myelosis (C42.1) [obs],C42.1,true,false,,false
70,105,A,9931/3,morphology,Acute,,myelofibrosis (C42.1),C42.1,false,false,,false
71,105,A,9931/3,morphology,Acute,,"myelosclerosis, NOS (C42.1)",C42.1,false,false,,false
72,105,A,9931/3,morphology,Acute,,"panmyelosis, NOS (C42.1) [obs]",C42.1,true,false,,false
73,105,A,9931/3,morphology,Acute,,panmyelosis with myelofibrosis (C42.1),C42.1,false,false,,false
74,105,A,9751/3,morphology,Acute,,progressive histiocytosis X [obs],,true,false,,false
75,105,A,9310/0,morphology,Adamantinoma,,NOS (except of long bones 9261/3) (C41._),,false,false,,false
76,105,A,9261/3,morphology,Adamantinoma,,long bones (C40._),,false,false,,false
77,105,A,9310/3,morphology,Adamantinoma,,malignant (except of long bones 9261/3) (C41._),,false,false,,false
78,105,A,9261/3,morphology,Adamantinoma,,tibial (C40.2),C40.2,false,false,,false
79,105,A,9351/1,morphology,Adamantinomatous craniopharyngioma,,Adamantinomatous craniopharyngioma (C75.2),C75.2,false,false,,true
80,105,A,8570/3,morphology,Adenoacanthoma,,Adenoacanthoma,,false,false,,true
81,105,A,9300/0,morphology,Adenoameloblastoma (C41._),,Adenoameloblastoma (C41._),,false,false,,true
82,105,A,8313/3,morphology,Adenocarcinofibroma,,clear cell (C56.9),C56.9,false,false,,false
83,105,A,9015/3,morphology,Adenocarcinofibroma,,mucinous,,false,false,,false
84,105,A,9014/3,morphology,Adenocarcinofibroma,,serous,,false,false,,false
85,105,A,8245/3,morphology,Adenocarcinoid tumor,,Adenocarcinoid tumor,,false,false,,true
86,105,A,8140/3,morphology,Adenocarcinoma,,NOS,,false,false,,false
87,105,A,8140/6,morphology,Adenocarcinoma,,"NOS, metastatic",,false,false,,false
88,105,A,8280/3,morphology,Adenocarcinoma,,acidophil (C75.1),C75.1,false,false,,false
89,105,A,8550/3,morphology,Adenocarcinoma,,acinar,,false,false,,false
90,105,A,8550/3,morphology,Adenocarcinoma,,acinic cell,,false,false,,false
91,105,A,8370/3,morphology,Adenocarcinoma,,adrenal cortical (C74.0),C74.0,false,false,,false
92,105,A,8251/3,morphology,Adenocarcinoma,,alveolar (C34._),,false,false,,false
93,105,A,8215/3,morphology,Adenocarcinoma,,anal ducts (C21.1),C21.1,false,false,,false
94,105,A,8215/3,morphology,Adenocarcinoma,,anal glands (C21.1),C21.1,false,false,,false
95,105,A,8244/3,morphology,Adenocarcinoma,,"and carcinoid, combined",,false,false,,false
96,105,A,8244/3,morphology,Adenocarcinoma,,"and carcinoid, combined/mixed",,false,false,,false
97,105,A,8560/3,morphology,Adenocarcinoma,,"and epidermoid carcinoma, mixed",,false,false,,false
98,105,A,8560/3,morphology,Adenocarcinoma,,"and squamous cell carcinoma, mixed",,false,false,,false
99,105,A,8401/3,morphology,Adenocarcinoma,,apocrine,,false,false,,false
100,105,A,8147/3,morphology,Adenocarcinoma,,"basal cell (C07._, C08._)",,false,false,,false
101,105,A,8300/3,morphology,Adenocarcinoma,,basophil (C75.1),C75.1,false,false,,false
102,105,A,8160/3,morphology,Adenocarcinoma,,"bile duct (C22.1, C24.0)",,false,false,,false
103,105,A,8250/3,morphology,Adenocarcinoma,,bronchiolar (C34.1),C34.1,false,false,,false
104,105,A,8250/3,morphology,Adenocarcinoma,,"bronchiolo-alveolar, NOS (C34._)",,false,false,,false
105,105,A,8420/3,morphology,Adenocarcinoma,,ceruminous (C44.2),C44.2,false,false,,false
106,105,A,8270/3,morphology,Adenocarcinoma,,chromophobe (C75.1),C75.1,false,false,,false
107,105,A,8310/3,morphology,Adenocarcinoma,,"clear cell, mesonephroid",,false,false,,false
108,105,A,8310/3,morphology,Adenocarcinoma,,"clear cell, NOS",,false,false,,false
109,105,A,8480/3,morphology,Adenocarcinoma,,colloid,,false,false,,false
110,105,A,8244/3,morphology,Adenocarcinoma,Combined,carcinoid and adenocarcinoma (C34._),,false,false,,false
111,105,A,8045/3,morphology,Adenocarcinoma,Combined,small cell-adenocarcinoma (C34._),,false,false,,false
112,105,A,8255/3,morphology,Adenocarcinoma,Combined,with other types of carcinoma,,false,false,,false
113,105,A,8244/3,morphology,Adenocarcinoma,,combined/mixed carcinoid and,,false,false,,false
114,105,A,8201/3,morphology,Adenocarcinoma,,"comedo-type cribriform (C18._, C19.9, C20.9)",,false,false,,false
115,105,A,8201/3,morphology,Adenocarcinoma,,"cribriform comedo-type (C18._, C19.9, C20.9)",,false,false,,false
116,105,A,8200/3,morphology,Adenocarcinoma,,cylindroid,,false,false,,false
117,105,A,8145/3,morphology,Adenocarcinoma,,diffuse type (C16._),,false,false,,false
118,105,A,8408/3,morphology,Adenocarcinoma,,digital papillary (C44._),,false,false,,false
119,105,A,8500/3,morphology,Adenocarcinoma,,"duct, infiltrating (C50._)",,false,false,,false
120,105,A,8500/3,morphology,Adenocarcinoma,,"duct, NOS (C50._)",,false,false,,false
121,105,A,8413/3,morphology,Adenocarcinoma,,"eccrine, NOS (C44._)",,false,false,,false
122,105,A,8408/3,morphology,Adenocarcinoma,,eccrine papillary (C44._),,false,false,,false
123,105,A,9070/3,morphology,Adenocarcinoma,,embryonal,,false,false,,false
124,105,A,8384/3,morphology,Adenocarcinoma,,endocervical type,,false,false,,false
125,105,A,8154/3,morphology,Adenocarcinoma,,"endocrine and exocrine, mixed (C25._)",,false,false,,false
126,105,A,8380/3,morphology,Adenocarcinoma,Endometrioid,NOS,,false,false,,false
127,105,A,8383/3,morphology,Adenocarcinoma,Endometrioid,ciliated cell variant,,false,false,,false
128,105,A,8382/3,morphology,Adenocarcinoma,Endometrioid,secretory variant,,false,false,,false
129,105,A,8280/3,morphology,Adenocarcinoma,,eosinophil (C75.1),C75.1,false,false,,false
130,105,A,8154/3,morphology,Adenocarcinoma,,"exocrine and endocrine, mixed (C25._)",,false,false,,false
131,105,A,8154/3,morphology,Adenocarcinoma,,"exocrine and islet cell, mixed (C25._)",,false,false,,false
132,105,A,8333/3,morphology,Adenocarcinoma,,fetal (C73.9),C73.9,false,false,,false
133,105,A,8330/3,morphology,Adenocarcinoma,Follicular,NOS (C73.9),C73.9,false,false,,false
134,105,A,8340/3,morphology,Adenocarcinoma,Follicular,and papillary (C73.9),C73.9,false,false,,false
135,105,A,8332/3,morphology,Adenocarcinoma,Follicular,moderately differentiated (C73.9),C73.9,false,false,,false
136,105,A,8332/3,morphology,Adenocarcinoma,Follicular,trabecular (C73.9),C73.9,false,false,,false
137,105,A,8331/3,morphology,Adenocarcinoma,Follicular,well differentiated (C73.9),C73.9,false,false,,false
138,105,A,8480/3,morphology,Adenocarcinoma,,gelatinous [obs],,true,false,,false
139,105,A,8320/3,morphology,Adenocarcinoma,,granular cell,,false,false,,false
140,105,A,8576/3,morphology,Adenocarcinoma,,hepatoid,,false,false,,false
141,105,A,8290/3,morphology,Adenocarcinoma,,Hurthle cell (C73.9),C73.9,false,false,,false
142,105,A,8210/3,morphology,Adenocarcinoma,,in adenomatous polyp,,false,false,,false
143,105,A,8220/3,morphology,Adenocarcinoma,,in adenomatous polyposis coli (C18._),,false,false,,false
144,105,A,8210/3,morphology,Adenocarcinoma,,"in a polyp, NOS",,false,false,,false
145,105,A,8503/3,morphology,Adenocarcinoma,,infiltrating and papillary,,false,false,,false
146,105,A,8500/3,morphology,Adenocarcinoma,,infiltrating duct (C50._),,false,false,,false
147,105,A,8530/3,morphology,Adenocarcinoma,,inflammatory (C50._),,false,false,,false
148,105,A,8221/3,morphology,Adenocarcinoma,,in multiple adenomatous polyps,,false,false,,false
149,105,A,8210/3,morphology,Adenocarcinoma,,in polypoid adenoma,,false,false,,false
150,105,A,8140/2,morphology,Adenocarcinoma,In situ,NOS,,false,false,,false
151,105,A,8210/2,morphology,Adenocarcinoma,In situ,in adenomatous polyp,,false,false,,false
152,105,A,8210/2,morphology,Adenocarcinoma,In situ,"in a polyp, NOS",,false,false,,false
153,105,A,8210/2,morphology,Adenocarcinoma,In situ,in polypoid adenoma,,false,false,,false
154,105,A,8210/2,morphology,Adenocarcinoma,In situ,in tubular adenoma,,false,false,,false
155,105,A,8263/2,morphology,Adenocarcinoma,In situ,in tubulovillous adenoma,,false,false,,false
156,106,A,8261/2,morphology,Adenocarcinoma,In situ,in villous adenoma,,false,false,,false
157,106,A,8144/3,morphology,Adenocarcinoma,,intestinal type (C16._),,false,false,,false
158,106,A,8504/3,morphology,Adenocarcinoma,,intracystic papillary,,false,false,,false
159,106,A,8500/2,morphology,Adenocarcinoma,Intraductal,"noninfiltrating, NOS",,false,false,,false
160,106,A,8503/2,morphology,Adenocarcinoma,Intraductal,"noninfiltrating, papillary (C50._)",,false,false,,false
161,106,A,8503/2,morphology,Adenocarcinoma,Intraductal,"papillary, NOS (C50._)",,false,false,,false
162,106,A,8503/3,morphology,Adenocarcinoma,Intraductal,"papillary, with invasion (C50._)",,false,false,,false
163,106,A,8210/3,morphology,Adenocarcinoma,,in tubular adenoma,,false,false,,false
164,106,A,8263/3,morphology,Adenocarcinoma,,in tubulovillous adenoma,,false,false,,false
165,106,A,8261/3,morphology,Adenocarcinoma,,in villous adenoma,,false,false,,false
166,106,A,8154/3,morphology,Adenocarcinoma,,"islet cell and exocrine, mixed (C25._)",,false,false,,false
167,106,A,8150/3,morphology,Adenocarcinoma,,islet cell (C25._),,false,false,,false
168,106,A,8520/3,morphology,Adenocarcinoma,,lobular (C50._),,false,false,,false
169,106,A,8525/3,morphology,Adenocarcinoma,,"low grade, polymorphous",,false,false,,false
170,106,A,8510/3,morphology,Adenocarcinoma,,medullary,,false,false,,false
171,106,A,9110/3,morphology,Adenocarcinoma,,mesonephric,,false,false,,false
172,106,A,8310/3,morphology,Adenocarcinoma,,"mesonephroid, clear cell",,false,false,,false
173,106,A,8560/3,morphology,Adenocarcinoma,Mixed,adenocarcinoma and epidermoid carcinoma,,false,false,,false
174,106,A,8560/3,morphology,Adenocarcinoma,Mixed,adenocarcinoma and squamous cell carcinoma,,false,false,,false
175,106,A,8244/3,morphology,Adenocarcinoma,Mixed,carcinoid-adenocarcinoma,,false,false,,false
176,106,A,8323/3,morphology,Adenocarcinoma,Mixed,cell,,false,false,,false
177,106,A,8154/3,morphology,Adenocarcinoma,Mixed,endocrine and exocrine (C25._),,false,false,,false
178,106,A,8154/3,morphology,Adenocarcinoma,Mixed,exocrine and endocrine (C25._),,false,false,,false
179,106,A,8154/3,morphology,Adenocarcinoma,Mixed,islet cell and exocrine (C25._),,false,false,,false
180,106,A,8482/3,morphology,Adenocarcinoma,,"mucinous, endocervical type",,false,false,,false
181,106,A,8480/3,morphology,Adenocarcinoma,,"mucinous, NOS",,false,false,,false
182,106,A,8481/3,morphology,Adenocarcinoma,,mucin-producing,,false,false,,false
183,106,A,8481/3,morphology,Adenocarcinoma,,mucin-secreting,,false,false,,false
184,106,A,8480/3,morphology,Adenocarcinoma,,mucoid,,false,false,,false
185,106,A,8300/3,morphology,Adenocarcinoma,,mucoid cell (C75.1),C75.1,false,false,,false
186,106,A,8480/3,morphology,Adenocarcinoma,,mucous,,false,false,,false
187,106,A,8350/3,morphology,Adenocarcinoma,,nonencapsulated sclerosing (C73.9),C73.9,false,false,,false
188,106,A,8500/2,morphology,Adenocarcinoma,,"noninfiltrating, intraductal, NOS",,false,false,,false
189,106,A,8503/2,morphology,Adenocarcinoma,,"noninfiltrating, intraductal, papillary (C50._)",,false,false,,false
190,106,A,8290/3,morphology,Adenocarcinoma,,oncocytic,,false,false,,false
191,106,A,8290/3,morphology,Adenocarcinoma,,oxyphilic,,false,false,,false
192,106,A,8163/3,morphology,Adenocarcinoma,,pancreatobiliary-type (C24.1),C24.1,false,false,,false
193,106,A,8260/3,morphology,Adenocarcinoma,Papillary,NOS,,false,false,,false
194,106,A,8340/3,morphology,Adenocarcinoma,Papillary,and follicular (C73.9),C73.9,false,false,,false
195,106,A,8503/3,morphology,Adenocarcinoma,Papillary,and infiltrating (C50._),,false,false,,false
196,106,A,8408/3,morphology,Adenocarcinoma,Papillary,digital (C44._),,false,false,,false
197,106,A,8408/3,morphology,Adenocarcinoma,Papillary,eccrine (C44._),,false,false,,false
198,106,A,8340/3,morphology,Adenocarcinoma,Papillary,follicular variant (C73.9),C73.9,false,false,,false
199,106,A,8503/3,morphology,Adenocarcinoma,Papillary,infiltrating (C50._),,false,false,,false
200,106,A,8504/3,morphology,Adenocarcinoma,Papillary,intracystic,,false,false,,false
201,106,A,8503/2,morphology,Adenocarcinoma,Papillary,"intraductal, noninfiltrating (C50._)",,false,false,,false
202,106,A,8503/2,morphology,Adenocarcinoma,Papillary,"intraductal, NOS (C50._)",,false,false,,false
203,106,A,8503/3,morphology,Adenocarcinoma,Papillary,"intraductal, with invasion (C50._)",,false,false,,false
204,106,A,8460/3,morphology,Adenocarcinoma,Papillary,serous (C56.9),C56.9,false,false,,false
205,106,A,8450/3,morphology,Adenocarcinoma,,papillocystic,,false,false,,false
206,106,A,8263/3,morphology,Adenocarcinoma,,papillotubular,,false,false,,false
207,106,A,8214/3,morphology,Adenocarcinoma,,parietal cell (C16._),,false,false,,false
208,106,A,8525/3,morphology,Adenocarcinoma,,polymorphous low grade,,false,false,,false
209,106,A,8470/3,morphology,Adenocarcinoma,,pseudomucinous (C56.9),C56.9,false,false,,false
210,106,A,8312/3,morphology,Adenocarcinoma,,renal cell (C64.9),C64.9,false,false,,false
211,106,A,8141/3,morphology,Adenocarcinoma,,scirrhous,,false,false,,false
212,106,A,8350/3,morphology,Adenocarcinoma,,"sclerosing, nonencapsulated (C73.9)",C73.9,false,false,,false
213,106,A,8410/3,morphology,Adenocarcinoma,,sebaceous (C44._),,false,false,,false
214,106,A,8441/3,morphology,Adenocarcinoma,,"serous, NOS",,false,false,,false
215,106,A,8460/3,morphology,Adenocarcinoma,,"serous, papillary (C56.9)",C56.9,false,false,,false
216,106,A,8213/3,morphology,Adenocarcinoma,,serrated,,false,false,,false
217,106,A,8490/3,morphology,Adenocarcinoma,,signet ring cell,,false,false,,false
218,106,A,8230/3,morphology,Adenocarcinoma,,"solid, with mucin formation",,false,false,,false
219,106,A,8143/3,morphology,Adenocarcinoma,,superficial spreading,,false,false,,false
220,106,A,8400/3,morphology,Adenocarcinoma,,sweat gland (C44._),,false,false,,false
221,106,A,8525/3,morphology,Adenocarcinoma,,terminal duct,,false,false,,false
222,106,A,8190/3,morphology,Adenocarcinoma,,trabecular,,false,false,,false
223,106,A,8211/3,morphology,Adenocarcinoma,,tubular,,false,false,,false
224,106,A,8263/3,morphology,Adenocarcinoma,,tubulopapillary,,false,false,,false
225,106,A,8262/3,morphology,Adenocarcinoma,,villous,,false,false,,false
226,106,A,8322/3,morphology,Adenocarcinoma,,water-clear cell (C75.0),C75.0,false,false,,false
227,106,A,8573/3,morphology,Adenocarcinoma,,with apocrine metaplasia,,false,false,,false
228,106,A,8571/3,morphology,Adenocarcinoma,,with cartilaginous and osseous metaplasia,,false,false,,false
229,106,A,8571/3,morphology,Adenocarcinoma,,with cartilaginous metaplasia,,false,false,,false
230,106,A,8255/3,morphology,Adenocarcinoma,,with mixed subtypes,,false,false,,false
231,106,A,8574/3,morphology,Adenocarcinoma,,with neuroendocrine differentiation,,false,false,,false
232,106,A,8571/3,morphology,Adenocarcinoma,,with osseous metaplasia,,false,false,,false
233,106,A,8255/3,morphology,Adenocarcinoma,,"with other types of carcinoma, combined",,false,false,,false
234,106,A,8572/3,morphology,Adenocarcinoma,,with spindle cell metaplasia,,false,false,,false
235,106,A,8570/3,morphology,Adenocarcinoma,,with squamous metaplasia,,false,false,,false
236,106,A,8200/3,morphology,Adenocystic carcinoma,,Adenocystic carcinoma,,false,false,,true
237,106,A,9013/0,morphology,Adenofibroma,,NOS,,false,false,,false
238,106,A,8313/0,morphology,Adenofibroma,,clear cell (C56.9),C56.9,false,false,,false
239,106,A,8313/1,morphology,Adenofibroma,,"clear cell, of borderline malignancy (C56.9)",C56.9,false,false,,false
240,106,A,8381/0,morphology,Adenofibroma,Endometrioid,NOS,,false,false,,false
241,106,A,8381/1,morphology,Adenofibroma,Endometrioid,borderline malignancy,,false,false,,false
242,106,A,8381/3,morphology,Adenofibroma,Endometrioid,malignant,,false,false,,false
243,106,A,9015/0,morphology,Adenofibroma,,mucinous,,false,false,,false
244,106,A,9015/1,morphology,Adenofibroma,,"mucinous, of borderline malignancy",,false,false,,false
245,106,A,8965/0,morphology,Adenofibroma,,nephrogenic (C64.9),C64.9,false,false,,false
246,106,A,9013/0,morphology,Adenofibroma,,papillary,,false,false,,false
247,106,A,9014/0,morphology,Adenofibroma,Serous,NOS,,false,false,,false
248,106,A,9014/1,morphology,Adenofibroma,Serous,borderline malignancy,,false,false,,false
249,106,A,9014/3,morphology,Adenofibroma,Serous,malignant,,false,false,,false
250,107,A,,,Adenocarcinoma,,Adenofibrosis (see SNOMED),,false,true,,false
251,107,A,C11.1,topography,Adenoid,,Adenoid,,false,false,,true
252,107,A,8098/3,morphology,Adenoid,,basal carcinoma (C53._),,false,false,,false
253,107,A,8200/3,morphology,Adenoid,,cystic carcinoma,,false,false,,false
254,107,A,8075/3,morphology,Adenoid,,squamous cell carcinoma,,false,false,,false
255,107,A,8100/0,morphology,"Adenoides cysticum, epithelioma (C44._)",,"Adenoides cysticum, epithelioma (C44._)",,false,false,,true
256,107,A,8324/0,morphology,Adenolipoma,,Adenolipoma,,false,false,,true
257,107,A,8561/0,morphology,"Adenolymphoma (C07._, C08._)",,"Adenolymphoma (C07._, C08._)",,false,false,,true
258,107,A,8140/0,morphology,Adenoma,,NOS,,false,false,,false
259,107,A,8281/0,morphology,Adenoma,,"acidophil-basophil, mixed (C75.1)",C75.1,false,false,,false
260,107,A,8280/0,morphology,Adenoma,,acidophil (C75.1),C75.1,false,false,,false
261,107,A,8550/0,morphology,Adenoma,,acinar,,false,false,,false
262,107,A,8550/0,morphology,Adenoma,,acinar cell,,false,false,,false
263,107,A,8550/0,morphology,Adenoma,,acinic cell,,false,false,,false
264,107,A,8210/3,morphology,Adenoma,,adenocarcinoma in polypoid,,false,false,,false
265,107,A,8370/0,morphology,Adenoma,Adrenal cortical,NOS (C74.0),C74.0,false,false,,false
266,107,A,8373/0,morphology,Adenoma,Adrenal cortical,clear cell (C74.0),C74.0,false,false,,false
267,107,A,8371/0,morphology,Adenoma,Adrenal cortical,compact cell (C74.0),C74.0,false,false,,false
268,107,A,8374/0,morphology,Adenoma,Adrenal cortical,glomerulosa cell (C74.0),C74.0,false,false,,false
269,107,A,8375/0,morphology,Adenoma,Adrenal cortical,mixed cell (C74.0),C74.0,false,false,,false
270,107,A,8372/0,morphology,Adenoma,Adrenal cortical,pigmented (C74.0),C74.0,false,false,,false
271,107,A,8408/1,morphology,Adenoma,,aggressive digital papillary (C44._),,false,false,,false
272,107,A,8251/0,morphology,Adenoma,,alveolar (C34._),,false,false,,false
273,107,A,8401/0,morphology,Adenoma,,apocrine,,false,false,,false
274,107,A,8140/1,morphology,Adenoma,,atypical,,false,false,,false
275,107,A,8147/0,morphology,Adenoma,,"basal cell (C07._, C08._)",,false,false,,false
276,107,A,8281/0,morphology,Adenoma,,"basophil-acidophil, mixed (C75.1)",C75.1,false,false,,false
277,107,A,8300/0,morphology,Adenoma,,basophil (C75.1),C75.1,false,false,,false
278,107,A,8151/0,morphology,Adenoma,,beta cell (C25._),,false,false,,false
279,107,A,8160/0,morphology,Adenoma,,"bile duct (C22.1, C24.0)",,false,false,,false
280,107,A,8372/0,morphology,Adenoma,,black (C74.0),C74.0,false,false,,false
281,107,A,8140/1,morphology,Adenoma,Bronchial,NOS (C34._),,false,false,,false
282,107,A,8240/3,morphology,Adenoma,Bronchial,carcinoid (C34._),,false,false,,false
283,107,A,8200/3,morphology,Adenoma,Bronchial,cylindroid (C34._),,false,false,,false
284,107,A,8149/0,morphology,Adenoma,,canalicular,,false,false,,false
285,107,A,8420/0,morphology,Adenoma,,ceruminous (C44.2),C44.2,false,false,,false
286,107,A,8321/0,morphology,Adenoma,,chief cell (C75.0),C75.0,false,false,,false
287,107,A,8270/0,morphology,Adenoma,,chromophobe (C75.1),C75.1,false,false,,false
288,107,A,8310/0,morphology,Adenoma,,clear cell,,false,false,,false
289,107,A,8334/0,morphology,Adenoma,,colloid (C73.9),C73.9,false,false,,false
290,107,A,8408/1,morphology,Adenoma,,"digital papillary, aggressive (C44._)",,false,false,,false
291,107,A,8503/0,morphology,Adenoma,,"duct, NOS",,false,false,,false
292,107,A,8408/0,morphology,Adenoma,,eccrine papillary (C44._),,false,false,,false
293,107,A,8191/0,morphology,Adenoma,,embryonal,,false,false,,false
294,107,A,8380/1,morphology,Adenoma,,"endometrioid, borderline malignancy",,false,false,,false
295,107,A,8380/0,morphology,Adenoma,,"endometrioid, NOS",,false,false,,false
296,107,A,8280/0,morphology,Adenoma,,eosinophil (C75.1),C75.1,false,false,,false
297,107,A,8333/0,morphology,Adenoma,,fetal (C73.9),C73.9,false,false,,false
298,107,A,8212/0,morphology,Adenoma,,flat,,false,false,,false
299,107,A,8330/0,morphology,Adenoma,Follicular,NOS (C73.9),C73.9,false,false,,false
300,107,A,8330/1,morphology,Adenoma,Follicular,atypical (C73.9),C73.9,false,false,,false
301,107,A,8290/0,morphology,Adenoma,Follicular,oxyphilic cell (C73.9),C73.9,false,false,,false
302,107,A,8170/0,morphology,Adenoma,,hepatocellular (C22.0),C22.0,false,false,,false
303,107,A,8290/0,morphology,Adenoma,,Hurthle cell (C73.9),C73.9,false,false,,false
304,107,A,8504/0,morphology,Adenoma,,"intracystic, papillary",,false,false,,false
305,107,A,8453/0,morphology,Adenoma,,intraductal papillary-mucinous (C25._),,false,false,,false
306,107,A,8150/0,morphology,Adenoma,,islet cell (C25._),,false,false,,false
307,107,A,8204/0,morphology,Adenoma,,lactating (C50._),,false,false,,false
308,107,A,8170/0,morphology,Adenoma,,liver cell (C22.0),C22.0,false,false,,false
309,107,A,8334/0,morphology,Adenoma,,macrofollicular (C73.9),C73.9,false,false,,false
310,107,A,9110/0,morphology,Adenoma,,mesonephric,,false,false,,false
311,107,A,8325/0,morphology,Adenoma,,metanephric (C64.9),C64.9,false,false,,false
312,107,A,8202/0,morphology,Adenoma,,"microcystic, NOS (C25._)",,false,false,,false
313,107,A,8441/0,morphology,Adenoma,,"microcystic, serous",,false,false,,false
314,107,A,8333/0,morphology,Adenoma,,microfollicular (C73.9),C73.9,false,false,,false
315,107,A,8281/0,morphology,Adenoma,,mixed acidophil-basophil (C75.1),C75.1,false,false,,false
316,107,A,8323/0,morphology,Adenoma,,mixed cell,,false,false,,false
317,107,A,8146/0,morphology,Adenoma,,monomorphic,,false,false,,false
318,107,A,8480/0,morphology,Adenoma,,mucinous,,false,false,,false
319,107,A,8453/0,morphology,Adenoma,,"mucinous-papillary, intraductal (C25._)",,false,false,,false
320,107,A,8300/0,morphology,Adenoma,,mucoid cell (C75.1),C75.1,false,false,,false
321,107,A,8982/0,morphology,Adenoma,,myoepithelial,,false,false,,false
322,107,A,8506/0,morphology,Adenoma,,nipple (C50.0),C50.0,false,false,,false
323,107,A,8290/0,morphology,Adenoma,,oncocytic,,false,false,,false
324,107,A,8290/0,morphology,Adenoma,,oxyphilic,,false,false,,false
325,107,A,8290/0,morphology,Adenoma,,oxyphilic cell follicular (C73.9),C73.9,false,false,,false
326,107,A,8260/0,morphology,Adenoma,Papillary,NOS,,false,false,,false
327,107,A,8408/1,morphology,Adenoma,Papillary,aggressive digital (C44._),,false,false,,false
328,107,A,8408/0,morphology,Adenoma,Papillary,eccrine (C44._),,false,false,,false
329,107,A,8504/0,morphology,Adenoma,Papillary,intracystic,,false,false,,false
330,107,A,8453/0,morphology,Adenoma,,"papillary-mucinous, intraductal (C25._)",,false,false,,false
331,107,A,8263/0,morphology,Adenoma,,papillotubular,,false,false,,false
332,107,A,8640/1,morphology,Adenoma,,Pick tubular,,false,false,,false
333,107,A,8372/0,morphology,Adenoma,,pigmented (C74.0),C74.0,false,false,,false
334,107,A,8272/0,morphology,Adenoma,,"pituitary, NOS (C75.1)",C75.1,false,false,,false
335,107,A,8940/0,morphology,Adenoma,,pleomorphic,,false,false,,false
336,107,A,8941/3,morphology,Adenoma,,"pleomorphic, carcinoma in (C07._,C08._)",,false,false,,false
337,107,A,8210/0,morphology,Adenoma,Polypoid,NOS,,false,false,,false
338,107,A,8210/3,morphology,Adenoma,Polypoid,adenocarcinoma in,,false,false,,false
339,107,A,8210/2,morphology,Adenoma,Polypoid,adenocarcinoma in situ in,,false,false,,false
340,107,A,8410/0,morphology,Adenoma,,sebaceous (C44._),,false,false,,false
341,107,A,,,Adenoma,,sebaceum (see SNOMED),,false,true,,false
342,107,A,8441/0,morphology,Adenoma,,serous microcystic,,false,false,,false
343,108,A,8213/0,morphology,Adenoma,Serrated,NOS (C18._),,false,false,,false
344,108,A,8213/0,morphology,Adenoma,Serrated,sessile,,false,false,,false
345,108,A,8213/0,morphology,Adenoma,Serrated,traditional,,false,false,,false
346,108,A,8213/0,morphology,Adenoma,Serrated,traditional sessile,,false,false,,false
347,108,A,8640/1,morphology,Adenoma,,Sertoli cell,,false,false,,false
348,108,A,8213/0,morphology,Adenoma,,sessile serrated,,false,false,,false
349,108,A,8390/0,morphology,Adenoma,,skin appendage (C44._),,false,false,,false
350,108,A,8400/0,morphology,Adenoma,,sweat gland (C44._),,false,false,,false
351,108,A,8640/1,morphology,Adenoma,,testicular,,false,false,,false
352,108,A,8190/0,morphology,Adenoma,,trabecular,,false,false,,false
353,108,A,8336/0,morphology,Adenoma,,"trabecular, hyalinizing (C73.9)",C73.9,false,false,,false
354,108,A,8213/0,morphology,Adenoma,,traditional serrated,,false,false,,false
355,108,A,8213/0,morphology,Adenoma,,traditional sessile serrated,,false,false,,false
356,108,A,8211/0,morphology,Adenoma,Tubular,NOS,,false,false,,false
357,108,A,8210/3,morphology,Adenoma,Tubular,adenocarcinoma in,,false,false,,false
358,108,A,8210/2,morphology,Adenoma,Tubular,adenocarcinoma in situ in,,false,false,,false
359,108,A,8640/1,morphology,Adenoma,Tubular,Pick,,false,false,,false
360,108,A,8263/0,morphology,Adenoma,,tubulo-papillary,,false,false,,false
361,108,A,8263/0,morphology,Adenoma,Tubulovillous,NOS,,false,false,,false
362,108,A,8263/3,morphology,Adenoma,Tubulovillous,adenocarcinoma in,,false,false,,false
363,108,A,8263/2,morphology,Adenoma,Tubulovillous,adenocarcinoma in situ in,,false,false,,false
364,108,A,8263/0,morphology,Adenoma,,villoglandular,,false,false,,false
365,108,A,8261/0,morphology,Adenoma,Villous,NOS,,false,false,,false
366,108,A,8261/3,morphology,Adenoma,Villous,adenocarcinoma in,,false,false,,false
367,108,A,8261/2,morphology,Adenoma,Villous,adenocarcinoma in situ in,,false,false,,false
368,108,A,8322/0,morphology,Adenoma,,water-clear cell (C75.0),C75.0,false,false,,false
369,108,A,9110/0,morphology,Adenoma,,Wolffian duct,,false,false,,false
370,108,A,8360/1,morphology,"Adenomas, multiple, endocrine",,"Adenomas, multiple, endocrine",,false,false,,true
371,108,A,9054/0,morphology,"Adenomatoid tumor, NOS",,"Adenomatoid tumor, NOS",,false,false,,true
372,108,A,9300/0,morphology,"Adenomatoid tumor, odontogenic (C41._)",,"Adenomatoid tumor, odontogenic (C41._)",,false,false,,true
373,108,A,8220/0,morphology,Adenomatosis,,NOS,,false,false,,false
374,108,A,8360/1,morphology,Adenomatosis,,endocrine,,false,false,,false
375,108,A,,,Adenomatosis,,fibrosing (see SNOMED),,false,true,,false
376,108,A,8150/0,morphology,Adenomatosis,,islet cell (C25._),,false,false,,false
377,108,A,8250/1,morphology,Adenomatosis,,pulmonary (C34._),,false,false,,false
378,108,A,8213/0,morphology,Adenomatous,,"and hyperplastic polyp, mixed (C18._) C49.2 leg",,false,false,,false
379,108,A,,,Adenomatous,,goiter (see SNOMED),,false,true,,false
380,108,A,,,Adenomatous,,hyperplasia (see SNOMED),,false,true,,false
381,108,A,8210/0,morphology,Adenomatous,Polyp,NOS,,false,false,,false
382,108,A,8210/3,morphology,Adenomatous,Polyp,adenocarcinoma in,,false,false,,false
383,108,A,8210/2,morphology,Adenomatous,Polyp,adenocarcinoma in situ in,,false,false,,false
384,108,A,8210/3,morphology,Adenomatous,Polyp,carcinoma in,,false,false,,false
385,108,A,8210/2,morphology,Adenomatous,Polyp,carcinoma in situ in,,false,false,,false
386,108,A,8213/0,morphology,Adenomatous,Polyp,"mixed, and hyperplastic (C18._)",,false,false,,false
387,108,A,8220/3,morphology,Adenomatous,,"polyposis coli, adenocarcinoma in (C18._)",,false,false,,false
388,108,A,8220/0,morphology,Adenomatous,,polyposis coli (C18._),,false,false,,false
389,108,A,8221/0,morphology,Adenomatous,,"polyps, multiple",,false,false,,false
390,108,A,8221/3,morphology,Adenomatous,,"polyps, multiple, adenocarcinoma in",,false,false,,false
391,108,A,8983/0,morphology,Adenomyoepithelioma (C50._),,Adenomyoepithelioma (C50._),,false,false,,true
392,108,A,8932/0,morphology,Adenomyoma,,Adenomyoma,,false,false,,true
393,108,A,8932/0,morphology,"Adenomyoma, atypical polypoid",,"Adenomyoma, atypical polypoid",,false,false,,true
394,108,A,,,"Adenomyoma, atypical polypoid",,Adenomyomatous hyperplasia (see SNOMED),,false,true,,false
395,108,A,,,"Adenomyoma, atypical polypoid",,"Adenomyosis, NOS (see SNOMED)",,false,true,,false
396,108,A,8244/3,morphology,"Adenoneuroendocrine carcinoma, mixed",,"Adenoneuroendocrine carcinoma, mixed",,false,false,,true
397,108,A,8933/3,morphology,Adenosarcoma,,Adenosarcoma,,false,false,,true
398,108,A,,,Adenosis,,NOS (see SNOMED),,false,true,,false
399,108,A,,,Adenosis,,fibrosing (see SNOMED),,false,true,,false
400,108,A,,,Adenosis,,florid (see SNOMED),,false,true,,false
401,108,A,,,Adenosis,,sclerosing (see SNOMED),,false,true,,false
402,108,A,8560/3,morphology,Adenosquamous carcinoma,,Adenosquamous carcinoma,,false,false,,true
403,108,A,C49.9,topography,Adipose tissue,,NOS,,false,false,,false
404,108,A,C49.4,topography,Adipose tissue,,abdominal wall,,false,false,,false
405,108,A,C49.1,topography,Adipose tissue,,antecubital space,,false,false,,false
406,108,A,C49.1,topography,Adipose tissue,,arm,,false,false,,false
407,108,A,C49.3,topography,Adipose tissue,,axilla,,false,false,,false
408,108,A,C49.6,topography,Adipose tissue,,back,,false,false,,false
409,108,A,C49.5,topography,Adipose tissue,,buttock,,false,false,,false
410,108,A,C49.2,topography,Adipose tissue,,calf,,false,false,,false
411,108,A,C49.0,topography,Adipose tissue,,cervical region,,false,false,,false
412,108,A,C49.0,topography,Adipose tissue,,cheek,,false,false,,false
413,108,A,C49.3,topography,Adipose tissue,,chest wall,,false,false,,false
414,108,A,C49.0,topography,Adipose tissue,,face,,false,false,,false
415,108,A,C49.6,topography,Adipose tissue,,flank,,false,false,,false
416,108,A,C49.2,topography,Adipose tissue,,foot,,false,false,,false
417,108,A,C49.1,topography,Adipose tissue,,forearm,,false,false,,false
418,108,A,C49.5,topography,Adipose tissue,,gluteal region,,false,false,,false
419,108,A,C49.5,topography,Adipose tissue,,groin,,false,false,,false
420,108,A,C49.1,topography,Adipose tissue,,hand,,false,false,,false
421,108,A,C49.0,topography,Adipose tissue,,head,,false,false,,false
422,108,A,C49.2,topography,Adipose tissue,,hip,,false,false,,false
423,108,A,C49.3,topography,Adipose tissue,,infraclavicular region,,false,false,,false
424,108,A,C49.5,topography,Adipose tissue,,inguinal region,,false,false,,false
425,108,A,C49.2,topography,Adipose tissue,,knee,,false,false,,false
426,108,A,C49.0,topography,Adipose tissue,,neck,,false,false,,false
427,108,A,C49.2,topography,Adipose tissue,,popliteal space,,false,false,,false
428,108,A,C49.5,topography,Adipose tissue,,sacrococcygeal region,,false,false,,false
429,108,A,C49.0,topography,Adipose tissue,,scalp,,false,false,,false
430,108,A,C49.3,topography,Adipose tissue,,scapular region,,false,false,,false
431,108,A,C49.1,topography,Adipose tissue,,shoulder,,false,false,,false
432,108,A,C49.0,topography,Adipose tissue,,supraclavicular region,,false,false,,false
433,108,A,C49.0,topography,Adipose tissue,,temple,,false,false,,false
434,108,A,C49.2,topography,Adipose tissue,,thigh,,false,false,,false
435,109,A,C49.3,topography,Adipose tissue,,thoracic wall,,false,false,,false
436,109,A,C49.6,topography,Adipose tissue,,"trunk, NOS",,false,false,,false
437,109,A,8390/3,morphology,Adnexal,,carcinoma (C44._),,false,false,,false
438,109,A,8407/3,morphology,Adnexal,,"microcystic, carcinoma (C44._)",,false,false,,false
439,109,A,8390/0,morphology,Adnexal,,"tumor, benign (C44._)",,false,false,,false
440,109,A,C57.4,topography,"Adnexa, NOS",,"Adnexa, NOS",,false,false,,true
441,109,A,C57.4,topography,"Adnexa, uterine",,"Adnexa, uterine",,false,false,,true
442,109,A,8700/0,morphology,Adrenal,,medullary paraganglioma (C74.1),C74.1,false,false,,false
443,109,A,8700/3,morphology,Adrenal,,"medullary paraganglioma, malignant (C74.1)",C74.1,false,false,,false
444,109,A,8671/0,morphology,Adrenal,,rest tumor,,false,false,,false
445,109,A,8370/3,morphology,Adrenal cortical,,adenocarcinoma (C74.0),C74.0,false,false,,false
446,109,A,8370/0,morphology,Adrenal cortical,Adenoma,NOS (C74.0),C74.0,false,false,,false
447,109,A,8373/0,morphology,Adrenal cortical,Adenoma,clear cell (C74.0),C74.0,false,false,,false
448,109,A,8371/0,morphology,Adrenal cortical,Adenoma,compact cell (C74.0),C74.0,false,false,,false
449,109,A,8374/0,morphology,Adrenal cortical,Adenoma,glomerulosa cell (C74.0),C74.0,false,false,,false
450,109,A,8375/0,morphology,Adrenal cortical,Adenoma,mixed cell (C74.0),C74.0,false,false,,false
451,109,A,8372/0,morphology,Adrenal cortical,Adenoma,pigmented (C74.0),C74.0,false,false,,false
452,109,A,8370/3,morphology,Adrenal cortical,,carcinoma (C74.0),C74.0,false,false,,false
453,109,A,8370/0,morphology,Adrenal cortical,Tumor,NOS (C74.0),C74.0,false,false,,false
454,109,A,8370/0,morphology,Adrenal cortical,Tumor,benign (C74.0),C74.0,false,false,,false
455,109,A,8370/3,morphology,Adrenal cortical,Tumor,malignant (C74.0),C74.0,false,false,,false
456,109,A,C74.9,topography,Adrenal gland,,NOS,,false,false,,false
457,109,A,C74.0,topography,Adrenal gland,,cortex,,false,false,,false
458,109,A,C74.1,topography,Adrenal gland,,medulla,,false,false,,false
459,109,A,9080/0,morphology,Adult,,cystic teratoma,,false,false,,false
460,109,A,8904/0,morphology,Adult,,rhabdomyoma,,false,false,,false
461,109,A,9080/0,morphology,Adult,,"teratoma, cystic",,false,false,,false
462,109,A,9080/0,morphology,Adult,,"teratoma, NOS",,false,false,,false
463,109,A,8620/1,morphology,Adult,,"type, granulosa cell tumor (C56.9)",C56.9,false,false,,false
464,109,A,8901/3,morphology,Adult,,"type, pleomorphic rhabdomyosarcoma",,false,false,,false
465,109,A,9827/3,morphology,Adult T-cell,,leukemia (includes all variants),,false,false,,false
466,109,A,9827/3,morphology,Adult T-cell,,leukemia/lymphoma (HTLV-1 positive) (includes all variants),,false,false,,false
467,109,A,9827/3,morphology,Adult T-cell,,lymphoma (includes all variants),,false,false,,false
468,109,A,9827/3,morphology,Adult T-cell,,lymphoma/leukemia (includes all variants),,false,false,,false
469,109,A,8841/1,morphology,Aggressive,,angiomyxoma,,false,false,,false
470,109,A,8408/1,morphology,Aggressive,,digital papillary adenoma (C44._),,false,false,,false
471,109,A,8821/1,morphology,Aggressive,,fibromatosis,,false,false,,false
472,109,A,9741/3,morphology,Aggressive,,"mastocytosis, systemic",,false,false,,false
473,109,A,9948/3,morphology,Aggressive,,NK-cell leukemia,,false,false,,false
474,109,A,9200/1,morphology,Aggressive,,"osteoblastoma (C40._, C41._)",,false,false,,false
475,109,A,8408/1,morphology,Aggressive,,"papillary adenoma, digital (C44._)",,false,false,,false
476,109,A,9741/3,morphology,Aggressive,,systemic mastocytosis,,false,false,,false
477,109,A,9961/3,morphology,Agnogenic myeloid metaplasia,,Agnogenic myeloid metaplasia,,false,false,,true
478,109,A,9741/3,morphology,"AHNMD, systemic mastocytosis with",,"AHNMD, systemic mastocytosis with",,false,false,,true
479,109,A,9767/1,morphology,AIL (Angioimmunoblastic,,AIL (Angioimmunoblastic Lymphadenopathy),,false,false,,true
480,109,A,9705/3,morphology,"AILD, peripheral T-cell lymphoma",,"AILD, peripheral T-cell lymphoma (Angioimmunoblastic Lymphadenopathy with Dysproteinemia) [obs]",,true,false,,true
481,109,A,8077/2,morphology,AIN III,,AIN III (C21.1),C21.1,false,false,,true
482,109,A,C44.3,topography,Ala nasi,,Ala nasi,,false,false,,true
483,109,A,C26.9,topography,"Alimentary tract, NOS",,"Alimentary tract, NOS",,false,false,,true
484,109,A,9826/3,morphology,ALL,,B (see also 9687/3),,false,false,9687/3,false
485,109,A,9836/3,morphology,ALL,,common precursor B (see also 9728/3),,false,false,9728/3,false
486,109,A,9837/3,morphology,ALL,,cortical T (see also 9729/3),,false,false,9729/3,false
487,109,A,9836/3,morphology,ALL,,c (see also 9728/3),,false,false,9728/3,false
488,109,A,9837/3,morphology,ALL,,mature T (see also 9729/3),,false,false,9729/3,false
489,109,A,9836/3,morphology,ALL,,Pre-B (see also 9728/3),,false,false,9728/3,false
490,109,A,9836/3,morphology,ALL,,Pre-pre-B (see also 9728/3),,false,false,9728/3,false
491,109,A,9837/3,morphology,ALL,,Pre-T (see also 9729/3),,false,false,9729/3,false
492,109,A,9836/3,morphology,ALL,,Pro-B (see also 9728/3),,false,false,9728/3,false
493,109,A,9837/3,morphology,ALL,,Pro-T (see also 9729/3),,false,false,9729/3,false
494,109,A,8152/3,morphology,Alpha,,"cell tumor, malignant (C25._)",,false,false,,false
495,109,A,8152/1,morphology,Alpha,,"cell tumor, NOS (C25._)",,false,false,,false
496,109,A,9762/3,morphology,Alpha,,heavy chain disease,,false,false,,false
497,109,A,8251/3,morphology,Alveolar,,adenocarcinoma (C34._),,false,false,,false
498,109,A,8251/0,morphology,Alveolar,,adenoma (C34._),,false,false,,false
499,109,A,8902/3,morphology,Alveolar,,"and embryonal rhabdomyosarcoma, mixed",,false,false,,false
500,109,A,8251/3,morphology,Alveolar,,carcinoma (C34._),,false,false,,false
501,109,A,8250/3,morphology,Alveolar,,cell carcinoma (C34._),,false,false,,false
502,109,A,8920/3,morphology,Alveolar,,rhabdomyosarcoma,,false,false,,false
503,109,A,8902/3,morphology,Alveolar,,"rhabdomyosarcoma and embryonal rhabdomyosarcoma, mixed",,false,false,,false
504,109,A,9581/3,morphology,Alveolar,,soft part sarcoma,,false,false,,false
505,109,A,9133/3,morphology,Alveolar,,"tumor, intravascular bronchial (C34._)",,false,false,,false
506,109,A,C03.9,topography,Alveolar mucosa,,NOS,,false,false,,false
507,109,A,C03.1,topography,Alveolar mucosa,,lower,,false,false,,false
508,109,A,C03.0,topography,Alveolar mucosa,,upper,,false,false,,false
509,109,A,C03.9,topography,Alveolar ridge mucosa,,NOS,,false,false,,false
510,109,A,C03.1,topography,Alveolar ridge mucosa,,lower,,false,false,,false
511,109,A,C03.0,topography,Alveolar ridge mucosa,,upper,,false,false,,false
512,109,A,C06.1,topography,Alveolar sulcus,,Alveolar sulcus,,false,false,,true
513,110,A,C03.9,topography,Alveolus,,NOS,,false,false,,false
514,110,A,C03.1,topography,Alveolus,,lower,,false,false,,false
515,110,A,C03.0,topography,Alveolus,,upper,,false,false,,false
516,110,A,8745/3,morphology,Amelanotic desmoplastic melanoma,,Amelanotic desmoplastic melanoma (C44._),,false,false,,true
517,110,A,8730/3,morphology,Amelanotic melanoma (C44._),,Amelanotic melanoma (C44._),,false,false,,true
518,110,A,9270/3,morphology,Ameloblastic,,carcinoma (C41._),,false,false,,false
519,110,A,9271/0,morphology,Ameloblastic,,fibrodentinoma (C41._),,false,false,,false
520,110,A,9290/3,morphology,Ameloblastic,,fibrodentinosarcoma (C41._),,false,false,,false
521,110,A,9330/0,morphology,Ameloblastic,,fibroma (C41._),,false,false,,false
522,110,A,9290/0,morphology,Ameloblastic,,fibro-odontoma (C41._),,false,false,,false
523,110,A,9290/3,morphology,Ameloblastic,,fibro-odontosarcoma (C41._),,false,false,,false
524,110,A,9330/3,morphology,Ameloblastic,,fibrosarcoma (C41._),,false,false,,false
525,110,A,9290/3,morphology,Ameloblastic,,odontosarcoma (C41._),,false,false,,false
526,110,A,9330/3,morphology,Ameloblastic,,sarcoma (C41._),,false,false,,false
527,110,A,9310/3,morphology,"Ameloblastoma, malignant (C41._)",,"Ameloblastoma, malignant (C41._)",,false,false,,true
528,110,A,9310/0,morphology,"Ameloblastoma, NOS (C41._)",,"Ameloblastoma, NOS (C41._)",,false,false,,true
529,110,A,8152/1,morphology,"Amide producing tumor, pancreatic peptide",,"Amide producing tumor, pancreatic peptide and pancreatic peptide-like peptide within terminal tyrosine",,false,false,,true
530,110,A,,,"Amide producing tumor, pancreatic peptide",,"AML (see Leukemia, AML)",,false,false,,false
531,110,A,C24.1,topography,Ampulla of Vater,,Ampulla of Vater,,false,false,,true
532,110,A,C20.9,topography,"Ampulla, rectal",,"Ampulla, rectal",,false,false,,true
533,110,A,,,"Ampulla, rectal",,Amputation neuroma (see SNOMED),,false,true,,false
534,110,A,9769/1,morphology,"Amyloidosis, primary",,"Amyloidosis, primary",,false,false,,true
535,110,A,8345/3,morphology,"Amyloid stroma, medullary carcinoma with",,"Amyloid stroma, medullary carcinoma with (C73.9)",C73.9,false,false,,true
536,110,A,,,"Amyloid stroma, medullary carcinoma with",,Amyloid tumor (see SNOMED),,false,true,,false
537,110,A,8215/3,morphology,Anal,,ducts adenocarcinoma (C21.1),C21.1,false,false,,false
538,110,A,8215/3,morphology,Anal,,glands adenocarcinoma (C21.1),C21.1,false,false,,false
539,110,A,8077/2,morphology,Anal,,"intraepithelial neoplasia, grade III 9160/0 cellular (C21.1)",C21.1,false,false,,false
540,110,A,8077/0,morphology,Anal,,"intraepithelial neoplasia, low grade (C21.1)",C21.1,false,false,,false
541,110,A,C21.1,topography,Anal canal,,Anal canal,,false,false,,true
542,110,A,C21.1,topography,Anal sphincter,,Anal sphincter,,false,false,,true
543,110,A,9401/3,morphology,Anaplastic,,astrocytoma (C71._),,false,false,,false
544,110,A,8021/3,morphology,Anaplastic,,"carcinoma, NOS",,false,false,,false
545,110,A,9390/3,morphology,Anaplastic,,choroid plexus papilloma (C71.5),C71.5,false,false,,false
546,110,A,9392/3,morphology,Anaplastic,,ependymoma (C71._),,false,false,,false
547,110,A,9505/3,morphology,Anaplastic,,ganglioglioma,,false,false,,false
548,110,A,9082/3,morphology,Anaplastic,,malignant teratoma,,false,false,,false
549,110,A,9474/3,morphology,Anaplastic,,medulloblastoma,,false,false,,false
550,110,A,9530/3,morphology,Anaplastic,,meningioma (C70._),,false,false,,false
551,110,A,9382/3,morphology,Anaplastic,,oligoastrocytoma (C71._),,false,false,,false
552,110,A,9451/3,morphology,Anaplastic,,oligodendroglioma (C71._),,false,false,,false
553,110,A,9062/3,morphology,Anaplastic,,seminoma (C62._),,false,false,,false
554,110,A,9082/3,morphology,Anaplastic,,"teratoma, malignant",,false,false,,false
555,110,A,,,Alveolar sulcus,,"/-4 Anaplastic (see grading code, section 4.3.4)",,false,false,,false
556,110,A,9560/0,morphology,Ancient schwannoma,,Ancient schwannoma,,false,false,,true
557,110,A,8630/1,morphology,Androblastoma,,NOS,,false,false,,false
558,110,A,8630/0,morphology,Androblastoma,,benign,,false,false,,false
559,110,A,8630/3,morphology,Androblastoma,,malignant,,false,false,,false
560,110,A,8640/1,morphology,Androblastoma,,"tubular, NOS",,false,false,,false
561,110,A,8641/0,morphology,Androblastoma,,"tubular, with lipid storage (C56.9)",C56.9,false,false,,false
562,110,A,9980/3,morphology,Anemia,Refractory,NOS (C42.1),C42.1,false,false,,false
563,110,A,9984/3,morphology,Anemia,Refractory,with excess blasts in transformation (RAEB-T) (C42.1) [obs],C42.1,true,false,,false
564,110,A,9983/3,morphology,Anemia,Refractory,with excess blasts (RAEB) (C42.1),C42.1,false,false,,false
565,110,A,9980/3,morphology,Anemia,Refractory,without sideroblasts (C42.1),C42.1,false,false,,false
566,110,A,9982/3,morphology,Anemia,Refractory,with ringed sideroblasts (RARS) (C42.1),C42.1,false,false,,false
567,110,A,9982/3,morphology,Anemia,Refractory,with ring sideroblasts associated with marked thrombocytosis,,false,false,,false
568,110,A,9982/3,morphology,Anemia,Refractory,with sideroblasts (C42.1),C42.1,false,false,,false
569,110,A,,,Anemia,,Aneurysmal bone cyst (see SNOMED),,false,true,,false
570,110,A,9535/0,morphology,Angioblastic meningioma (C70._),,Angioblastic meningioma (C70._) [obs],,true,false,,true
571,110,A,9161/1,morphology,Angioblastoma,,Angioblastoma,,false,false,,true
572,110,A,9431/1,morphology,Angiocentric glioma,,Angiocentric glioma,,false,false,,true
573,110,A,9766/1,morphology,Angiocentric immunoproliferative lesion,,Angiocentric immunoproliferative lesion,,false,false,,true
574,110,A,9130/1,morphology,Angioendothelioma,,NOS,,false,false,,false
575,110,A,9135/1,morphology,Angioendothelioma,,endovascular papillary,,false,false,,false
576,110,A,9130/1,morphology,Angioendothelioma,,spindle cell,,false,false,,false
577,110,A,9712/3,morphology,Angioendotheliomatosis,,Angioendotheliomatosis,,false,false,,true
578,110,A,9160/0,morphology,Angiofibroma,,NOS,,false,false,,false
579,110,A,9160/0,morphology,Angiofibroma,,giant cell,,false,false,,false
580,110,A,9160/0,morphology,Angiofibroma,,juvenile,,false,false,,false
581,110,A,,,Angiofibroma,,"Angiofollicular hyperplasia, benign (see SNOMED)",,false,true,,false
582,110,A,9767/1,morphology,Angioimmunoblastic Lymphadenopathy,,Angioimmunoblastic Lymphadenopathy (AIL),,false,false,,true
583,110,A,9705/3,morphology,Angioimmunoblastic Lymphadenopathy,,"Angioimmunoblastic Lymphadenopathy with Dysproteinemia (AILD), peripheral",,false,false,,true
584,110,A,9141/0,morphology,Angiokeratoma,,Angiokeratoma,,false,false,,true
585,110,A,8894/0,morphology,Angioleiomyoma,,Angioleiomyoma,,false,false,,true
586,110,A,8856/0,morphology,"Angiolipoma, infiltrating",,"Angiolipoma, infiltrating",,false,false,,true
587,110,A,8861/0,morphology,"Angiolipoma, NOS",,"Angiolipoma, NOS",,false,false,,true
588,110,A,9120/0,morphology,"Angioma, NOS",,"Angioma, NOS",,false,false,,true
589,110,A,,,"Angioma, NOS",,"Angioma, spider (see SNOMED)",,false,true,,false
590,110,A,8836/1,morphology,Angiomatoid fibrous histiocytoma,,Angiomatoid fibrous histiocytoma,,false,false,,true
591,110,A,,,Angiomatoid fibrous histiocytoma,,"Angiomatosis, NOS (see SNOMED)",,false,true,,false
592,110,A,,,Angiomatoid fibrous histiocytoma,,Angiomatous lymphoid hamartoma (see SNOMED),,false,true,,false
593,110,A,9534/0,morphology,Angiomatous meningioma (C70._),,Angiomatous meningioma (C70._),,false,false,,true
594,111,A,8826/0,morphology,Angiomyofibroblastoma,,Angiomyofibroblastoma,,false,false,,true
595,111,A,8860/0,morphology,Angiomyolipoma,,Angiomyolipoma,,false,false,,true
596,111,A,8894/0,morphology,Angiomyoma,,Angiomyoma,,false,false,,true
597,111,A,8894/3,morphology,Angiomyosarcoma,,Angiomyosarcoma,,false,false,,true
598,111,A,8841/1,morphology,Angiomyxoma,,Angiomyxoma,,false,false,,true
599,111,A,8841/1,morphology,"Angiomyxoma, aggressive",,"Angiomyxoma, aggressive",,false,false,,true
600,111,A,9120/3,morphology,Angiosarcoma,,Angiosarcoma,,false,false,,true
601,111,A,C76.5,topography,Ankle,,NOS,,false,false,,false
602,111,A,C44.7,topography,Ankle,,"NOS (carcinoma, melanoma, nevus) C31.0 maxillary",,false,false,,false
603,111,A,C49.2,topography,Ankle,,"NOS (sarcoma, lipoma)",,false,false,,false
604,111,A,C47.2,topography,Ankle,,autonomic nervous system,,false,false,,false
605,111,A,C40.3,topography,Ankle,,bone,,false,false,,false
606,111,A,C49.2,topography,Ankle,,connective tissue,,false,false,,false
607,111,A,C49.2,topography,Ankle,,fibrous tissue,,false,false,,false
608,111,A,C40.3,topography,Ankle,,joint,,false,false,,false
609,111,A,C47.2,topography,Ankle,,peripheral nerve,,false,false,,false
610,111,A,C44.7,topography,Ankle,,skin,,false,false,,false
611,111,A,C49.2,topography,Ankle,,soft tissue,,false,false,,false
612,111,A,C49.2,topography,Ankle,,subcutaneous tissue,,false,false,,false
613,111,A,C49.2,topography,Ankle,,tendon,,false,false,,false
614,111,A,C49.2,topography,Ankle,,tendon sheath,,false,false,,false
615,111,A,9363/0,morphology,"Anlage tumor, retinal",,"Anlage tumor, retinal",,false,false,,true
616,111,A,8623/1,morphology,"Annular tubules, sex cord tumor with",,"Annular tubules, sex cord tumor with (C56.9)",C56.9,false,false,,true
617,111,A,C21.8,topography,Anorectal junction,,Anorectal junction,,false,false,,true
618,111,A,C21.8,topography,Anorectum,,Anorectum,,false,false,,true
619,111,A,C76.4,topography,Antecubital space,,NOS,,false,false,,false
620,111,A,C44.6,topography,Antecubital space,,"NOS (carcinoma, melanoma, nevus)",,false,false,,false
621,111,A,C49.1,topography,Antecubital space,,"NOS (sarcoma, lipoma)",,false,false,,false
622,111,A,C49.1,topography,Antecubital space,,adipose tissue,,false,false,,false
623,111,A,C47.1,topography,Antecubital space,,autonomic nervous system,,false,false,,false
624,111,A,C49.1,topography,Antecubital space,,connective tissue,,false,false,,false
625,111,A,C49.1,topography,Antecubital space,,fatty tissue,,false,false,,false
626,111,A,C49.1,topography,Antecubital space,,fibrous tissue,,false,false,,false
627,111,A,C47.1,topography,Antecubital space,,peripheral nerve,,false,false,,false
628,111,A,C44.6,topography,Antecubital space,,skin,,false,false,,false
629,111,A,C49.1,topography,Antecubital space,,soft tissue,,false,false,,false
630,111,A,C49.1,topography,Antecubital space,,subcutaneous tissue,,false,false,,false
631,111,A,C71.9,topography,Anterior,,cranial fossa,,false,false,,false
632,111,A,C04.0,topography,Anterior,,floor of mouth,,false,false,,false
633,111,A,C38.1,topography,Anterior,,mediastinum,,false,false,,false
634,111,A,C10.1,topography,Anterior,,surface of epiglottis,,false,false,,false
635,111,A,C02.3,topography,Anterior 2/3 of tongue,,NOS,,false,false,,false
636,111,A,C02.0,topography,Anterior 2/3 of tongue,,dorsal surface,,false,false,,false
637,111,A,C02.2,topography,Anterior 2/3 of tongue,,ventral surface,,false,false,,false
638,111,A,C02.3,topography,Anterior tongue,,NOS,,false,false,,false
639,111,A,C02.0,topography,Anterior tongue,,dorsal surface,,false,false,,false
640,111,A,C02.2,topography,Anterior tongue,,ventral surface,,false,false,,false
641,111,A,C67.3,topography,Anterior wall,,bladder,,false,false,,false
642,111,A,C11.3,topography,Anterior wall,,nasopharynx,,false,false,,false
643,111,A,C16.8,topography,Anterior wall,,"stomach, NOS (not classifiable to C16.0 to C16.4)",,false,false,,false
644,111,A,C31.0,topography,Antrum,,NOS,,false,false,,false
645,111,A,C16.3,topography,Antrum,,gastric,,false,false,,false
646,111,A,C30.1,topography,Antrum,,mastoid,,false,false,,false
647,111,A,C16.3,topography,Antrum,,pyloric,,false,false,,false
648,111,A,C16.3,topography,Antrum,,stomach,,false,false,,false
649,111,A,C21.0,topography,"Anus, NOS (excludes skin of anus and",,"Anus, NOS (excludes skin of anus and perianal skin C44.5)",,false,false,,true
650,111,A,C44.5,topography,"Anus, skin",,"Anus, skin",,false,false,,true
651,111,A,C49.4,topography,"Aorta, abdominal",,"Aorta, abdominal",,false,false,,true
652,111,A,C49.3,topography,"Aorta, NOS",,"Aorta, NOS",,false,false,,true
653,111,A,C75.5,topography,Aortic body,,Aortic body,,false,false,,true
654,111,A,8691/1,morphology,Aortic body paraganglioma,,Aortic body paraganglioma (C75.5),C75.5,false,false,,true
655,111,A,8691/1,morphology,Aortic body tumor,,Aortic body tumor (C75.5),C75.5,false,false,,true
656,111,A,C77.2,topography,Aortic lymph node,,Aortic lymph node,,false,false,,true
657,111,A,8691/1,morphology,Aorticopulmonary paraganglioma,,Aorticopulmonary paraganglioma (C75.5),C75.5,false,false,,true
658,111,A,8401/3,morphology,Apocrine,,adenocarcinoma,,false,false,,false
659,111,A,8401/0,morphology,Apocrine,,adenoma,,false,false,,false
660,111,A,8401/0,morphology,Apocrine,,cystadenoma,,false,false,,false
661,111,A,8573/3,morphology,Apocrine,,"metaplasia, adenocarcinoma with",,false,false,,false
662,111,A,8573/3,morphology,Apocrine,,"metaplasia, carcinoma with",,false,false,,false
663,111,A,9044/3,morphology,"Aponeuroses and tendons, clear cell",,"Aponeuroses and tendons, clear cell sarcoma, (C49._)",,false,false,,true
664,111,A,C49.9,topography,Aponeurosis,,NOS,,false,false,,false
665,111,A,C49.1,topography,Aponeurosis,,palmar,,false,false,,false
666,111,A,C49.2,topography,Aponeurosis,,plantar,,false,false,,false
667,111,A,,,Aponeurosis,,"Aponeurotic fibroma, juvenile (see SNOMED)",,false,true,,false
668,111,A,,,Aponeurosis,,Appendage (see skin appendage),,false,false,,false
669,111,A,8480/1,morphology,"Appendiceal mucinous neoplasm, low",,"Appendiceal mucinous neoplasm, low grade (C18.1)",C18.1,false,false,,true
670,111,A,C18.1,topography,Appendix,,Appendix,,false,false,,true
671,111,A,8248/1,morphology,Apudoma,,Apudoma,,false,false,,true
672,111,A,C70.9,topography,Arachnoid,,NOS,,false,false,,false
673,111,A,C70.0,topography,Arachnoid,,intracranial,,false,false,,false
674,111,A,C70.1,topography,Arachnoid,,spinal,,false,false,,false
675,111,A,9471/3,morphology,"Arachnoidal cerebellar sarcoma,",,"Arachnoidal cerebellar sarcoma, circumscribed (C71.6) [obs]",C71.6,true,false,,true
676,111,A,C50.0,topography,Areola,,Areola,,false,false,,true
677,111,A,8241/3,morphology,"Argentaffin carcinoid tumor, malignant",,"Argentaffin carcinoid tumor, malignant",,false,false,,true
678,111,A,8240/1,morphology,"Argentaffin carcinoid tumor, NOS",,"Argentaffin carcinoid tumor, NOS",,false,false,,true
679,112,A,8241/3,morphology,"Argentaffinoma, malignant",,"Argentaffinoma, malignant [obs]",,true,false,,true
680,112,A,8240/1,morphology,"Argentaffinoma, NOS",,"Argentaffinoma, NOS [obs]",,true,false,,true
681,112,A,C76.4,topography,Arm,,NOS,,false,false,,false
682,112,A,C44.6,topography,Arm,,"NOS (carcinoma, melanoma, nevus) 8503/3 intracystic papillary neoplasm",,false,false,,false
683,112,A,C49.1,topography,Arm,,"NOS (sarcoma, lipoma)",,false,false,,false
684,112,A,C49.1,topography,Arm,,adipose tissue,,false,false,,false
685,112,A,C47.1,topography,Arm,,autonomic nervous system,,false,false,,false
686,112,A,C40.0,topography,Arm,,bone,,false,false,,false
687,112,A,C49.1,topography,Arm,,connective tissue,,false,false,,false
688,112,A,C49.1,topography,Arm,,fatty tissue,,false,false,,false
689,112,A,C49.1,topography,Arm,,fibrous tissue,,false,false,,false
690,112,A,C77.3,topography,Arm,,lymph node,,false,false,,false
691,112,A,C49.1,topography,Arm,,muscle,,false,false,,false
692,112,A,C47.1,topography,Arm,,peripheral nerve,,false,false,,false
693,112,A,C49.1,topography,Arm,,skeletal muscle,,false,false,,false
694,112,A,C44.6,topography,Arm,,skin,,false,false,,false
695,112,A,C49.1,topography,Arm,,soft tissue,,false,false,,false
696,112,A,C49.1,topography,Arm,,subcutaneous tissue,,false,false,,false
697,112,A,C49.1,topography,Arm,,tendon,,false,false,,false
698,112,A,C49.1,topography,Arm,,tendon sheath,,false,false,,false
699,112,A,8630/1,morphology,Arrhenoblastoma,,NOS,,false,false,,false
700,112,A,8630/0,morphology,Arrhenoblastoma,,benign,,false,false,,false
701,112,A,8630/3,morphology,Arrhenoblastoma,,malignant,,false,false,,false
702,112,A,9123/0,morphology,Arteriovenous hemangioma,,Arteriovenous hemangioma,,false,false,,true
703,112,A,C49.9,topography,Artery,,NOS,,false,false,,false
704,112,A,C49.4,topography,Artery,,"aorta, abdominal",,false,false,,false
705,112,A,C49.3,topography,Artery,,"aorta, NOS",,false,false,,false
706,112,A,C49.3,topography,Artery,,axillary,,false,false,,false
707,112,A,C49.0,topography,Artery,,carotid,,false,false,,false
708,112,A,C49.4,topography,Artery,,celiac,,false,false,,false
709,112,A,C49.2,topography,Artery,,femoral,,false,false,,false
710,112,A,C49.5,topography,Artery,,iliac,,false,false,,false
711,112,A,C49.3,topography,Artery,,internal mammary,,false,false,,false
712,112,A,C49.4,topography,Artery,,mesenteric,,false,false,,false
713,112,A,C49.1,topography,Artery,,radial,,false,false,,false
714,112,A,C49.4,topography,Artery,,renal,,false,false,,false
715,112,A,C49.3,topography,Artery,,subclavian,,false,false,,false
716,112,A,C49.1,topography,Artery,,ulnar,,false,false,,false
717,112,A,C40.9,topography,"Articular cartilage, limb, NOS",,"Articular cartilage, limb, NOS",,false,false,,true
718,112,A,C41.9,topography,"Articular cartilage, NOS",,"Articular cartilage, NOS",,false,false,,true
719,112,A,C13.1,topography,Aryepiglottic fold,,NOS (excludes laryngeal aspect of 8513/3 medullary carcinoma (C50._) aryepiglottic fold C32.1),,false,false,,false
720,112,A,C13.1,topography,Aryepiglottic fold,,hypopharyngeal aspect,,false,false,,false
721,112,A,C32.1,topography,Aryepiglottic fold,,laryngeal aspect,,false,false,,false
722,112,A,C32.3,topography,Arytenoid cartilage,,Arytenoid cartilage,,false,false,,true
723,112,A,C13.1,topography,Arytenoid fold,,Arytenoid fold,,false,false,,true
724,112,A,C18.2,topography,Ascending colon,,Ascending colon,,false,false,,true
725,112,A,9365/3,morphology,Askin tumor,,Askin tumor,,false,false,,true
726,112,A,9741/3,morphology,Associated hematological clonal non-mast,,"Associated hematological clonal non-mast cell disorder, systemic mastocytosis with",,false,false,,true
727,112,A,8453/3,morphology,Associated invasive carcinoma (with),,intraductal papillary-mucinous neoplasm,,false,false,,false
728,112,A,8503/3,morphology,Associated invasive carcinoma (with),,intraductal papillary neoplasm,,false,false,,false
729,112,A,8470/3,morphology,Associated invasive carcinoma (with),,mucinous cystic neoplasm (C25._),,false,false,,false
730,112,A,8470/3,morphology,Associated invasive carcinoma (with),,mucinous cystic tumor (C25._),,false,false,,false
731,112,A,9430/3,morphology,Astroblastoma (C71._),,Astroblastoma (C71._),,false,false,,true
732,112,A,9400/3,morphology,Astrocytic glioma (C71._),,Astrocytic glioma (C71._),,false,false,,true
733,112,A,9400/3,morphology,Astrocytoma,,NOS (C71._),,false,false,,false
734,112,A,9401/3,morphology,Astrocytoma,,anaplastic (C71._),,false,false,,false
735,112,A,9400/3,morphology,Astrocytoma,,cystic (C71._) [obs],,true,false,,false
736,112,A,9412/1,morphology,Astrocytoma,,desmoplastic infantile (C71._),,false,false,,false
737,112,A,9400/3,morphology,Astrocytoma,,diffuse (C71._),,false,false,,false
738,112,A,9400/3,morphology,Astrocytoma,,"diffuse, low grade (C71._)",,false,false,,false
739,112,A,9420/3,morphology,Astrocytoma,,fibrillary (C71._),,false,false,,false
740,112,A,9420/3,morphology,Astrocytoma,,fibrous (C71._),,false,false,,false
741,112,A,9411/3,morphology,Astrocytoma,,gemistocytic (C71._),,false,false,,false
742,112,A,9421/1,morphology,Astrocytoma,,juvenile (C71._),,false,false,,false
743,112,A,9400/3,morphology,Astrocytoma,,low grade (C71._),,false,false,,false
744,112,A,9400/3,morphology,Astrocytoma,,low grade diffuse (C71._),,false,false,,false
745,112,A,9421/1,morphology,Astrocytoma,,pilocytic (C71._),,false,false,,false
746,112,A,9421/1,morphology,Astrocytoma,,piloid (C71._),,false,false,,false
747,112,A,9425/3,morphology,Astrocytoma,,pilomyxoid,,false,false,,false
748,112,A,9410/3,morphology,Astrocytoma,,protoplasmic (C71._),,false,false,,false
749,112,A,9384/1,morphology,Astrocytoma,,"subependymal, giant cell (C71._)",,false,false,,false
750,112,A,9383/1,morphology,Astrocytoma,,"subependymal, NOS (C71._)",,false,false,,false
751,112,A,9400/3,morphology,Astroglioma (C71._),,Astroglioma (C71._) [obs],,true,false,,true
752,112,A,C41.2,topography,Atlas,,Atlas,,false,false,,true
753,112,A,C38.0,topography,"Atrium, cardiac",,"Atrium, cardiac",,false,false,,true
754,112,A,8140/1,morphology,Atypical,,adenoma,,false,false,,false
755,112,A,8249/3,morphology,Atypical,,carcinoid tumor,,false,false,,false
756,112,A,9390/1,morphology,Atypical,,choroid plexus papilloma (C71.5),C71.5,false,false,,false
757,112,A,8830/1,morphology,Atypical,,fibrous histiocytoma,,false,false,,false
758,112,A,8830/1,morphology,Atypical,,fibroxanthoma,,false,false,,false
759,112,A,8330/1,morphology,Atypical,,follicular adenoma (C73.9),C73.9,false,false,,false
760,112,A,,,Atypical,,hyperplasia (see SNOMED),,false,true,,false
761,112,A,8893/0,morphology,Atypical,,leiomyoma,,false,false,,false
762,112,A,8850/1,morphology,Atypical,,lipoma,,false,false,,false
763,112,A,9539/1,morphology,Atypical,,meningioma (C70._),,false,false,,false
764,112,A,8932/0,morphology,Atypical,,polypoid adenomyoma,,false,false,,false
765,112,A,8444/1,morphology,Atypical,,proliferating clear cell tumor (C56.9),C56.9,false,false,,false
766,112,A,8442/1,morphology,Atypical,,proliferating serous tumor (C56.9),C56.9,false,false,,false
767,112,A,8380/1,morphology,Atypical,Proliferative,endometrioid tumor,,false,false,,false
768,112,A,8472/1,morphology,Atypical,Proliferative,mucinous tumor (C56.9),C56.9,false,false,,false
769,112,A,8462/1,morphology,Atypical,Proliferative,papillary serous tumor (C56.9),C56.9,false,false,,false
770,113,A,9508/3,morphology,Atypical,,teratoid/rhabdoid tumor (C71._),,false,false,,false
771,113,A,8585/3,morphology,Atypical,,"thymoma, malignant (C37.9)",C37.9,false,false,,false
772,113,A,8585/1,morphology,Atypical,,"thymoma, NOS (C37.9)",C37.9,false,false,,false
773,113,A,C44.2,topography,Auditory,,"canal, external",,false,false,,false
774,113,A,C44.2,topography,Auditory,,"canal, NOS",,false,false,,false
775,113,A,C44.2,topography,Auditory,,"meatus, external",,false,false,,false
776,113,A,C30.1,topography,Auditory,,tube,,false,false,,false
777,113,A,C44.2,topography,"Auricle, NOS",,"Auricle, NOS",,false,false,,true
778,113,A,C44.2,topography,"Auricle, skin",,"Auricle, skin",,false,false,,true
779,113,A,C44.2,topography,Auricular,,"canal, external",,false,false,,false
780,113,A,C44.2,topography,Auricular,,"canal, NOS",,false,false,,false
781,113,A,C49.0,topography,Auricular,,cartilage,,false,false,,false
782,113,A,C77.0,topography,Auricular,,lymph node,,false,false,,false
783,113,A,8936/1,morphology,"Autonomic nerve tumor, gastrointestinal",,"Autonomic nerve tumor, gastrointestinal",,false,false,,true
784,113,A,C47.9,topography,Autonomic nervous system,,NOS,,false,false,,false
785,113,A,C47.4,topography,Autonomic nervous system,,abdomen,,false,false,,false
786,113,A,C47.4,topography,Autonomic nervous system,,abdominal wall,,false,false,,false
787,113,A,C47.2,topography,Autonomic nervous system,,ankle,,false,false,,false
788,113,A,C47.1,topography,Autonomic nervous system,,antecubital space,,false,false,,false
789,113,A,C47.1,topography,Autonomic nervous system,,arm,,false,false,,false
790,113,A,C47.3,topography,Autonomic nervous system,,axilla,,false,false,,false
791,113,A,C47.6,topography,Autonomic nervous system,,back,,false,false,,false
792,113,A,C47.5,topography,Autonomic nervous system,,buttock,,false,false,,false
793,113,A,C47.2,topography,Autonomic nervous system,,calf,,false,false,,false
794,113,A,C47.0,topography,Autonomic nervous system,,cervical region,,false,false,,false
795,113,A,C47.0,topography,Autonomic nervous system,,cheek,,false,false,,false
796,113,A,C47.3,topography,Autonomic nervous system,,chest,,false,false,,false
797,113,A,C47.3,topography,Autonomic nervous system,,chest wall,,false,false,,false
798,113,A,C47.0,topography,Autonomic nervous system,,chin,,false,false,,false
799,113,A,C47.1,topography,Autonomic nervous system,,elbow,,false,false,,false
800,113,A,C47.0,topography,Autonomic nervous system,,face,,false,false,,false
801,113,A,C47.1,topography,Autonomic nervous system,,finger,,false,false,,false
802,113,A,C47.6,topography,Autonomic nervous system,,flank,,false,false,,false
803,113,A,C47.2,topography,Autonomic nervous system,,foot,,false,false,,false
804,113,A,C47.1,topography,Autonomic nervous system,,forearm,,false,false,,false
805,113,A,C47.0,topography,Autonomic nervous system,,forehead,,false,false,,false
806,113,A,C47.5,topography,Autonomic nervous system,,gluteal region,,false,false,,false
807,113,A,C47.5,topography,Autonomic nervous system,,groin,,false,false,,false
808,113,A,C47.1,topography,Autonomic nervous system,,hand,,false,false,,false
809,113,A,C47.0,topography,Autonomic nervous system,,head,,false,false,,false
810,113,A,C47.2,topography,Autonomic nervous system,,heel,,false,false,,false
811,113,A,C47.2,topography,Autonomic nervous system,,hip,,false,false,,false
812,113,A,C47.3,topography,Autonomic nervous system,,infraclavicular region,,false,false,,false
813,113,A,C47.5,topography,Autonomic nervous system,,inguinal region,,false,false,,false
814,113,A,C47.2,topography,Autonomic nervous system,,knee,,false,false,,false
815,113,A,C47.2,topography,Autonomic nervous system,,leg,,false,false,,false
816,113,A,C47.0,topography,Autonomic nervous system,,neck,,false,false,,false
817,113,A,C69.6,topography,Autonomic nervous system,,orbit,,false,false,,false
818,113,A,C47.5,topography,Autonomic nervous system,,pelvis,,false,false,,false
819,113,A,C47.5,topography,Autonomic nervous system,,perineum,,false,false,,false
820,113,A,C47.2,topography,Autonomic nervous system,,popliteal space,,false,false,,false
821,113,A,C47.0,topography,Autonomic nervous system,,pterygoid fossa,,false,false,,false
822,113,A,C47.5,topography,Autonomic nervous system,,sacrococcygeal region,,false,false,,false
823,113,A,C47.0,topography,Autonomic nervous system,,scalp,,false,false,,false
824,113,A,C47.3,topography,Autonomic nervous system,,scapular region,,false,false,,false
825,113,A,C47.1,topography,Autonomic nervous system,,shoulder,,false,false,,false
826,113,A,C47.0,topography,Autonomic nervous system,,supraclavicular region,,false,false,,false
827,113,A,C47.0,topography,Autonomic nervous system,,temple,,false,false,,false
828,113,A,C47.2,topography,Autonomic nervous system,,thigh,,false,false,,false
829,113,A,C47.3,topography,Autonomic nervous system,,thoracic wall,,false,false,,false
830,113,A,C47.3,topography,Autonomic nervous system,,"thorax (excludes thymus, heart and mediastinum C37._, C38._)",,false,false,,false
831,113,A,C47.1,topography,Autonomic nervous system,,thumb,,false,false,,false
832,113,A,C47.2,topography,Autonomic nervous system,,toe,,false,false,,false
833,113,A,C47.6,topography,Autonomic nervous system,,trunk,,false,false,,false
834,113,A,C47.4,topography,Autonomic nervous system,,umbilicus,,false,false,,false
835,113,A,C47.1,topography,Autonomic nervous system,,wrist,,false,false,,false
836,113,A,C76.1,topography,Axilla,,NOS,,false,false,,false
837,113,A,C44.5,topography,Axilla,,"NOS (carcinoma, melanoma, nevus)",,false,false,,false
838,113,A,C49.3,topography,Axilla,,"NOS (sarcoma, lipoma)",,false,false,,false
839,113,A,C49.3,topography,Axilla,,adipose tissue,,false,false,,false
840,113,A,C47.3,topography,Axilla,,autonomic nervous system,,false,false,,false
841,113,A,C49.3,topography,Axilla,,connective tissue,,false,false,,false
842,113,A,C49.3,topography,Axilla,,fatty tissue,,false,false,,false
843,113,A,C49.3,topography,Axilla,,fibrous tissue,,false,false,,false
844,113,A,C77.3,topography,Axilla,,lymph node,,false,false,,false
845,113,A,C47.3,topography,Axilla,,peripheral nerve,,false,false,,false
846,113,A,C44.5,topography,Axilla,,skin,,false,false,,false
847,113,A,C49.3,topography,Axilla,,soft tissue,,false,false,,false
848,113,A,C49.3,topography,Axilla,,subcutaneous tissue,,false,false,,false
849,113,A,C49.3,topography,Axillary,,artery,,false,false,,false
850,113,A,C77.3,topography,Axillary,,lymph node,,false,false,,false
851,113,A,C50.6,topography,Axillary,,tail of breast,,false,false,,false
852,113,A,C41.2,topography,Axis,,Axis,,false,false,,true
853,114,B,C76.7,topography,Back,,NOS,,false,false,,false
854,114,B,C44.5,topography,Back,,"NOS (carcinoma, melanoma, nevus)",,false,false,,false
855,114,B,C49.6,topography,Back,,"NOS (sarcoma, lipoma)",,false,false,,false
856,114,B,C49.6,topography,Back,,adipose tissue,,false,false,,false
857,114,B,C47.6,topography,Back,,autonomic nervous system,,false,false,,false
858,114,B,C41.2,topography,Back,,bone,,false,false,,false
859,114,B,C49.6,topography,Back,,connective tissue,,false,false,,false
860,114,B,C49.6,topography,Back,,fascia,,false,false,,false
861,114,B,C49.6,topography,Back,,fatty tissue,,false,false,,false
862,114,B,C49.6,topography,Back,,fibrous tissue,,false,false,,false
863,114,B,C49.6,topography,Back,,muscle,,false,false,,false
864,114,B,C47.6,topography,Back,,peripheral nerve,,false,false,,false
865,114,B,C49.6,topography,Back,,skeletal muscle,,false,false,,false
866,114,B,C44.5,topography,Back,,skin,,false,false,,false
867,114,B,C49.6,topography,Back,,soft tissue,,false,false,,false
868,114,B,C49.6,topography,Back,,subcutaneous tissue,,false,false,,false
869,114,B,C49.6,topography,Back,,tendon,,false,false,,false
870,114,B,C49.6,topography,Back,,tendon sheath,,false,false,,false
871,114,B,9826/3,morphology,B-ALL (see also 9687/3),,B-ALL (see also 9687/3),,false,false,9687/3,true
872,114,B,9836/3,morphology,"B-ALL, common precursor (see also 9728/3)",,"B-ALL, common precursor (see also 9728/3)",,false,false,9728/3,true
873,114,B,8722/3,morphology,Balloon cell melanoma (C44._),,Balloon cell melanoma (C44._),,false,false,,true
874,114,B,8722/0,morphology,Balloon cell nevus (C44._),,Balloon cell nevus (C44._),,false,false,,true
875,114,B,9699/3,morphology,BALT lymphoma,,BALT lymphoma,,false,false,,true
876,114,B,,,BALT lymphoma,,Barrett esophagus (see SNOMED),,false,true,,false
877,114,B,C51.0,topography,Bartholin gland,,Bartholin gland,,false,false,,true
878,114,B,8098/3,morphology,"Basal carcinoma, adenoid (C53._)",,"Basal carcinoma, adenoid (C53._)",,false,false,,true
879,114,B,8147/3,morphology,Basal cell,,"adenocarcinoma (C07._, C08._)",,false,false,,false
880,114,B,8147/0,morphology,Basal cell,,"adenoma (C07._, C08._)",,false,false,,false
881,114,B,8090/3,morphology,Basal cell,Carcinoma,NOS (C44._),,false,false,,false
882,114,B,8092/3,morphology,Basal cell,Carcinoma,desmoplastic type (C44._),,false,false,,false
883,114,B,8093/3,morphology,Basal cell,Carcinoma,fibroepithelial (C44._),,false,false,,false
884,114,B,8093/3,morphology,Basal cell,Carcinoma,"fibroepithelial, Pinkus type",,false,false,,false
885,114,B,8092/3,morphology,Basal cell,Carcinoma,"infiltrating, non-sclerosing (C44._)",,false,false,,false
886,114,B,8092/3,morphology,Basal cell,Carcinoma,"infiltrating, NOS (C44._)",,false,false,,false
887,114,B,8092/3,morphology,Basal cell,Carcinoma,"infiltrating, sclerosing (C44._)",,false,false,,false
888,114,B,8097/3,morphology,Basal cell,Carcinoma,micronodular (C44._),,false,false,,false
889,114,B,8092/3,morphology,Basal cell,Carcinoma,morpheic (C44._),,false,false,,false
890,114,B,8091/3,morphology,Basal cell,Carcinoma,multicentric (C44._),,false,false,,false
891,114,B,8091/3,morphology,Basal cell,Carcinoma,multifocal superficial (C44._),,false,false,,false
892,114,B,8097/3,morphology,Basal cell,Carcinoma,nodular (C44._),,false,false,,false
893,114,B,8090/3,morphology,Basal cell,Carcinoma,pigmented (C44._),,false,false,,false
894,114,B,8090/3,morphology,Basal cell,,epithelioma (C44._),,false,false,,false
895,114,B,,,Basal cell,,papilloma (see SNOMED),,false,true,,false
896,114,B,8090/1,morphology,Basal cell,,tumor (C44._),,false,false,,false
897,114,B,C71.0,topography,Basal ganglia,,Basal ganglia,,false,false,,true
898,114,B,8123/3,morphology,Basaloid carcinoma,,Basaloid carcinoma (C21.1),C21.1,false,false,,true
899,114,B,8083/3,morphology,Basaloid squamous cell carcinoma,,Basaloid squamous cell carcinoma,,false,false,,true
900,114,B,8094/3,morphology,"Basal-squamous cell carcinoma, mixed",,"Basal-squamous cell carcinoma, mixed (C44._)",,false,false,,true
901,114,B,C01.9,topography,"Base of tongue, dorsal surface",,"Base of tongue, dorsal surface",,false,false,,true
902,114,B,C01.9,topography,"Base of tongue, NOS",,"Base of tongue, NOS",,false,false,,true
903,114,B,C71.7,topography,Basis pedunculi,,Basis pedunculi,,false,false,,true
904,114,B,8281/0,morphology,Basophil,,"acidophil adenoma, mixed (C75.1)",C75.1,false,false,,false
905,114,B,8281/3,morphology,Basophil,,"acidophil carcinoma, mixed (C75.1)",C75.1,false,false,,false
906,114,B,8300/3,morphology,Basophil,,adenocarcinoma (C75.1),C75.1,false,false,,false
907,114,B,8300/0,morphology,Basophil,,adenoma (C75.1),C75.1,false,false,,false
908,114,B,8300/3,morphology,Basophil,,carcinoma (C75.1),C75.1,false,false,,false
909,114,B,8281/0,morphology,"Basophil-acidophil adenoma, mixed",,"Basophil-acidophil adenoma, mixed (C75.1)",C75.1,false,false,,true
910,114,B,8281/3,morphology,"Basophil-acidophil carcinoma, mixed",,"Basophil-acidophil carcinoma, mixed (C75.1)",C75.1,false,false,,true
911,114,B,8094/3,morphology,Basosquamous carcinoma (C44._),,Basosquamous carcinoma (C44._),,false,false,,true
912,114,B,,,Basosquamous carcinoma (C44._),,Basosquamous papilloma (see SNOMED),,false,true,,false
913,114,B,9591/3,morphology,"B-cell lymphoma/leukemia, splenic,",,"B-cell lymphoma/leukemia, splenic, unclassifiable",,false,false,,true
914,114,B,8833/3,morphology,Bednar tumor (C44._),,Bednar tumor (C44._),,false,false,,true
915,114,B,8319/3,morphology,Bellini duct carcinoma,,Bellini duct carcinoma (C64.9),C64.9,false,false,,true
916,114,B,,,Bellini duct carcinoma,,"/0 Benign (see behavior code, section 4.3.3)",,false,false,,false
917,114,B,8151/0,morphology,Beta cell adenoma (C25._),,Beta cell adenoma (C25._),,false,false,,true
918,114,B,8151/3,morphology,"Beta cell tumor, malignant (C25._)",,"Beta cell tumor, malignant (C25._)",,false,false,,true
919,114,B,C49.1,topography,Biceps brachii muscle,,Biceps brachii muscle,,false,false,,true
920,114,B,C49.2,topography,Biceps femoris muscle,,Biceps femoris muscle,,false,false,,true
921,114,B,8160/3,morphology,Bile duct (morphology),,"adenocarcinoma (C22.1, C24.0)",,false,false,,false
922,114,B,8160/0,morphology,Bile duct (morphology),,"adenoma (C22.1, C24.0)",,false,false,,false
923,114,B,8180/3,morphology,Bile duct (morphology),,"carcinoma and hepatocellular carcinoma, mixed (C22.0)",C22.0,false,false,,false
924,114,B,8160/3,morphology,Bile duct (morphology),,"carcinoma (C22.1, C24.0)",,false,false,,false
925,114,B,8161/3,morphology,Bile duct (morphology),,"cystadenocarcinoma (C22.1, C24.0)",,false,false,,false
926,114,B,8161/0,morphology,Bile duct (morphology),,"cystadenoma (C22.1, C24.0)",,false,false,,false
927,114,B,C24.0,topography,Bile duct (topography),,NOS,,false,false,,false
928,114,B,C24.0,topography,Bile duct (topography),,common,,false,false,,false
929,114,B,C24.0,topography,Bile duct (topography),,cystic,,false,false,,false
930,114,B,C24.0,topography,Bile duct (topography),,extrahepatic,,false,false,,false
931,114,B,C24.0,topography,Bile duct (topography),,hepatic,,false,false,,false
932,114,B,C22.1,topography,Bile duct (topography),,intrahepatic,,false,false,,false
933,114,B,8148/2,morphology,Biliary (morphology),,grade 3 intraepithelial neoplasia (BilIN-3),,false,false,,false
934,114,B,8148/2,morphology,Biliary (morphology),,high grade intraepithelial neoplasia,,false,false,,false
935,114,B,8148/2,morphology,Biliary (morphology),Intraepithelial neoplasia,grade 3 (BilIN-3),,false,false,,false
936,114,B,8148/2,morphology,Biliary (morphology),Intraepithelial neoplasia,high grade,,false,false,,false
937,114,B,8148/0,morphology,Biliary (morphology),Intraepithelial neoplasia,low grade,,false,false,,false
938,114,B,8148/0,morphology,Biliary (morphology),,low grade intraepithelial neoplasia,,false,false,,false
939,114,B,8264/0,morphology,Biliary (morphology),,"papillomatosis (C22.1, C24.0)",,false,false,,false
940,115,B,C22.1,topography,Biliary (topography),,canaliculus,,false,false,,false
941,115,B,C24.0,topography,Biliary (topography),,"duct, NOS",,false,false,,false
942,115,B,C24.9,topography,Biliary (topography),,"tract, NOS",,false,false,,false
943,115,B,8148/2,morphology,"BilIN-3, biliary intraepithelial neoplasia,",,"BilIN-3, biliary intraepithelial neoplasia, grade 3",,false,false,,true
944,115,B,9053/3,morphology,Biphasic,,"mesothelioma, malignant",,false,false,,false
945,115,B,9053/3,morphology,Biphasic,,"mesothelioma, NOS",,false,false,,false
946,115,B,9043/3,morphology,Biphasic,,synovial sarcoma,,false,false,,false
947,115,B,,,Biphasic,,Birthmark (see SNOMED),,false,true,,false
948,115,B,8893/0,morphology,Bizarre leiomyoma,,Bizarre leiomyoma,,false,false,,true
949,115,B,8372/0,morphology,Black adenoma,,Black adenoma (C74.0),C74.0,false,false,,true
950,115,B,C67.9,topography,Bladder,,NOS,,false,false,,false
951,115,B,C67.3,topography,Bladder,,anterior wall,,false,false,,false
952,115,B,C67.1,topography,Bladder,,dome,,false,false,,false
953,115,B,C67.5,topography,Bladder,,internal urethral orifice,,false,false,,false
954,115,B,C67.2,topography,Bladder,,lateral wall,,false,false,,false
955,115,B,C67.5,topography,Bladder,,neck,,false,false,,false
956,115,B,C67.4,topography,Bladder,,posterior wall,,false,false,,false
957,115,B,C67.0,topography,Bladder,,trigone,,false,false,,false
958,115,B,C67.7,topography,Bladder,,urachus,,false,false,,false
959,115,B,C67.6,topography,Bladder,,ureteric orifice,,false,false,,false
960,115,B,C67.9,topography,Bladder,,"urinary, NOS",,false,false,,false
961,115,B,C67.3,topography,Bladder,,"wall, anterior",,false,false,,false
962,115,B,C67.2,topography,Bladder,,"wall, lateral",,false,false,,false
963,115,B,C67.9,topography,Bladder,,"wall, NOS",,false,false,,false
964,115,B,C67.4,topography,Bladder,,"wall, posterior",,false,false,,false
965,115,B,8120/1,morphology,"Bladder, papilloma of (C67._)",,"Bladder, papilloma of (C67._)",,false,false,,true
966,115,B,9727/3,morphology,Blastic plasmacytoid dendritic cell,,Blastic plasmacytoid dendritic cell neoplasm,,false,false,,true
967,115,B,8000/3,morphology,Blastoma,,NOS,,false,false,,false
968,115,B,8973/3,morphology,Blastoma,,pleuropulmonary,,false,false,,false
969,115,B,8972/3,morphology,Blastoma,,pulmonary (C34._),,false,false,,false
970,115,B,C42.0,topography,Blood,,Blood,,false,false,,true
971,115,B,C49.9,topography,"Blood vessel, NOS",,"Blood vessel, NOS",,false,false,,true
972,115,B,8780/0,morphology,Blue nevus,,NOS (C44._),,false,false,,false
973,115,B,8790/0,morphology,Blue nevus,,cellular (C44._),,false,false,,false
974,115,B,8780/0,morphology,Blue nevus,,Jadassohn (C44._),,false,false,,false
975,115,B,8780/3,morphology,Blue nevus,,malignant (C44._),,false,false,,false
976,115,B,C75.5,topography,Body,,aortic,,false,false,,false
977,115,B,C75.4,topography,Body,,carotid,,false,false,,false
978,115,B,C69.4,topography,Body,,ciliary,,false,false,,false
979,115,B,C75.5,topography,Body,,coccygeal,,false,false,,false
980,115,B,C25.1,topography,Body,,pancreas,,false,false,,false
981,115,B,C75.5,topography,Body,,para-aortic,,false,false,,false
982,115,B,C60.2,topography,Body,,penis,,false,false,,false
983,115,B,C16.2,topography,Body,,stomach,,false,false,,false
984,115,B,C54.9,topography,Body,,uterus,,false,false,,false
985,115,B,C57.7,topography,Body,,Wolffian,,false,false,,false
986,115,B,C41.9,topography,Bone,,NOS,,false,false,,false
987,115,B,C41.4,topography,Bone,,acetabulum,,false,false,,false
988,115,B,C40.3,topography,Bone,,ankle,,false,false,,false
989,115,B,C40.0,topography,Bone,,arm,,false,false,,false
990,115,B,C41.2,topography,Bone,,atlas,,false,false,,false
991,115,B,C41.2,topography,Bone,,axis,,false,false,,false
992,115,B,C41.2,topography,Bone,,back,,false,false,,false
993,115,B,C41.0,topography,Bone,,calvarium,,false,false,,false
994,115,B,C40.1,topography,Bone,,carpal,,false,false,,false
995,115,B,C41.3,topography,Bone,,clavicle,,false,false,,false
996,115,B,C41.4,topography,Bone,,coccyx,,false,false,,false
997,115,B,C41.0,topography,Bone,,cranial,,false,false,,false
998,115,B,C41.0,topography,Bone,,ethmoid,,false,false,,false
999,115,B,C41.0,topography,Bone,,face (excludes mandible C41.1),,false,false,,false
1000,115,B,C41.0,topography,Bone,,facial,,false,false,,false
1001,115,B,C40.2,topography,Bone,,femur,,false,false,,false
1002,115,B,C40.2,topography,Bone,,fibula,,false,false,,false
1003,115,B,C40.1,topography,Bone,,finger,,false,false,,false
1004,115,B,C40.3,topography,Bone,,foot,,false,false,,false
1005,115,B,C40.0,topography,Bone,,forearm,,false,false,,false
1006,115,B,C41.0,topography,Bone,,frontal,,false,false,,false
1007,115,B,C40.1,topography,Bone,,hand,,false,false,,false
1008,115,B,C40.3,topography,Bone,,heel,,false,false,,false
1009,115,B,C41.4,topography,Bone,,hip,,false,false,,false
1010,115,B,C40.0,topography,Bone,,humerus,,false,false,,false
1011,115,B,C41.0,topography,Bone,,hyoid,,false,false,,false
1012,115,B,C41.4,topography,Bone,,ilium,,false,false,,false
1013,115,B,C41.4,topography,Bone,,innominate,,false,false,,false
1014,115,B,C41.4,topography,Bone,,ischium,,false,false,,false
1015,115,B,C41.1,topography,Bone,,"jaw, lower",,false,false,,false
1016,115,B,C41.1,topography,Bone,,"jaw, NOS",,false,false,,false
1017,115,B,C41.0,topography,Bone,,"jaw, upper",,false,false,,false
1018,115,B,C40.2,topography,Bone,,leg,,false,false,,false
1019,115,B,C40.9,topography,Bone,,"limb, NOS",,false,false,,false
1020,115,B,C40.2,topography,Bone,,"long, lower limb",,false,false,,false
1021,115,B,C40.0,topography,Bone,,"long, upper limb",,false,false,,false
1022,115,B,C41.1,topography,Bone,,lower jaw,,false,false,,false
1023,115,B,C40.2,topography,Bone,,"lower limb, long",,false,false,,false
1024,115,B,C40.3,topography,Bone,,"lower limb, short",,false,false,,false
1025,115,B,C41.1,topography,Bone,,mandible,,false,false,,false
1026,115,B,C42.1,topography,Bone,,marrow,,false,false,,false
1027,115,B,C41.0,topography,Bone,,maxilla,,false,false,,false
1028,115,B,C40.1,topography,Bone,,metacarpal,,false,false,,false
1029,115,B,C40.3,topography,Bone,,metatarsal,,false,false,,false
1030,115,B,C41.0,topography,Bone,,nasal,,false,false,,false
1031,115,B,C41.0,topography,Bone,,occipital,,false,false,,false
1032,115,B,C41.0,topography,Bone,,orbital,,false,false,,false
1033,115,B,C41.0,topography,Bone,,parietal,,false,false,,false
1034,115,B,C40.3,topography,Bone,,patella,,false,false,,false
1035,115,B,C41.4,topography,Bone,,pelvic,,false,false,,false
1036,115,B,C40.3,topography,Bone,,phalanx of foot,,false,false,,false
1037,115,B,C40.1,topography,Bone,,phalanx of hand,,false,false,,false
1038,115,B,C41.4,topography,Bone,,pubic,,false,false,,false
1039,116,B,C40.0,topography,Bone,,radius,,false,false,,false
1040,116,B,C41.3,topography,Bone,,rib,,false,false,,false
1041,116,B,C41.4,topography,Bone,,sacrum,,false,false,,false
1042,116,B,C40.0,topography,Bone,,scapula,,false,false,,false
1043,116,B,C40.3,topography,Bone,,"short, lower limb",,false,false,,false
1044,116,B,C40.1,topography,Bone,,"short, upper limb",,false,false,,false
1045,116,B,C40.0,topography,Bone,,shoulder,,false,false,,false
1046,116,B,C40.0,topography,Bone,,shoulder girdle,,false,false,,false
1047,116,B,C41.9,topography,Bone,,skeletal,,false,false,,false
1048,116,B,C41.0,topography,Bone,,skull,,false,false,,false
1049,116,B,C41.0,topography,Bone,,sphenoid,,false,false,,false
1050,116,B,C41.2,topography,Bone,,spinal column,,false,false,,false
1051,116,B,C41.2,topography,Bone,,spine,,false,false,,false
1052,116,B,C41.3,topography,Bone,,sternum,,false,false,,false
1053,116,B,C40.3,topography,Bone,,tarsal,,false,false,,false
1054,116,B,C41.0,topography,Bone,,temporal,,false,false,,false
1055,116,B,C40.1,topography,Bone,,thumb,,false,false,,false
1056,116,B,C40.2,topography,Bone,,tibia,,false,false,,false
1057,116,B,C40.3,topography,Bone,,toe,,false,false,,false
1058,116,B,C40.0,topography,Bone,,ulna,,false,false,,false
1059,116,B,C41.0,topography,Bone,,upper jaw,,false,false,,false
1060,116,B,C40.0,topography,Bone,,"upper limb, long",,false,false,,false
1061,116,B,C40.1,topography,Bone,,"upper limb, short",,false,false,,false
1062,116,B,C41.2,topography,Bone,,vertebra,,false,false,,false
1063,116,B,C41.2,topography,Bone,,"vertebral column (excludes sacrum and C71.9 cranial fossa, NOS coccyx C41.4)",,false,false,,false
1064,116,B,C40.1,topography,Bone,,wrist,,false,false,,false
1065,116,B,C41.0,topography,Bone,,zygomatic,,false,false,,false
1066,116,B,,,Bone,,"/1 Borderline malignancy (see behavior code, section 4.3.3)",,false,false,,false
1067,116,B,C02.1,topography,Border of tongue,,Border of tongue,,false,false,,true
1068,116,B,8910/3,morphology,"Botryoides, sarcoma",,"Botryoides, sarcoma",,false,false,,true
1069,116,B,8910/3,morphology,Botryoid sarcoma,,Botryoid sarcoma,,false,false,,true
1070,116,B,C26.0,topography,Bowel,,NOS,,false,false,,false
1071,116,B,C18.9,topography,Bowel,,"large, NOS",,false,false,,false
1072,116,B,C17.9,topography,Bowel,,"small, NOS",,false,false,,false
1073,116,B,8081/2,morphology,Bowen disease (C44._),,Bowen disease (C44._),,false,false,,true
1074,116,B,8081/2,morphology,"Bowen type, intraepidermal squamous cell C71.0 hemisphere, cerebral",,"Bowen type, intraepidermal squamous cell C71.0 hemisphere, cerebral carcinoma (C44._)",,false,false,,true
1075,116,B,,,"Bowen type, intraepidermal squamous cell C71.0 hemisphere, cerebral",,"/-6 B-precursor (see cell designation code, section 4.3.4)",,false,false,,false
1076,116,B,C77.3,topography,Brachial,,lymph node,,false,false,,false
1077,116,B,C47.1,topography,Brachial,,nerve,,false,false,,false
1078,116,B,C47.1,topography,Brachial,,plexus,,false,false,,false
1079,116,B,C49.1,topography,Brachialis muscle,,Brachialis muscle,,false,false,,true
1080,116,B,C71.9,topography,Brain,,NOS,,false,false,,false
1081,116,B,C70.0,topography,Brain,,"arachnoid, intracranial",,false,false,,false
1082,116,B,C70.9,topography,Brain,,"arachnoid, NOS",,false,false,,false
1083,116,B,C71.0,topography,Brain,,basal ganglia,,false,false,,false
1084,116,B,C71.7,topography,Brain,,basis pedunculi,,false,false,,false
1085,116,B,C71.0,topography,Brain,,"capsule, internal",,false,false,,false
1086,116,B,C71.0,topography,Brain,,central white matter,,false,false,,false
1087,116,B,C71.6,topography,Brain,,cerebellopontine angle,,false,false,,false
1088,116,B,C71.6,topography,Brain,,"cerebellum, NOS",,false,false,,false
1089,116,B,C71.6,topography,Brain,,"cerebellum, vermis",,false,false,,false
1090,116,B,C71.0,topography,Brain,,cerebral cortex,,false,false,,false
1091,116,B,C71.0,topography,Brain,,cerebral hemisphere,,false,false,,false
1092,116,B,C70.0,topography,Brain,,cerebral meninges,,false,false,,false
1093,116,B,C71.7,topography,Brain,,cerebral peduncle,,false,false,,false
1094,116,B,C71.5,topography,Brain,,cerebral ventricle,,false,false,,false
1095,116,B,C71.0,topography,Brain,,cerebral white matter,,false,false,,false
1096,116,B,C71.0,topography,Brain,,cerebrum,,false,false,,false
1097,116,B,C72.3,topography,Brain,,"chiasm, optic",,false,false,,false
1098,116,B,C71.7,topography,Brain,,"choroid plexus, fourth ventricle",,false,false,,false
1099,116,B,C71.5,topography,Brain,,"choroid plexus, lateral ventricle",,false,false,,false
1100,116,B,C71.5,topography,Brain,,"choroid plexus, NOS",,false,false,,false
1101,116,B,C71.5,topography,Brain,,"choroid plexus, third ventricle",,false,false,,false
1102,116,B,C71.8,topography,Brain,,corpus callosum,,false,false,,false
1103,116,B,C71.0,topography,Brain,,corpus striatum,,false,false,,false
1104,116,B,C71.0,topography,Brain,,"cortex, cerebral",,false,false,,false
1105,116,B,C70.0,topography,Brain,,cranial dura mater,,false,false,,false
1106,116,B,C71.9,topography,Brain,,"cranial fossa, anterior",,false,false,,false
1107,116,B,C71.9,topography,Brain,,"cranial fossa, middle",,false,false,,false
1108,116,B,C71.9,topography,Brain,,"cranial fossa, posterior",,false,false,,false
1109,116,B,C70.0,topography,Brain,,cranial meninges,,false,false,,false
1110,116,B,C70.0,topography,Brain,,cranial pia mater,,false,false,,false
1111,116,B,C70.0,topography,Brain,,"dura mater, cranial",,false,false,,false
1112,116,B,C70.9,topography,Brain,,"dura mater, NOS",,false,false,,false
1113,116,B,C70.9,topography,Brain,,"dura, NOS",,false,false,,false
1114,116,B,C71.5,topography,Brain,,ependyma,,false,false,,false
1115,116,B,C70.0,topography,Brain,,falx cerebelli,,false,false,,false
1116,116,B,C70.0,topography,Brain,,falx cerebri,,false,false,,false
1117,116,B,C70.0,topography,Brain,,"falx, NOS",,false,false,,false
1118,116,B,C71.7,topography,Brain,,"fourth ventricle, choroid plexus",,false,false,,false
1119,116,B,C71.7,topography,Brain,,"fourth ventricle, NOS",,false,false,,false
1120,116,B,C71.1,topography,Brain,,frontal lobe,,false,false,,false
1121,116,B,C71.1,topography,Brain,,frontal pole,,false,false,,false
1122,116,B,C71.0,topography,Brain,,"ganglia, basal",,false,false,,false
1123,116,B,C71.0,topography,Brain,,globus pallidus,,false,false,,false
1124,116,B,C71.2,topography,Brain,,hippocampus,,false,false,,false
1125,116,B,C71.0,topography,Brain,,hypothalamus,,false,false,,false
1126,116,B,C71.7,topography,Brain,,"infratentorial, NOS",,false,false,,false
1127,116,B,C71.0,topography,Brain,,insula,,false,false,,false
1128,116,B,C71.0,topography,Brain,,internal capsule,,false,false,,false
1129,116,B,C70.0,topography,Brain,,intracranial arachnoid,,false,false,,false
1130,116,B,C70.0,topography,Brain,,intracranial meninges,,false,false,,false
1131,116,B,C71.9,topography,Brain,,intracranial site,,false,false,,false
1132,116,B,C71.0,topography,Brain,,island of Reil,,false,false,,false
1133,116,B,C71.5,topography,Brain,,"lateral ventricle, choroid plexus",,false,false,,false
1134,116,B,C71.5,topography,Brain,,"lateral ventricle, NOS",,false,false,,false
1135,116,B,C71.1,topography,Brain,,"lobe, frontal",,false,false,,false
1136,116,B,C71.4,topography,Brain,,"lobe, occipital",,false,false,,false
1137,116,B,C71.3,topography,Brain,,"lobe, parietal",,false,false,,false
1138,116,B,C71.2,topography,Brain,,"lobe, temporal",,false,false,,false
1139,117,B,C71.7,topography,Brain,,medulla oblongata,,false,false,,false
1140,117,B,C70.0,topography,Brain,,"meninges, cerebral",,false,false,,false
1141,117,B,C70.0,topography,Brain,,"meninges, cranial",,false,false,,false
1142,117,B,C70.9,topography,Brain,,"meninges, NOS",,false,false,,false
1143,117,B,C71.7,topography,Brain,,midbrain,,false,false,,false
1144,117,B,C71.4,topography,Brain,,occipital lobe,,false,false,,false
1145,117,B,C71.4,topography,Brain,,occipital pole,,false,false,,false
1146,117,B,C71.7,topography,Brain,,olive,,false,false,,false
1147,117,B,C71.0,topography,Brain,,operculum,,false,false,,false
1148,117,B,C72.3,topography,Brain,,optic chiasm,,false,false,,false
1149,117,B,C72.3,topography,Brain,,optic tract,,false,false,,false
1150,117,B,C71.0,topography,Brain,,pallium,,false,false,,false
1151,117,B,C71.3,topography,Brain,,parietal lobe,,false,false,,false
1152,117,B,C71.7,topography,Brain,,"peduncle, cerebral",,false,false,,false
1153,117,B,C70.0,topography,Brain,,"pia mater, cranial",,false,false,,false
1154,117,B,C70.9,topography,Brain,,"pia mater, NOS",,false,false,,false
1155,117,B,C71.5,topography,Brain,,"plexus, choroid",,false,false,,false
1156,117,B,C71.1,topography,Brain,,"pole, frontal",,false,false,,false
1157,117,B,C71.4,topography,Brain,,"pole, occipital",,false,false,,false
1158,117,B,C71.7,topography,Brain,,pons,,false,false,,false
1159,117,B,C71.0,topography,Brain,,putamen,,false,false,,false
1160,117,B,C71.7,topography,Brain,,pyramid,,false,false,,false
1161,117,B,C71.0,topography,Brain,,rhinencephalon,,false,false,,false
1162,117,B,C71.7,topography,Brain,,stem,,false,false,,false
1163,117,B,C71.9,topography,Brain,,suprasellar,,false,false,,false
1164,117,B,C71.0,topography,Brain,,"supratentorial, NOS",,false,false,,false
1165,117,B,C71.8,topography,Brain,,tapetum,,false,false,,false
1166,117,B,C71.2,topography,Brain,,temporal lobe,,false,false,,false
1167,117,B,C70.0,topography,Brain,,tentorium cerebelli,,false,false,,false
1168,117,B,C70.0,topography,Brain,,"tentorium, NOS",,false,false,,false
1169,117,B,C71.0,topography,Brain,,thalamus,,false,false,,false
1170,117,B,C71.5,topography,Brain,,"third ventricle, choroid plexus",,false,false,,false
1171,117,B,C71.5,topography,Brain,,"third ventricle, NOS",,false,false,,false
1172,117,B,C72.3,topography,Brain,,"tract, optic",,false,false,,false
1173,117,B,C71.2,topography,Brain,,uncus,,false,false,,false
1174,117,B,C71.5,topography,Brain,,"ventricle, cerebral",,false,false,,false
1175,117,B,C71.7,topography,Brain,,"ventricle, fourth, choroid plexus",,false,false,,false
1176,117,B,C71.7,topography,Brain,,"ventricle, fourth, NOS",,false,false,,false
1177,117,B,C71.5,topography,Brain,,"ventricle, lateral, choroid plexus",,false,false,,false
1178,117,B,C71.5,topography,Brain,,"ventricle, lateral, NOS",,false,false,,false
1179,117,B,C71.5,topography,Brain,,"ventricle, NOS",,false,false,,false
1180,117,B,C71.5,topography,Brain,,"ventricle, third, choroid plexus",,false,false,,false
1181,117,B,C71.5,topography,Brain,,"ventricle, third, NOS",,false,false,,false
1182,117,B,C71.6,topography,Brain,,"vermis, cerebellum",,false,false,,false
1183,117,B,C71.0,topography,Brain,,"white matter, central",,false,false,,false
1184,117,B,C71.0,topography,Brain,,"white matter, cerebral",,false,false,,false
1185,117,B,C10.4,topography,Branchial cleft (site of neoplasm),,Branchial cleft (site of neoplasm),,false,false,,true
1186,117,B,C50.9,topography,Breast,,NOS (excludes skin of breast C44.5),,false,false,,false
1187,117,B,C50.0,topography,Breast,,areola,,false,false,,false
1188,117,B,C50.6,topography,Breast,,axillary tail,,false,false,,false
1189,117,B,C50.1,topography,Breast,,central portion,,false,false,,false
1190,117,B,C50.8,topography,Breast,,inner,,false,false,,false
1191,117,B,C50.8,topography,Breast,,lower,,false,false,,false
1192,117,B,C50.3,topography,Breast,,lower-inner quadrant,,false,false,,false
1193,117,B,C50.5,topography,Breast,,lower-outer quadrant,,false,false,,false
1194,117,B,C50.8,topography,Breast,,midline,,false,false,,false
1195,117,B,C50.0,topography,Breast,,nipple,,false,false,,false
1196,117,B,C50.8,topography,Breast,,outer,,false,false,,false
1197,117,B,C50.3,topography,Breast,,"quadrant, lower-inner",,false,false,,false
1198,117,B,C50.5,topography,Breast,,"quadrant, lower-outer",,false,false,,false
1199,117,B,C50.2,topography,Breast,,"quadrant, upper-inner",,false,false,,false
1200,117,B,C50.4,topography,Breast,,"quadrant, upper-outer",,false,false,,false
1201,117,B,C44.5,topography,Breast,,skin,,false,false,,false
1202,117,B,C50.6,topography,Breast,,tail,,false,false,,false
1203,117,B,C50.8,topography,Breast,,upper,,false,false,,false
1204,117,B,C50.2,topography,Breast,,upper-inner quadrant,,false,false,,false
1205,117,B,C50.4,topography,Breast,,upper-outer quadrant,,false,false,,false
1206,117,B,9000/0,morphology,Brenner tumor,,NOS (C56.9),C56.9,false,false,,false
1207,117,B,9000/1,morphology,Brenner tumor,,borderline malignancy (C56.9),C56.9,false,false,,false
1208,117,B,9000/3,morphology,Brenner tumor,,malignant (C56.9),C56.9,false,false,,false
1209,117,B,9000/1,morphology,Brenner tumor,,proliferating (C56.9),C56.9,false,false,,false
1210,117,B,C57.1,topography,Broad ligament,,Broad ligament,,false,false,,true
1211,117,B,8140/1,morphology,Bronchial adenoma,,NOS (C34._),,false,false,,false
1212,117,B,8240/3,morphology,Bronchial adenoma,,carcinoid (C34._),,false,false,,false
1213,117,B,8200/3,morphology,Bronchial adenoma,,cylindroid (C34._),,false,false,,false
1214,117,B,9133/3,morphology,"Bronchial alveolar tumor, intravascular",,"Bronchial alveolar tumor, intravascular (C34._) [obs]",,true,false,,true
1215,117,B,C77.1,topography,Bronchial lymph node,,Bronchial lymph node,,false,false,,true
1216,117,B,8250/3,morphology,Bronchiolar adenocarcinoma (C34._),,Bronchiolar adenocarcinoma (C34._),,false,false,,true
1217,117,B,8250/3,morphology,Bronchiolar carcinoma (C34._),,Bronchiolar carcinoma (C34._),,false,false,,true
1218,117,B,C34.9,topography,Bronchiole,,Bronchiole,,false,false,,true
1219,117,B,8250/3,morphology,Bronchiolo-alveolar,,"adenocarcinoma, NOS (C34._)",,false,false,,false
1220,117,B,8250/3,morphology,Bronchiolo-alveolar,Carcinoma,NOS (C34._),,false,false,,false
1221,117,B,8254/3,morphology,Bronchiolo-alveolar,Carcinoma,Clara cell and goblet cell type (C34._),,false,false,,false
1222,117,B,8252/3,morphology,Bronchiolo-alveolar,Carcinoma,Clara cell (C34._),,false,false,,false
1223,117,B,8253/3,morphology,Bronchiolo-alveolar,Carcinoma,goblet cell type (C34._),,false,false,,false
1224,117,B,8254/3,morphology,Bronchiolo-alveolar,Carcinoma,indeterminate type (C34._),,false,false,,false
1225,117,B,8254/3,morphology,Bronchiolo-alveolar,Carcinoma,mixed mucinous and non- mucinous (C34._),,false,false,,false
1226,117,B,8253/3,morphology,Bronchiolo-alveolar,Carcinoma,mucinous (C34._),,false,false,,false
1227,117,B,8252/3,morphology,Bronchiolo-alveolar,Carcinoma,non-mucinous (C34._),,false,false,,false
1228,117,B,8254/3,morphology,Bronchiolo-alveolar,Carcinoma,type II pneumocyte and goblet cell type (C34._),,false,false,,false
1229,117,B,8252/3,morphology,Bronchiolo-alveolar,Carcinoma,type II pneumocyte (C34._),,false,false,,false
1230,117,B,C34.9,topography,Bronchogenic,,Bronchogenic,,false,false,,true
1231,117,B,C77.1,topography,Bronchopulmonary lymph node,,Bronchopulmonary lymph node,,false,false,,true
1232,117,B,C34.9,topography,Bronchus,,NOS,,false,false,,false
1233,117,B,C34.0,topography,Bronchus,,carina,,false,false,,false
1234,117,B,C34.3,topography,Bronchus,,lower lobe,,false,false,,false
1235,117,B,C34.0,topography,Bronchus,,main,,false,false,,false
1236,118,B,C34.2,topography,Bronchus,,middle lobe,,false,false,,false
1237,118,B,C34.1,topography,Bronchus,,upper lobe,,false,false,,false
1238,118,B,8100/0,morphology,Brooke tumor (C44._),,Brooke tumor (C44._),,false,false,,true
1239,118,B,C44.3,topography,Brow,,Brow,,false,false,,true
1240,118,B,8880/0,morphology,Brown fat tumor,,Brown fat tumor,,false,false,,true
1241,118,B,C06.9,topography,Buccal,,cavity,,false,false,,false
1242,118,B,C06.0,topography,Buccal,,mucosa,,false,false,,false
1243,118,B,C06.1,topography,Buccal,,sulcus,,false,false,,false
1244,118,B,9826/3,morphology,Burkitt,,cell leukemia (see also 9687/3),,false,false,9687/3,false
1245,118,B,9680/3,morphology,Burkitt,,"lymphoma, B-cell lymphoma, unclassifiable, with features intermediate between diffuse large",,false,false,,false
1246,118,B,9687/3,morphology,Burkitt,,"lymphoma, NOS (includes all variants) (see also 9826/3)",,false,false,9826/3,false
1247,118,B,9687/3,morphology,Burkitt,,tumor [obs] (includes all variants) (see also 9826/3),,true,false,9826/3,false
1248,118,B,9826/3,morphology,Burkitt,,"type, acute leukemia (see also 9687/3)",,false,false,9687/3,false
1249,118,B,9687/3,morphology,Burkitt,,"type, malignant lymphoma, small noncleaved [obs] (includes all variants) (see also 9826/3)",,true,false,9826/3,false
1250,118,B,9687/3,morphology,Burkitt,,"type, malignant lymphoma, undifferentiated [obs] (includes all variants) (see also 9826/3)",,true,false,9826/3,false
1251,118,B,9687/3,morphology,Burkitt-like lymphoma,,Burkitt-like lymphoma,,false,false,,true
1252,118,B,C49.9,topography,"Bursa, NOS",,"Bursa, NOS",,false,false,,true
1253,118,B,C76.3,topography,Buttock,,NOS,,false,false,,false
1254,118,B,C44.5,topography,Buttock,,"NOS (carcinoma, melanoma, nevus)",,false,false,,false
1255,118,B,C49.5,topography,Buttock,,"NOS (sarcoma, lipoma)",,false,false,,false
1256,118,B,C49.5,topography,Buttock,,adipose tissue,,false,false,,false
1257,118,B,C47.5,topography,Buttock,,autonomic nervous system,,false,false,,false
1258,118,B,C49.5,topography,Buttock,,connective tissue,,false,false,,false
1259,118,B,C49.5,topography,Buttock,,fatty tissue,,false,false,,false
1260,118,B,C49.5,topography,Buttock,,fibrous tissue,,false,false,,false
1261,118,B,C49.5,topography,Buttock,,muscle,,false,false,,false
1262,118,B,C47.5,topography,Buttock,,peripheral nerve,,false,false,,false
1263,118,B,C49.5,topography,Buttock,,skeletal muscle,,false,false,,false
1264,118,B,C44.5,topography,Buttock,,skin,,false,false,,false
1265,118,B,C49.5,topography,Buttock,,soft tissue,,false,false,,false
1266,118,B,C49.5,topography,Buttock,,subcutaneous tissue,,false,false,,false
1267,118,C,C18.0,topography,Caecum,,Caecum,,false,false,,true
1268,118,C,9340/0,morphology,Calcifying,,epithelial odontogenic tumor (C41._),,false,false,,false
1269,118,C,8975/1,morphology,Calcifying,,"epithelial stromal tumor, nested (C22.0)",C22.0,false,false,,false
1270,118,C,8110/0,morphology,Calcifying,,epithelioma of Malherbe (C44._),,false,false,,false
1271,118,C,8975/1,morphology,Calcifying,,nested epithelial stromal tumor (C22.0),C22.0,false,false,,false
1272,118,C,9301/0,morphology,Calcifying,,odontogenic cyst (C41._),,false,false,,false
1273,118,C,8642/1,morphology,Calcifying,,"Sertoli cell tumor, large cell",,false,false,,false
1274,118,C,8975/1,morphology,Calcifying,,"stromal tumor, nested epithelial (C22.0)",C22.0,false,false,,false
1275,118,C,,,Calcifying,,"Calcinosis, tumoral (see SNOMED)",,false,true,,false
1276,118,C,C76.5,topography,Calf,,NOS,,false,false,,false
1277,118,C,C44.7,topography,Calf,,"NOS (carcinoma, melanoma, nevus)",,false,false,,false
1278,118,C,C49.2,topography,Calf,,"NOS (sarcoma, lipoma)",,false,false,,false
1279,118,C,C49.2,topography,Calf,,adipose tissue,,false,false,,false
1280,118,C,C49.2,topography,Calf,,connective tissue,,false,false,,false
1281,118,C,C49.2,topography,Calf,,fatty tissue,,false,false,,false
1282,118,C,C49.2,topography,Calf,,fibrous tissue,,false,false,,false
1283,118,C,C49.2,topography,Calf,,muscle,,false,false,,false
1284,118,C,C49.2,topography,Calf,,skeletal muscle,,false,false,,false
1285,118,C,C44.7,topography,Calf,,skin,,false,false,,false
1286,118,C,C49.2,topography,Calf,,soft tissue,,false,false,,false
1287,118,C,C49.2,topography,Calf,,subcutaneous tissue,,false,false,,false
1288,118,C,C49.2,topography,Calf,,tendon,,false,false,,false
1289,118,C,C49.2,topography,Calf,,tendon sheath,,false,false,,false
1290,118,C,9836/3,morphology,C-ALL (see also 9728/3),,C-ALL (see also 9728/3),,false,false,9728/3,true
1291,118,C,C41.0,topography,Calvarium,,Calvarium,,false,false,,true
1292,118,C,C65.9,topography,"Calyces, renal",,"Calyces, renal",,false,false,,true
1293,118,C,C65.9,topography,"Calyx, renal",,"Calyx, renal",,false,false,,true
1294,118,C,C21.1,topography,Canal,,anal,,false,false,,false
1295,118,C,C44.2,topography,Canal,,"auditory, external",,false,false,,false
1296,118,C,C44.2,topography,Canal,,"auditory, NOS",,false,false,,false
1297,118,C,C44.2,topography,Canal,,"auricular, external",,false,false,,false
1298,118,C,C44.2,topography,Canal,,"auricular, NOS",,false,false,,false
1299,118,C,C53.0,topography,Canal,,cervical,,false,false,,false
1300,118,C,C44.2,topography,Canal,,ear,,false,false,,false
1301,118,C,C53.0,topography,Canal,,endocervical,,false,false,,false
1302,118,C,C16.4,topography,Canal,,pyloric,,false,false,,false
1303,118,C,8149/0,morphology,Canalicular adenoma,,Canalicular adenoma,,false,false,,true
1304,118,C,C22.1,topography,"Canaliculus, biliary",,"Canaliculus, biliary",,false,false,,true
1305,118,C,8000/3,morphology,"Cancer (see coding guidelines, section 4.3.3)",,"Cancer (see coding guidelines, section 4.3.3)",,false,false,,true
1306,118,C,C44.1,topography,Canthus,,NOS,,false,false,,false
1307,118,C,C44.1,topography,Canthus,,inner,,false,false,,false
1308,118,C,C44.1,topography,Canthus,,outer,,false,false,,false
1309,119,C,9131/0,morphology,Capillary hemangioma,,Capillary hemangioma,,false,false,,true
1310,119,C,9171/0,morphology,Capillary lymphangioma,,Capillary lymphangioma,,false,false,,true
1311,119,C,C71.0,topography,"Capsule, internal",,"Capsule, internal",,false,false,,true
1312,119,C,8934/3,morphology,Carcinofibroma,,Carcinofibroma,,false,false,,true
1313,119,C,8240/3,morphology,Carcinoid,,NOS,,false,false,,false
1314,119,C,8244/3,morphology,Carcinoid,,"adenocarcinoma and, combined",,false,false,,false
1315,119,C,8244/3,morphology,Carcinoid,,"adenocarcinoma and, combined/mixed",,false,false,,false
1316,119,C,8244/3,morphology,Carcinoid,,"adenocarcinoma and, mixed",,false,false,,false
1317,119,C,8240/3,morphology,Carcinoid,,bronchial adenoma (C34._),,false,false,,false
1318,119,C,8244/3,morphology,Carcinoid,,combined adenocarcinoma and,,false,false,,false
1319,119,C,8244/3,morphology,Carcinoid,,combined/mixed adenocarcinoma and,,false,false,,false
1320,119,C,8244/3,morphology,Carcinoid,,composite,,false,false,,false
1321,119,C,8241/3,morphology,Carcinoid,,EC cell,,false,false,,false
1322,119,C,8242/3,morphology,Carcinoid,,"ECL cell, malignant",,false,false,,false
1323,119,C,8242/1,morphology,Carcinoid,,"ECL cell, NOS",,false,false,,false
1324,119,C,8241/3,morphology,Carcinoid,,enterochromaffin cell,,false,false,,false
1325,119,C,8242/1,morphology,Carcinoid,,"enterochromaffin-like cell, NOS",,false,false,,false
1326,119,C,8243/3,morphology,Carcinoid,,goblet cell,,false,false,,false
1327,119,C,8244/3,morphology,Carcinoid,,mixed carcinoid-adenocarcinoma,,false,false,,false
1328,119,C,8243/3,morphology,Carcinoid,,mucinous,,false,false,,false
1329,119,C,8241/3,morphology,Carcinoid,,serotonin producing,,false,false,,false
1330,119,C,9091/1,morphology,Carcinoid,,strumal (C56.9),C56.9,false,false,,false
1331,119,C,9091/1,morphology,Carcinoid,,struma ovarii and (C56.9),C56.9,false,false,,false
1332,119,C,8245/1,morphology,Carcinoid,,tubular,,false,false,,false
1333,119,C,8240/3,morphology,Carcinoid,Tumor,NOS,,false,false,,false
1334,119,C,8241/3,morphology,Carcinoid,Tumor,"argentaffin, malignant",,false,false,,false
1335,119,C,8240/1,morphology,Carcinoid,Tumor,"argentaffin, NOS",,false,false,,false
1336,119,C,8249/3,morphology,Carcinoid,Tumor,atypical,,false,false,,false
1337,119,C,8240/1,morphology,Carcinoid,Tumor,uncertain malignant potential,,false,false,,false
1338,119,C,8240/3,morphology,Carcinoid,,typical,,false,false,,false
1339,119,C,8010/3,morphology,Carcinoma,,NOS,,false,false,,false
1340,119,C,8010/6,morphology,Carcinoma,,"NOS, metastatic",,false,false,,false
1341,119,C,8075/3,morphology,Carcinoma,,acantholytic squamous cell,,false,false,,false
1342,119,C,8281/3,morphology,Carcinoma,,"acidophil-basophil, mixed (C75.1)",C75.1,false,false,,false
1343,119,C,8280/3,morphology,Carcinoma,,acidophil (C75.1),C75.1,false,false,,false
1344,119,C,8550/3,morphology,Carcinoma,,acinar,,false,false,,false
1345,119,C,8550/3,morphology,Carcinoma,,acinar cell,,false,false,,false
1346,119,C,8552/3,morphology,Carcinoma,,"acinar-ductal, mixed",,false,false,,false
1347,119,C,8154/3,morphology,Carcinoma,,"acinar-endocrine-ductal, mixed",,false,false,,false
1348,119,C,8200/3,morphology,Carcinoma,,adenocystic,,false,false,,false
1349,119,C,8098/3,morphology,Carcinoma,Adenoid,basal (C53._),,false,false,,false
1350,119,C,8200/3,morphology,Carcinoma,Adenoid,cystic,,false,false,,false
1351,119,C,8075/3,morphology,Carcinoma,Adenoid,squamous cell,,false,false,,false
1352,119,C,8244/3,morphology,Carcinoma,,"adenoneuroendocrine, mixed",,false,false,,false
1353,119,C,8560/3,morphology,Carcinoma,,adenosquamous,,false,false,,false
1354,119,C,8390/3,morphology,Carcinoma,,adnexal (C44._),,false,false,,false
1355,119,C,8407/3,morphology,Carcinoma,,"adnexal, microcystic (C44._)",,false,false,,false
1356,119,C,8370/3,morphology,Carcinoma,,adrenal cortical (C74.0),C74.0,false,false,,false
1357,119,C,8251/3,morphology,Carcinoma,,alveolar (C34._),,false,false,,false
1358,119,C,8250/3,morphology,Carcinoma,,alveolar cell (C34._),,false,false,,false
1359,119,C,9270/3,morphology,Carcinoma,,ameloblastic (C41._),,false,false,,false
1360,119,C,8021/3,morphology,Carcinoma,,"anaplastic, NOS",,false,false,,false
1361,119,C,8503/3,morphology,Carcinoma,Associated invasive,intracystic papillary neoplasm with (C23.9),C23.9,false,false,,false
1362,119,C,8453/3,morphology,Carcinoma,Associated invasive,intraductal papillary-mucinous neoplasm with,,false,false,,false
1363,119,C,8503/3,morphology,Carcinoma,Associated invasive,intraductal papillary neoplasm with,,false,false,,false
1364,119,C,8470/3,morphology,Carcinoma,Associated invasive,mucinous cystic neoplasm with (C25._),,false,false,,false
1365,119,C,8470/3,morphology,Carcinoma,Associated invasive,mucinous cystic tumor with (C25._),,false,false,,false
1366,119,C,8098/3,morphology,Carcinoma,,"basal, adenoid (C53._)",,false,false,,false
1367,119,C,8090/3,morphology,Carcinoma,Basal cell,NOS (C44._),,false,false,,false
1368,119,C,8092/3,morphology,Carcinoma,Basal cell,desmoplastic type (C44._),,false,false,,false
1369,119,C,8093/3,morphology,Carcinoma,Basal cell,fibroepithelial (C44._),,false,false,,false
1370,119,C,8093/3,morphology,Carcinoma,Basal cell,"fibroepithelial, Pinkus type",,false,false,,false
1371,119,C,8097/3,morphology,Carcinoma,Basal cell,micronodular (C44._),,false,false,,false
1372,119,C,8092/3,morphology,Carcinoma,Basal cell,morpheic (C44._),,false,false,,false
1373,119,C,8091/3,morphology,Carcinoma,Basal cell,multicentric (C44._),,false,false,,false
1374,119,C,8091/3,morphology,Carcinoma,Basal cell,multifocal superficial (C44._),,false,false,,false
1375,119,C,8097/3,morphology,Carcinoma,Basal cell,nodular (C44._),,false,false,,false
1376,119,C,8092/3,morphology,Carcinoma,Basal cell,"non-sclerosing, infiltrating (C44._)",,false,false,,false
1377,119,C,8090/3,morphology,Carcinoma,Basal cell,pigmented (C44._),,false,false,,false
1378,119,C,8092/3,morphology,Carcinoma,Basal cell,"sclerosing, infiltrating (C44._)",,false,false,,false
1379,119,C,8091/3,morphology,Carcinoma,Basal cell,"superficial, multifocal (C44._)",,false,false,,false
1380,119,C,8123/3,morphology,Carcinoma,,basaloid (C21.1),C21.1,false,false,,false
1381,119,C,8083/3,morphology,Carcinoma,,basaloid squamous cell,,false,false,,false
1382,119,C,8094/3,morphology,Carcinoma,,"basal-squamous cell, mixed (C44._)",,false,false,,false
1383,119,C,8281/3,morphology,Carcinoma,,"basophil-acidophil, mixed (C75.1)",C75.1,false,false,,false
1384,119,C,8300/3,morphology,Carcinoma,,basophil (C75.1),C75.1,false,false,,false
1385,119,C,8094/3,morphology,Carcinoma,,basosquamous (C44._),,false,false,,false
1386,119,C,8319/3,morphology,Carcinoma,,Bellini duct (C64.9),C64.9,false,false,,false
1387,119,C,8180/3,morphology,Carcinoma,,"bile duct and hepatocellular, mixed (C22.0)",C22.0,false,false,,false
1388,119,C,8160/3,morphology,Carcinoma,,"bile duct (C22.1, C24.0)",,false,false,,false
1389,119,C,8081/2,morphology,Carcinoma,,"Bowen type, intraepidermal squamous cell (C44._)",,false,false,,false
1390,119,C,8250/3,morphology,Carcinoma,,bronchiolar (C34._),,false,false,,false
1391,119,C,8250/3,morphology,Carcinoma,Bronchiolo-alveolar,NOS (C34._),,false,false,,false
1392,119,C,8254/3,morphology,Carcinoma,Bronchiolo-alveolar,Clara cell and goblet cell type (C34._),,false,false,,false
1393,119,C,8252/3,morphology,Carcinoma,Bronchiolo-alveolar,Clara cell (C34._),,false,false,,false
1394,119,C,8253/3,morphology,Carcinoma,Bronchiolo-alveolar,goblet cell type (C34._),,false,false,,false
1395,119,C,8254/3,morphology,Carcinoma,Bronchiolo-alveolar,indeterminate type (C34._),,false,false,,false
1396,119,C,8254/3,morphology,Carcinoma,Bronchiolo-alveolar,mixed mucinous and non- mucinous (C34._),,false,false,,false
1397,119,C,8253/3,morphology,Carcinoma,Bronchiolo-alveolar,mucinous (C34._),,false,false,,false
1398,119,C,8252/3,morphology,Carcinoma,Bronchiolo-alveolar,non-mucinous (C34._),,false,false,,false
1399,119,C,8254/3,morphology,Carcinoma,Bronchiolo-alveolar,type II pneumocyte and goblet cell type (C34._),,false,false,,false
1400,119,C,8252/3,morphology,Carcinoma,Bronchiolo-alveolar,type II pneumocyte (C34._),,false,false,,false
1401,120,C,8345/3,morphology,Carcinoma,,C cell (C73.9),C73.9,false,false,,false
1402,120,C,8420/3,morphology,Carcinoma,,ceruminous (C44.2),C44.2,false,false,,false
1403,120,C,9390/3,morphology,Carcinoma,,choroid plexus (C71.5),C71.5,false,false,,false
1404,120,C,8270/3,morphology,Carcinoma,,chromophobe (C75.1),C75.1,false,false,,false
1405,120,C,8317/3,morphology,Carcinoma,,chromophobe cell renal (C64.9),C64.9,false,false,,false
1406,120,C,8310/3,morphology,Carcinoma,,clear cell,,false,false,,false
1407,120,C,8507/2,morphology,Carcinoma,,"clinging, intraductal (C50._)",,false,false,,false
1408,120,C,8124/3,morphology,Carcinoma,,cloacogenic (C21.2),C21.2,false,false,,false
1409,120,C,8490/3,morphology,Carcinoma,,"cohesive, poorly",,false,false,,false
1410,120,C,8319/3,morphology,Carcinoma,,collecting duct (C64.9),C64.9,false,false,,false
1411,120,C,8480/3,morphology,Carcinoma,,colloid,,false,false,,false
1412,120,C,8523/3,morphology,Carcinoma,,colloid and infiltrating duct (C50._),,false,false,,false
1413,120,C,8255/3,morphology,Carcinoma,Combined,adenocarcinoma with other types of carcinoma,,false,false,,false
1414,120,C,8180/3,morphology,Carcinoma,Combined,hepatocellular and cholangiocarcinoma (C22.0),C22.0,false,false,,false
1415,120,C,8045/3,morphology,Carcinoma,Combined,small cell,,false,false,,false
1416,120,C,8045/3,morphology,Carcinoma,Combined,small cell-large cell (C34._),,false,false,,false
1417,120,C,8045/3,morphology,Carcinoma,Combined,small cell-squamous cell (C34._),,false,false,,false
1418,120,C,8201/3,morphology,Carcinoma,,"comedo-type cribriform (C18._, C19.9, C20.9)",,false,false,,false
1419,120,C,8051/3,morphology,Carcinoma,,condylomatous,,false,false,,false
1420,120,C,8201/3,morphology,Carcinoma,Cribriform,NOS,,false,false,,false
1421,120,C,8523/3,morphology,Carcinoma,Cribriform,and infiltrating duct (C50._),,false,false,,false
1422,120,C,8201/3,morphology,Carcinoma,Cribriform,"comedo-type (C18._, C19.9, C20.9)",,false,false,,false
1423,120,C,8201/2,morphology,Carcinoma,Cribriform,in situ (C50._),,false,false,,false
1424,120,C,8121/3,morphology,Carcinoma,,"cylindrical cell (C30.0, C31._)",,false,false,,false
1425,120,C,8508/3,morphology,Carcinoma,,cystic hypersecretory (C50._),,false,false,,false
1426,120,C,8145/3,morphology,Carcinoma,,diffuse type (C16._),,false,false,,false
1427,120,C,8500/3,morphology,Carcinoma,Duct,NOS,,false,false,,false
1428,120,C,8500/3,morphology,Carcinoma,Duct,cell,,false,false,,false
1429,120,C,8319/3,morphology,Carcinoma,Duct,collecting (C64.9),C64.9,false,false,,false
1430,120,C,8514/3,morphology,Carcinoma,Duct,desmoplastic type,,false,false,,false
1431,120,C,8523/3,morphology,Carcinoma,Duct,infiltrating and colloid (C50._),,false,false,,false
1432,120,C,8523/3,morphology,Carcinoma,Duct,infiltrating and cribriform (C50._),,false,false,,false
1433,120,C,8522/3,morphology,Carcinoma,Duct,infiltrating and lobular carcinoma (C50._),,false,false,,false
1434,120,C,8522/3,morphology,Carcinoma,Duct,infiltrating and lobular carcinoma in situ (C50._),,false,false,,false
1435,120,C,8523/3,morphology,Carcinoma,Duct,infiltrating and mucinous (C50._),,false,false,,false
1436,120,C,8541/3,morphology,Carcinoma,Duct,"infiltrating and Paget disease, breast (C50._)",,false,false,,false
1437,120,C,8523/3,morphology,Carcinoma,Duct,infiltrating and tubular (C50._),,false,false,,false
1438,120,C,8500/3,morphology,Carcinoma,Duct,infiltrating (C50._),,false,false,,false
1439,120,C,8500/3,morphology,Carcinoma,Ductal,NOS,,false,false,,false
1440,120,C,8522/3,morphology,Carcinoma,Ductal,and lobular (C50._),,false,false,,false
1441,120,C,8201/3,morphology,Carcinoma,Ductal,cribriform type (C50._),,false,false,,false
1442,120,C,8154/3,morphology,Carcinoma,Ductal,"endocrine-acinar-, mixed",,false,false,,false
1443,120,C,8522/3,morphology,Carcinoma,Ductal,in situ and infiltrating lobular (C50._),,false,false,,false
1444,120,C,8501/2,morphology,Carcinoma,Ductal,"in situ, comedo type (C50._)",,false,false,,false
1445,120,C,8201/2,morphology,Carcinoma,Ductal,"in situ, cribriform type (C50._)",,false,false,,false
1446,120,C,8507/2,morphology,Carcinoma,Ductal,"in situ, micropapillary (C50._)",,false,false,,false
1447,120,C,8500/2,morphology,Carcinoma,Ductal,"in situ, NOS (C50._)",,false,false,,false
1448,120,C,8503/2,morphology,Carcinoma,Ductal,"in situ, papillary (C50._)",,false,false,,false
1449,120,C,8230/2,morphology,Carcinoma,Ductal,"in situ, solid type (C50._)",,false,false,,false
1450,120,C,8552/3,morphology,Carcinoma,,"ductal-acinar, mixed",,false,false,,false
1451,120,C,8521/3,morphology,Carcinoma,,"ductular, infiltrating (C50._)",,false,false,,false
1452,120,C,9070/3,morphology,Carcinoma,Embryonal,NOS,,false,false,,false
1453,120,C,9081/3,morphology,Carcinoma,Embryonal,"and teratoma, mixed",,false,false,,false
1454,120,C,9101/3,morphology,Carcinoma,Embryonal,combined with choriocarcinoma,,false,false,,false
1455,120,C,9071/3,morphology,Carcinoma,Embryonal,infantile,,false,false,,false
1456,120,C,9072/3,morphology,Carcinoma,Embryonal,polyembryonal type,,false,false,,false
1457,120,C,8154/3,morphology,Carcinoma,,endocrine-ductal-acinar,,false,false,,false
1458,120,C,8380/3,morphology,Carcinoma,,"endometrioid, NOS",,false,false,,false
1459,120,C,8280/3,morphology,Carcinoma,,eosinophil (C75.1),C75.1,false,false,,false
1460,120,C,8070/3,morphology,Carcinoma,Epidermoid,NOS,,false,false,,false
1461,120,C,8560/3,morphology,Carcinoma,Epidermoid,"and adenocarcinoma, mixed",,false,false,,false
1462,120,C,8070/2,morphology,Carcinoma,Epidermoid,"in situ, NOS",,false,false,,false
1463,120,C,8076/2,morphology,Carcinoma,Epidermoid,in situ with questionable stromal invasion,,false,false,,false
1464,120,C,8071/3,morphology,Carcinoma,Epidermoid,keratinizing,,false,false,,false
1465,120,C,8072/3,morphology,Carcinoma,Epidermoid,"large cell, nonkeratinizing",,false,false,,false
1466,120,C,8052/3,morphology,Carcinoma,Epidermoid,papillary,,false,false,,false
1467,120,C,8073/3,morphology,Carcinoma,Epidermoid,"small cell, nonkeratinizing",,false,false,,false
1468,120,C,8074/3,morphology,Carcinoma,Epidermoid,spindle cell,,false,false,,false
1469,120,C,8051/3,morphology,Carcinoma,Epidermoid,verrucous,,false,false,,false
1470,120,C,8562/3,morphology,Carcinoma,,epithelial-myoepithelial,,false,false,,false
1471,120,C,8171/3,morphology,Carcinoma,,fibrolamellar hepatocellular (C22.0),C22.0,false,false,,false
1472,120,C,8330/3,morphology,Carcinoma,Follicular,NOS (C73.9),C73.9,false,false,,false
1473,120,C,8340/3,morphology,Carcinoma,Follicular,and papillary (C73.9),C73.9,false,false,,false
1474,120,C,8335/3,morphology,Carcinoma,Follicular,encapsulated (C73.9),C73.9,false,false,,false
1475,120,C,8335/3,morphology,Carcinoma,Follicular,minimally invasive (C73.9),C73.9,false,false,,false
1476,120,C,8332/3,morphology,Carcinoma,Follicular,moderately differentiated (C73.9),C73.9,false,false,,false
1477,120,C,8290/3,morphology,Carcinoma,Follicular,oxyphilic cell (C73.9),C73.9,false,false,,false
1478,120,C,8332/3,morphology,Carcinoma,Follicular,trabecular (C73.9),C73.9,false,false,,false
1479,120,C,8331/3,morphology,Carcinoma,Follicular,well differentiated (C73.9),C73.9,false,false,,false
1480,120,C,8346/3,morphology,Carcinoma,,"follicular-medullary, mixed (C73.9)",C73.9,false,false,,false
1481,120,C,8480/3,morphology,Carcinoma,,gelatinous [obs],,true,false,,false
1482,120,C,8031/3,morphology,Carcinoma,,giant cell,,false,false,,false
1483,120,C,8030/3,morphology,Carcinoma,,giant cell and spindle cell,,false,false,,false
1484,120,C,8015/3,morphology,Carcinoma,,glassy cell,,false,false,,false
1485,120,C,8315/3,morphology,Carcinoma,,glycogen-rich (C50._),,false,false,,false
1486,120,C,8320/3,morphology,Carcinoma,,granular cell,,false,false,,false
1487,120,C,8620/3,morphology,Carcinoma,,granulosa cell (C56.9),C56.9,false,false,,false
1488,120,C,8172/3,morphology,Carcinoma,,"hepatic, sclerosing (C22.0)",C22.0,false,false,,false
1489,121,C,8170/3,morphology,Carcinoma,Hepatocellular,NOS (C22.0),C22.0,false,false,,false
1490,121,C,8180/3,morphology,Carcinoma,Hepatocellular,"and bile duct, mixed (C22.0)",C22.0,false,false,,false
1491,121,C,8180/3,morphology,Carcinoma,Hepatocellular,"and cholangiocarcinoma, combined (C22.0)",C22.0,false,false,,false
1492,121,C,8174/3,morphology,Carcinoma,Hepatocellular,clear cell type (C22.0),C22.0,false,false,,false
1493,121,C,8171/3,morphology,Carcinoma,Hepatocellular,fibrolamellar (C22.0),C22.0,false,false,,false
1494,121,C,8175/3,morphology,Carcinoma,Hepatocellular,pleomorphic type (C22.0),C22.0,false,false,,false
1495,121,C,8173/3,morphology,Carcinoma,Hepatocellular,sarcomatoid (C22.0),C22.0,false,false,,false
1496,121,C,8172/3,morphology,Carcinoma,Hepatocellular,scirrhous (C22.0),C22.0,false,false,,false
1497,121,C,8173/3,morphology,Carcinoma,Hepatocellular,spindle cell variant (C22.0),C22.0,false,false,,false
1498,121,C,8575/3,morphology,Carcinoma,,hepatoid,,false,false,,false
1499,121,C,8290/3,morphology,Carcinoma,,Hurthle cell (C73.9),C73.9,false,false,,false
1500,121,C,8210/3,morphology,Carcinoma,,in adenomatous polyp,,false,false,,false
1501,121,C,8210/3,morphology,Carcinoma,,"in a polyp, NOS",,false,false,,false
1502,121,C,9071/3,morphology,Carcinoma,,"infantile, embryonal",,false,false,,false
1503,121,C,8500/3,morphology,Carcinoma,Infiltrating duct,NOS (C50._),,false,false,,false
1504,121,C,8523/3,morphology,Carcinoma,Infiltrating duct,and colloid (C50._),,false,false,,false
1505,121,C,8523/3,morphology,Carcinoma,Infiltrating duct,and cribriform (C50._),,false,false,,false
1506,121,C,8522/3,morphology,Carcinoma,Infiltrating duct,and lobular (C50._),,false,false,,false
1507,121,C,8522/3,morphology,Carcinoma,Infiltrating duct,and lobular in situ (C50._),,false,false,,false
1508,121,C,8523/3,morphology,Carcinoma,Infiltrating duct,and mucinous (C50._),,false,false,,false
1509,121,C,8541/3,morphology,Carcinoma,Infiltrating duct,"and Paget disease, breast (C50._)",,false,false,,false
1510,121,C,8523/3,morphology,Carcinoma,Infiltrating duct,and tubular (C50._),,false,false,,false
1511,121,C,8523/3,morphology,Carcinoma,Infiltrating duct,mixed with other types (C50._),,false,false,,false
1512,121,C,8521/3,morphology,Carcinoma,,infiltrating ductular (C50._),,false,false,,false
1513,121,C,8520/3,morphology,Carcinoma,Infiltrating lobular,NOS (C50._),,false,false,,false
1514,121,C,8522/3,morphology,Carcinoma,Infiltrating lobular,and ductal carcinoma in situ (C50._),,false,false,,false
1515,121,C,8524/3,morphology,Carcinoma,Infiltrating lobular,mixed with other types (C50._),,false,false,,false
1516,121,C,8530/3,morphology,Carcinoma,,inflammatory (C50._),,false,false,,false
1517,121,C,8941/3,morphology,Carcinoma,,"in pleomorphic adenoma (C07._, C08._)",,false,false,,false
1518,121,C,8010/2,morphology,Carcinoma,In situ,NOS,,false,false,,false
1519,121,C,8522/3,morphology,Carcinoma,In situ,ductal and infiltrating lobular (C50._),,false,false,,false
1520,121,C,8070/2,morphology,Carcinoma,In situ,"epidermoid, NOS",,false,false,,false
1521,121,C,8076/2,morphology,Carcinoma,In situ,"epidermoid, with questionable stromal invasion",,false,false,,false
1522,121,C,8210/2,morphology,Carcinoma,In situ,in adenomatous polyp,,false,false,,false
1523,121,C,8210/2,morphology,Carcinoma,In situ,"in a polyp, NOS",,false,false,,false
1524,121,C,8522/2,morphology,Carcinoma,In situ,lobular and intraductal (C50._),,false,false,,false
1525,121,C,8522/3,morphology,Carcinoma,In situ,lobular carcinoma and infiltrating duct (C50._),,false,false,,false
1526,121,C,8520/2,morphology,Carcinoma,In situ,"lobular, NOS (C50._)",,false,false,,false
1527,121,C,8050/2,morphology,Carcinoma,In situ,papillary,,false,false,,false
1528,121,C,8120/2,morphology,Carcinoma,In situ,urothelial (C67._),,false,false,,false
1529,121,C,8337/3,morphology,Carcinoma,,insular (C73.9),C73.9,false,false,,false
1530,121,C,8144/3,morphology,Carcinoma,,intestinal type (C16._),,false,false,,false
1531,121,C,8504/2,morphology,Carcinoma,,"intracystic, noninfiltrating",,false,false,,false
1532,121,C,8504/3,morphology,Carcinoma,,"intracystic, NOS",,false,false,,false
1533,121,C,8504/3,morphology,Carcinoma,,"intracystic, papillary",,false,false,,false
1534,121,C,8500/2,morphology,Carcinoma,Intraductal,NOS,,false,false,,false
1535,121,C,8522/3,morphology,Carcinoma,Intraductal,and lobular (C50._),,false,false,,false
1536,121,C,8522/2,morphology,Carcinoma,Intraductal,and lobular in situ (C50._),,false,false,,false
1537,121,C,8543/3,morphology,Carcinoma,Intraductal,"and Paget disease, breast (C50._)",,false,false,,false
1538,121,C,8507/2,morphology,Carcinoma,Intraductal,clinging (C50._),,false,false,,false
1539,121,C,8507/2,morphology,Carcinoma,Intraductal,micropapillary (C50._),,false,false,,false
1540,121,C,8500/2,morphology,Carcinoma,Intraductal,"noninfiltrating, NOS",,false,false,,false
1541,121,C,8503/2,morphology,Carcinoma,Intraductal,"noninfiltrating, papillary (C50._)",,false,false,,false
1542,121,C,8503/2,morphology,Carcinoma,Intraductal,"papillary, noninfiltrating (C50._)",,false,false,,false
1543,121,C,8503/2,morphology,Carcinoma,Intraductal,"papillary, NOS (C50._)",,false,false,,false
1544,121,C,8230/2,morphology,Carcinoma,Intraductal,solid type,,false,false,,false
1545,121,C,8070/2,morphology,Carcinoma,,"intraepidermal, NOS",,false,false,,false
1546,121,C,8081/2,morphology,Carcinoma,,"intraepidermal squamous cell, Bowen type (C44._)",,false,false,,false
1547,121,C,8010/2,morphology,Carcinoma,,"intraepithelial, NOS",,false,false,,false
1548,121,C,8070/2,morphology,Carcinoma,,intraepithelial squamous cell,,false,false,,false
1549,121,C,9270/3,morphology,Carcinoma,,"intraosseous, primary (C41.1)",C41.1,false,false,,false
1550,121,C,8150/3,morphology,Carcinoma,,islet cell (C25._),,false,false,,false
1551,121,C,8502/3,morphology,Carcinoma,,"juvenile, breast (C50._)",,false,false,,false
1552,121,C,8012/3,morphology,Carcinoma,Large cell,NOS,,false,false,,false
1553,121,C,8072/3,morphology,Carcinoma,Large cell,"epidermoid, nonkeratinizing",,false,false,,false
1554,121,C,8013/3,morphology,Carcinoma,Large cell,neuroendocrine,,false,false,,false
1555,121,C,8071/3,morphology,Carcinoma,Large cell,"squamous cell, keratinizing",,false,false,,false
1556,121,C,8072/3,morphology,Carcinoma,Large cell,"squamous cell, nonkeratinizing, NOS",,false,false,,false
1557,121,C,8014/3,morphology,Carcinoma,Large cell,with rhabdoid phenotype,,false,false,,false
1558,121,C,8045/3,morphology,Carcinoma,,"large cell-small cell, combined (C34._)",,false,false,,false
1559,121,C,8314/3,morphology,Carcinoma,,lipid-rich (C50._),,false,false,,false
1560,121,C,8170/3,morphology,Carcinoma,,liver cell (C22.0),C22.0,false,false,,false
1561,121,C,8520/3,morphology,Carcinoma,Lobular,NOS (C50._),,false,false,,false
1562,121,C,8522/3,morphology,Carcinoma,Lobular,and ductal (C50._),,false,false,,false
1563,121,C,8522/3,morphology,Carcinoma,Lobular,and infiltrating duct (C50._),,false,false,,false
1564,121,C,8522/3,morphology,Carcinoma,Lobular,and intraductal (C50._),,false,false,,false
1565,121,C,8522/3,morphology,Carcinoma,Lobular,infiltrating and ductal in situ (C50._),,false,false,,false
1566,121,C,8520/3,morphology,Carcinoma,Lobular,infiltrating (C50._),,false,false,,false
1567,121,C,8522/3,morphology,Carcinoma,Lobular,in situ and infiltrating duct (C50._),,false,false,,false
1568,121,C,8522/2,morphology,Carcinoma,Lobular,in situ and intraductal (C50._),,false,false,,false
1569,121,C,8520/2,morphology,Carcinoma,Lobular,in situ (C50._),,false,false,,false
1570,121,C,8520/2,morphology,Carcinoma,Lobular,noninfiltrating (C50._),,false,false,,false
1571,121,C,8082/3,morphology,Carcinoma,,lymphoepithelial,,false,false,,false
1572,121,C,8082/3,morphology,Carcinoma,,lymphoepithelioma-like,,false,false,,false
1573,121,C,8110/3,morphology,Carcinoma,,matrical (C44._),,false,false,,false
1574,121,C,8510/3,morphology,Carcinoma,Medullary,NOS,,false,false,,false
1575,121,C,8513/3,morphology,Carcinoma,Medullary,atypical (C50._),,false,false,,false
1576,121,C,8345/3,morphology,Carcinoma,Medullary,with amyloid stroma (C73.9),C73.9,false,false,,false
1577,121,C,8512/3,morphology,Carcinoma,Medullary,with lymphoid stroma,,false,false,,false
1578,122,C,8346/3,morphology,Carcinoma,,medullary-follicular mixed (C73.9),C73.9,false,false,,false
1579,122,C,8347/3,morphology,Carcinoma,,"medullary-papillary, mixed (C73.9)",C73.9,false,false,,false
1580,122,C,8247/3,morphology,Carcinoma,,Merkel cell (C44._),,false,false,,false
1581,122,C,8575/3,morphology,Carcinoma,,"metaplastic, NOS",,false,false,,false
1582,122,C,8010/6,morphology,Carcinoma,,"metastatic, NOS",,false,false,,false
1583,122,C,8490/6,morphology,Carcinoma,,metastatic signet ring cell,,false,false,,false
1584,122,C,8095/3,morphology,Carcinoma,,metatypical (C44._),,false,false,,false
1585,122,C,8407/3,morphology,Carcinoma,,microcystic adnexal (C44._),,false,false,,false
1586,122,C,8076/3,morphology,Carcinoma,,microinvasive squamous cell,,false,false,,false
1587,122,C,8265/3,morphology,Carcinoma,Micropapillary,"NOS (C18._, C19.9, C20.9)",,false,false,,false
1588,122,C,8507/2,morphology,Carcinoma,Micropapillary,intraductal (C50._),,false,false,,false
1589,122,C,8460/3,morphology,Carcinoma,Micropapillary,serous (C56.9),C56.9,false,false,,false
1590,122,C,8131/3,morphology,Carcinoma,Micropapillary,transitional cell (C67._),,false,false,,false
1591,122,C,8552/3,morphology,Carcinoma,Mixed,acinar-ductal,,false,false,,false
1592,122,C,8154/3,morphology,Carcinoma,Mixed,acinar-endocrine (C25._),,false,false,,false
1593,122,C,8154/3,morphology,Carcinoma,Mixed,acinar-endocrine-ductal,,false,false,,false
1594,122,C,8560/3,morphology,Carcinoma,Mixed,adenocarcinoma and epidermoid,,false,false,,false
1595,122,C,8560/3,morphology,Carcinoma,Mixed,adenocarcinoma and squamous cell,,false,false,,false
1596,122,C,8244/3,morphology,Carcinoma,Mixed,adenoneuroendocrine,,false,false,,false
1597,122,C,8094/3,morphology,Carcinoma,Mixed,basal-squamous cell (C44._),,false,false,,false
1598,122,C,8552/3,morphology,Carcinoma,Mixed,ductal-acinar,,false,false,,false
1599,122,C,8154/3,morphology,Carcinoma,Mixed,ductal-acinar-endocrine,,false,false,,false
1600,122,C,8154/3,morphology,Carcinoma,Mixed,ductal-endocrine (C25._),,false,false,,false
1601,122,C,8154/3,morphology,Carcinoma,Mixed,endocrine-ductal-acinar,,false,false,,false
1602,122,C,8346/3,morphology,Carcinoma,Mixed,follicular-medullary (C73.9),C73.9,false,false,,false
1603,122,C,8180/3,morphology,Carcinoma,Mixed,hepatocellular and bile duct (22.0),,false,false,,false
1604,122,C,8346/3,morphology,Carcinoma,Mixed,medullary-follicular (C73.9),C73.9,false,false,,false
1605,122,C,8347/3,morphology,Carcinoma,Mixed,medullary-papillary (C73.9),C73.9,false,false,,false
1606,122,C,8347/3,morphology,Carcinoma,Mixed,papillary-medullary (C73.9),C73.9,false,false,,false
1607,122,C,8045/3,morphology,Carcinoma,Mixed,small cell,,false,false,,false
1608,122,C,8560/3,morphology,Carcinoma,Mixed,squamous cell and adenocarcinoma,,false,false,,false
1609,122,C,8523/3,morphology,Carcinoma,Mixed,"with other types, infiltrating duct (C50._)",,false,false,,false
1610,122,C,8524/3,morphology,Carcinoma,Mixed,"with other types, infiltrating lobular (C50._)",,false,false,,false
1611,122,C,8480/3,morphology,Carcinoma,,mucinous,,false,false,,false
1612,122,C,8523/3,morphology,Carcinoma,,mucinous and infiltrating duct (C50._),,false,false,,false
1613,122,C,8481/3,morphology,Carcinoma,,mucin-producing,,false,false,,false
1614,122,C,8481/3,morphology,Carcinoma,,mucin-secreting,,false,false,,false
1615,122,C,8430/3,morphology,Carcinoma,,mucoepidermoid,,false,false,,false
1616,122,C,8480/3,morphology,Carcinoma,,mucoid,,false,false,,false
1617,122,C,8480/3,morphology,Carcinoma,,mucous,,false,false,,false
1618,122,C,8091/3,morphology,Carcinoma,,multicentric basal cell (C44._),,false,false,,false
1619,122,C,8091/3,morphology,Carcinoma,,multifocal superficial basal cell (C44._),,false,false,,false
1620,122,C,8982/3,morphology,Carcinoma,,myoepithelial,,false,false,,false
1621,122,C,8562/3,morphology,Carcinoma,,myoepithelial-epithelial,,false,false,,false
1622,122,C,8246/3,morphology,Carcinoma,Neuroendocrine,NOS,,false,false,,false
1623,122,C,8013/3,morphology,Carcinoma,Neuroendocrine,large cell,,false,false,,false
1624,122,C,8240/3,morphology,Carcinoma,Neuroendocrine,low grade,,false,false,,false
1625,122,C,8249/3,morphology,Carcinoma,Neuroendocrine,moderately differentiated,,false,false,,false
1626,122,C,8247/3,morphology,Carcinoma,Neuroendocrine,primary cutaneous (C44._),,false,false,,false
1627,122,C,8240/3,morphology,Carcinoma,Neuroendocrine,well-differentiated,,false,false,,false
1628,122,C,8350/3,morphology,Carcinoma,,nonencapsulated sclerosing (C73.9),C73.9,false,false,,false
1629,122,C,8504/2,morphology,Carcinoma,Noninfiltrating,intracystic,,false,false,,false
1630,122,C,8500/2,morphology,Carcinoma,Noninfiltrating,"intraductal, NOS",,false,false,,false
1631,122,C,8503/2,morphology,Carcinoma,Noninfiltrating,intraductal papillary (C50._),,false,false,,false
1632,122,C,8520/2,morphology,Carcinoma,Noninfiltrating,lobular (C.50_),,false,false,,false
1633,122,C,8130/2,morphology,Carcinoma,,"non-invasive, papillary transitional cell (C67._)",,false,false,,false
1634,122,C,8130/2,morphology,Carcinoma,,"non-invasive, papillary urothelial (C67._)",,false,false,,false
1635,122,C,8046/3,morphology,Carcinoma,,non-small cell (C34._),,false,false,,false
1636,122,C,8042/3,morphology,Carcinoma,,oat cell (C34._),,false,false,,false
1637,122,C,9270/3,morphology,Carcinoma,,odontogenic (C41._),,false,false,,false
1638,122,C,8290/3,morphology,Carcinoma,,oncocytic,,false,false,,false
1639,122,C,8523/3,morphology,Carcinoma,,"other types, infiltrating duct mixed with (C50._)",,false,false,,false
1640,122,C,8524/3,morphology,Carcinoma,,"other types, infiltrating lobular mixed with (C50._)",,false,false,,false
1641,122,C,8163/3,morphology,Carcinoma,,pancreatobiliary-type,,false,false,,false
1642,122,C,8050/3,morphology,Carcinoma,Papillary,NOS,,false,false,,false
1643,122,C,8340/3,morphology,Carcinoma,Papillary,and follicular (C73.9),C73.9,false,false,,false
1644,122,C,8344/3,morphology,Carcinoma,Papillary,columnar cell (C73.9),C73.9,false,false,,false
1645,122,C,8350/3,morphology,Carcinoma,Papillary,diffuse sclerosing (C73.9),C73.9,false,false,,false
1646,122,C,8343/3,morphology,Carcinoma,Papillary,encapsulated (C73.9),C73.9,false,false,,false
1647,122,C,8052/3,morphology,Carcinoma,Papillary,epidermoid,,false,false,,false
1648,122,C,8340/3,morphology,Carcinoma,Papillary,follicular variant (C73.9),C73.9,false,false,,false
1649,122,C,8050/2,morphology,Carcinoma,Papillary,in situ,,false,false,,false
1650,122,C,8504/3,morphology,Carcinoma,Papillary,intracystic,,false,false,,false
1651,122,C,8503/2,morphology,Carcinoma,Papillary,"intraductal, noninfiltrating (C50._)",,false,false,,false
1652,122,C,8503/2,morphology,Carcinoma,Papillary,"intraductal, NOS (C50._)",,false,false,,false
1653,122,C,8342/3,morphology,Carcinoma,Papillary,oxyphilic cell (C73.9),C73.9,false,false,,false
1654,122,C,8260/3,morphology,Carcinoma,Papillary,renal cell (C64.9),C64.9,false,false,,false
1655,122,C,8461/3,morphology,Carcinoma,Papillary,"serous, primary, peritoneum (C48.1)",C48.1,false,false,,false
1656,122,C,8461/3,morphology,Carcinoma,Papillary,serous surface (C56.9) Squamous cell,C56.9,false,false,,false
1657,122,C,8052/3,morphology,Carcinoma,Papillary,NOS,,false,false,,false
1658,122,C,8052/2,morphology,Carcinoma,Papillary,in situ,,false,false,,false
1659,122,C,8052/2,morphology,Carcinoma,Papillary,non-invasive,,false,false,,false
1660,122,C,8344/3,morphology,Carcinoma,Papillary,tall cell (C73.9),C73.9,false,false,,false
1661,122,C,8260/3,morphology,Carcinoma,Papillary,thyroid (C73.9),C73.9,false,false,,false
1662,122,C,8130/3,morphology,Carcinoma,Papillary,transitional cell (C67._),,false,false,,false
1663,122,C,8130/2,morphology,Carcinoma,Papillary,"transitional cell, non-invasive (C67._)",,false,false,,false
1664,122,C,8130/3,morphology,Carcinoma,Papillary,urothelial (C67._),,false,false,,false
1665,122,C,8130/2,morphology,Carcinoma,Papillary,"urothelial, non-invasive (C67._)",,false,false,,false
1666,122,C,8347/3,morphology,Carcinoma,,"papillary-medullary, mixed (C73.9)",C73.9,false,false,,false
1667,122,C,8453/2,morphology,Carcinoma,,"papillary-mucinous, intraductal, non- invasive (C25._)",,false,false,,false
1668,122,C,8345/3,morphology,Carcinoma,,parafollicular cell (C73.9),C73.9,false,false,,false
1669,123,C,8214/3,morphology,Carcinoma,,parietal cell (C16._),,false,false,,false
1670,123,C,8090/3,morphology,Carcinoma,,pigmented basal cell (C44._),,false,false,,false
1671,123,C,8110/3,morphology,Carcinoma,,pilomatrix (C44._),,false,false,,false
1672,123,C,8272/3,morphology,Carcinoma,,"pituitary, NOS (C75.1)",C75.1,false,false,,false
1673,123,C,8022/3,morphology,Carcinoma,,pleomorphic,,false,false,,false
1674,123,C,8034/3,morphology,Carcinoma,,polygonal cell,,false,false,,false
1675,123,C,8490/3,morphology,Carcinoma,,poorly cohesive,,false,false,,false
1676,123,C,9270/3,morphology,Carcinoma,,primary intraosseous carcinoma (C41.1),C41.1,false,false,,false
1677,123,C,8461/3,morphology,Carcinoma,,"primary serous papillary, peritoneum (C48.1)",C48.1,false,false,,false
1678,123,C,8075/3,morphology,Carcinoma,,pseudoglandular squamous cell,,false,false,,false
1679,123,C,8033/3,morphology,Carcinoma,,pseudosarcomatous,,false,false,,false
1680,123,C,8312/3,morphology,Carcinoma,Renal cell,NOS (C64.9),C64.9,false,false,,false
1681,123,C,8317/3,morphology,Carcinoma,Renal cell,chromophobe type (C64.9),C64.9,false,false,,false
1682,123,C,8316/3,morphology,Carcinoma,Renal cell,cyst-associated (C64.9),C64.9,false,false,,false
1683,123,C,8260/3,morphology,Carcinoma,Renal cell,papillary (C64.9),C64.9,false,false,,false
1684,123,C,8318/3,morphology,Carcinoma,Renal cell,sarcomatoid (C64.9),C64.9,false,false,,false
1685,123,C,8318/3,morphology,Carcinoma,Renal cell,spindle cell (C64.9),C64.9,false,false,,false
1686,123,C,8317/3,morphology,Carcinoma,,"renal, chromophobe cell (C64.9)",C64.9,false,false,,false
1687,123,C,8319/3,morphology,Carcinoma,,"renal, collecting duct type (C64.9)",C64.9,false,false,,false
1688,123,C,8041/3,morphology,Carcinoma,,reserve cell,,false,false,,false
1689,123,C,8041/3,morphology,Carcinoma,,round cell,,false,false,,false
1690,123,C,8033/3,morphology,Carcinoma,,sarcomatoid,,false,false,,false
1691,123,C,8318/3,morphology,Carcinoma,,sarcomatoid renal cell (C64.9),C64.9,false,false,,false
1692,123,C,8121/3,morphology,Carcinoma,,"Schneiderian (C30.0, C31._)",,false,false,,false
1693,123,C,8141/3,morphology,Carcinoma,,scirrhous,,false,false,,false
1694,123,C,8350/3,morphology,Carcinoma,,"sclerosing, nonencapsulated (C73.9)",C73.9,false,false,,false
1695,123,C,8407/3,morphology,Carcinoma,,sclerosing sweat duct (C44._),,false,false,,false
1696,123,C,8410/3,morphology,Carcinoma,,sebaceous (C44._),,false,false,,false
1697,123,C,8010/6,morphology,Carcinoma,,secondary,,false,false,,false
1698,123,C,8502/3,morphology,Carcinoma,,"secretory, breast (C50._)",,false,false,,false
1699,123,C,8441/3,morphology,Carcinoma,Serous,NOS,,false,false,,false
1700,123,C,8461/3,morphology,Carcinoma,Serous,"papillary, primary, peritoneum (C48.1)",C48.1,false,false,,false
1701,123,C,8461/3,morphology,Carcinoma,Serous,surface papillary (C56.9),C56.9,false,false,,false
1702,123,C,8640/3,morphology,Carcinoma,,Sertoli cell (C62._),,false,false,,false
1703,123,C,8589/3,morphology,Carcinoma,,showing thymus-like differentiation,,false,false,,false
1704,123,C,8589/3,morphology,Carcinoma,,showing thymus-like element,,false,false,,false
1705,123,C,8490/3,morphology,Carcinoma,,signet ring cell,,false,false,,false
1706,123,C,8490/6,morphology,Carcinoma,,"signet ring cell, metastatic",,false,false,,false
1707,123,C,8231/3,morphology,Carcinoma,,simplex,,false,false,,false
1708,123,C,8390/3,morphology,Carcinoma,,skin appendage (C44._),,false,false,,false
1709,123,C,8041/3,morphology,Carcinoma,Small cell,NOS,,false,false,,false
1710,123,C,8043/3,morphology,Carcinoma,Small cell,fusiform cell,,false,false,,false
1711,123,C,8044/3,morphology,Carcinoma,Small cell,intermediate cell,,false,false,,false
1712,123,C,8041/3,morphology,Carcinoma,Small cell,neuroendocrine,,false,false,,false
1713,123,C,8073/3,morphology,Carcinoma,Small cell,"squamous cell, nonkeratinizing",,false,false,,false
1714,123,C,8045/3,morphology,Carcinoma,,"small cell-large cell, combined (C34._) 8102/3 trichilemmal (C44._)",,false,false,,false
1715,123,C,8230/3,morphology,Carcinoma,Solid,NOS,,false,false,,false
1716,123,C,8452/3,morphology,Carcinoma,Solid,pseudopapillary (C25._),,false,false,,false
1717,123,C,8230/3,morphology,Carcinoma,Solid,with mucin formation,,false,false,,false
1718,123,C,8032/3,morphology,Carcinoma,Spindle cell,NOS,,false,false,,false
1719,123,C,8030/3,morphology,Carcinoma,Spindle cell,and giant cell,,false,false,,false
1720,123,C,8318/3,morphology,Carcinoma,Spindle cell,renal cell (C64.9),C64.9,false,false,,false
1721,123,C,8070/3,morphology,Carcinoma,,squamous,,false,false,,false
1722,123,C,8070/3,morphology,Carcinoma,Squamous cell,NOS,,false,false,,false
1723,123,C,8070/6,morphology,Carcinoma,Squamous cell,"NOS, metastatic",,false,false,,false
1724,123,C,8075/3,morphology,Carcinoma,Squamous cell,acantholytic,,false,false,,false
1725,123,C,8075/3,morphology,Carcinoma,Squamous cell,adenoid,,false,false,,false
1726,123,C,8083/3,morphology,Carcinoma,Squamous cell,basaloid,,false,false,,false
1727,123,C,8084/3,morphology,Carcinoma,Squamous cell,clear cell type,,false,false,,false
1728,123,C,8070/2,morphology,Carcinoma,Squamous cell,"in situ, NOS",,false,false,,false
1729,123,C,8076/2,morphology,Carcinoma,Squamous cell,in situ with questionable stromal invasion,,false,false,,false
1730,123,C,8081/2,morphology,Carcinoma,Squamous cell,"intraepidermal, Bowen type (C44._)",,false,false,,false
1731,123,C,8070/2,morphology,Carcinoma,Squamous cell,intraepithelial,,false,false,,false
1732,123,C,8071/3,morphology,Carcinoma,Squamous cell,"keratinizing, NOS",,false,false,,false
1733,123,C,8071/3,morphology,Carcinoma,Squamous cell,"large cell, keratinizing",,false,false,,false
1734,123,C,8072/3,morphology,Carcinoma,Squamous cell,"large cell, nonkeratinizing, NOS",,false,false,,false
1735,123,C,8070/6,morphology,Carcinoma,Squamous cell,"metastatic, NOS",,false,false,,false
1736,123,C,8076/3,morphology,Carcinoma,Squamous cell,microinvasive,,false,false,,false
1737,123,C,8072/3,morphology,Carcinoma,Squamous cell,"nonkeratinizing, NOS",,false,false,,false
1738,123,C,8052/3,morphology,Carcinoma,Squamous cell,papillary,,false,false,,false
1739,123,C,8052/2,morphology,Carcinoma,Squamous cell,"papillary, non-invasive",,false,false,,false
1740,123,C,8075/3,morphology,Carcinoma,Squamous cell,pseudoglandular,,false,false,,false
1741,123,C,8074/3,morphology,Carcinoma,Squamous cell,sarcomatoid,,false,false,,false
1742,123,C,8073/3,morphology,Carcinoma,Squamous cell,"small cell, nonkeratinizing",,false,false,,false
1743,123,C,8074/3,morphology,Carcinoma,Squamous cell,spindle cell,,false,false,,false
1744,123,C,8051/3,morphology,Carcinoma,Squamous cell,verrucous,,false,false,,false
1745,123,C,8078/3,morphology,Carcinoma,Squamous cell,with horn formation,,false,false,,false
1746,123,C,8407/3,morphology,Carcinoma,,"sweat duct, sclerosing (C44._)",,false,false,,false
1747,123,C,8400/3,morphology,Carcinoma,,sweat gland (C44._),,false,false,,false
1748,123,C,8407/3,morphology,Carcinoma,,syringomatous (C44._),,false,false,,false
1749,123,C,8586/3,morphology,Carcinoma,,"thymic, NOS (C37.9)",C37.9,false,false,,false
1750,123,C,8585/3,morphology,Carcinoma,,"thymic, well differentiated (C37.9)",C37.9,false,false,,false
1751,123,C,8190/3,morphology,Carcinoma,,trabecular,,false,false,,false
1752,123,C,8120/3,morphology,Carcinoma,,transitional,,false,false,,false
1753,123,C,8120/3,morphology,Carcinoma,Transitional cell,NOS,,false,false,,false
1754,123,C,8120/2,morphology,Carcinoma,Transitional cell,in situ,,false,false,,false
1755,123,C,8131/3,morphology,Carcinoma,Transitional cell,micropapillary (C67._),,false,false,,false
1756,123,C,8130/3,morphology,Carcinoma,Transitional cell,papillary (C67._),,false,false,,false
1757,123,C,8130/2,morphology,Carcinoma,Transitional cell,"papillary, non-invasive (C67._)",,false,false,,false
1758,123,C,8122/3,morphology,Carcinoma,Transitional cell,sarcomatoid,,false,false,,false
1759,123,C,8122/3,morphology,Carcinoma,Transitional cell,spindle cell,,false,false,,false
1760,123,C,8211/3,morphology,Carcinoma,,tubular,,false,false,,false
1761,124,C,8523/3,morphology,Carcinoma,,tubular and infiltrating duct (C50._),,false,false,,false
1762,124,C,8020/3,morphology,Carcinoma,,"undifferentiated, NOS",,false,false,,false
1763,124,C,8120/3,morphology,Carcinoma,Urothelial,NOS,,false,false,,false
1764,124,C,8120/2,morphology,Carcinoma,Urothelial,in situ,,false,false,,false
1765,124,C,8130/2,morphology,Carcinoma,Urothelial,"non-invasive, papillary (C67._)",,false,false,,false
1766,124,C,8130/2,morphology,Carcinoma,Urothelial,"papillary, non-invasive (C67._)",,false,false,,false
1767,124,C,8051/3,morphology,Carcinoma,Verrucous,NOS,,false,false,,false
1768,124,C,8051/3,morphology,Carcinoma,Verrucous,epidermoid,,false,false,,false
1769,124,C,8051/3,morphology,Carcinoma,Verrucous,squamous cell,,false,false,,false
1770,124,C,8051/3,morphology,Carcinoma,,warty,,false,false,,false
1771,124,C,8322/3,morphology,Carcinoma,,water-clear cell (C75.0),C75.0,false,false,,false
1772,124,C,8573/3,morphology,Carcinoma,,with apocrine metaplasia,,false,false,,false
1773,124,C,8574/3,morphology,Carcinoma,,with neuroendocrine differentiation,,false,false,,false
1774,124,C,8035/3,morphology,Carcinoma,,with osteoclast-like giant cells,,false,false,,false
1775,124,C,8141/3,morphology,Carcinoma,,with productive fibrosis,,false,false,,false
1776,124,C,9110/3,morphology,Carcinoma,,Wolffian duct,,false,false,,false
1777,124,C,8010/9,morphology,Carcinomatosis,,Carcinomatosis,,false,false,,true
1778,124,C,8980/3,morphology,Carcinosarcoma,,NOS,,false,false,,false
1779,124,C,8981/3,morphology,Carcinosarcoma,,embryonal,,false,false,,false
1780,124,C,9342/3,morphology,Carcinosarcoma,,odontogenic (C41._),,false,false,,false
1781,124,C,C38.0,topography,Cardiac atrium,,Cardiac atrium,,false,false,,true
1782,124,C,C38.0,topography,Cardiac ventricle,,Cardiac ventricle,,false,false,,true
1783,124,C,C16.0,topography,"Cardia, gastric",,"Cardia, gastric",,false,false,,true
1784,124,C,C16.0,topography,"Cardia, NOS",,"Cardia, NOS",,false,false,,true
1785,124,C,C16.0,topography,Cardioesophageal junction,,Cardioesophageal junction,,false,false,,true
1786,124,C,C34.0,topography,Carina,,Carina,,false,false,,true
1787,124,C,C49.0,topography,Carotid artery,,Carotid artery,,false,false,,true
1788,124,C,C75.4,topography,Carotid body,,Carotid body,,false,false,,true
1789,124,C,8692/1,morphology,Carotid body paraganglioma,,Carotid body paraganglioma (C75.4),C75.4,false,false,,true
1790,124,C,8692/1,morphology,Carotid body tumor,,Carotid body tumor (C75.4),C75.4,false,false,,true
1791,124,C,C40.1,topography,Carpal bone,,Carpal bone,,false,false,,true
1792,124,C,C41.9,topography,Cartilage,,NOS,,false,false,,false
1793,124,C,C41.9,topography,Cartilage,,"articular, NOS",,false,false,,false
1794,124,C,C40.9,topography,Cartilage,,"articular of limb, NOS",,false,false,,false
1795,124,C,C32.3,topography,Cartilage,,arytenoid,,false,false,,false
1796,124,C,C49.0,topography,Cartilage,,auricular,,false,false,,false
1797,124,C,C41.3,topography,Cartilage,,costal,,false,false,,false
1798,124,C,C32.3,topography,Cartilage,,cricoid,,false,false,,false
1799,124,C,C32.3,topography,Cartilage,,cuneiform,,false,false,,false
1800,124,C,C49.0,topography,Cartilage,,ear,,false,false,,false
1801,124,C,C32.3,topography,Cartilage,,laryngeal,,false,false,,false
1802,124,C,C40.9,topography,Cartilage,,"limb, NOS",,false,false,,false
1803,124,C,C30.0,topography,Cartilage,,nasal,,false,false,,false
1804,124,C,C40.2,topography,Cartilage,,semilunar,,false,false,,false
1805,124,C,C32.3,topography,Cartilage,,thyroid,,false,false,,false
1806,124,C,8571/3,morphology,Cartilaginous,,"and osseous metaplasia, adenocarcinoma with",,false,false,,false
1807,124,C,9210/0,morphology,Cartilaginous,,"exostosis (C40._, C41._)",,false,false,,false
1808,124,C,8571/3,morphology,Cartilaginous,,"metaplasia, adenocarcinoma with",,false,false,,false
1809,124,C,8589/3,morphology,CASTLE,,CASTLE,,false,false,,true
1810,124,C,C72.1,topography,Cauda equina,,Cauda equina,,false,false,,true
1811,124,C,9121/0,morphology,Cavernous hemangioma,,Cavernous hemangioma,,false,false,,true
1812,124,C,9172/0,morphology,Cavernous lymphangioma,,Cavernous lymphangioma,,false,false,,true
1813,124,C,C06.9,topography,Cavity,,buccal,,false,false,,false
1814,124,C,C30.0,topography,Cavity,,"nasal (excludes nose, NOS C76.0)",,false,false,,false
1815,124,C,C06.9,topography,Cavity,,oral,,false,false,,false
1816,124,C,C48.2,topography,Cavity,,peritoneal,,false,false,,false
1817,124,C,C30.1,topography,Cavity,,tympanic,,false,false,,false
1818,124,C,8345/3,morphology,C cell carcinoma,,C cell carcinoma (C73.9),C73.9,false,false,,true
1819,124,C,9718/3,morphology,"CD30+ T-cell lymphoma, primary",,"CD30+ T-cell lymphoma, primary cutaneous (C44._)",,false,false,,true
1820,124,C,9718/3,morphology,"CD30+ T-cell lymphoproliferative disorder,",,"CD30+ T-cell lymphoproliferative disorder, primary cutaneous (C44._)",,false,false,,true
1821,124,C,C18.0,topography,Cecum,,Cecum,,false,false,,true
1822,124,C,C49.4,topography,Celiac artery,,Celiac artery,,false,false,,true
1823,124,C,C77.2,topography,Celiac lymph node,,Celiac lymph node,,false,false,,true
1824,124,C,,,Celiac lymph node,,"/-9 Cell type not determined, not stated or not applicable (see cell designation code, section 4.3.4)",,false,false,,false
1825,124,C,9160/0,morphology,Cellular,,angiofibroma,,false,false,,false
1826,124,C,8790/0,morphology,Cellular,,blue nevus (C44._),,false,false,,false
1827,124,C,9391/3,morphology,Cellular,,ependymoma (C71._),,false,false,,false
1828,124,C,8810/1,morphology,Cellular,,fibroma (C56.9),C56.9,false,false,,false
1829,124,C,8892/0,morphology,Cellular,,leiomyoma,,false,false,,false
1830,124,C,9560/0,morphology,Cellular,,schwannoma,,false,false,,false
1831,124,C,9272/0,morphology,"Cemental dysplasia, periapical (C41._)",,"Cemental dysplasia, periapical (C41._)",,false,false,,true
1832,124,C,9274/0,morphology,Cementifying fibroma (C41._),,Cementifying fibroma (C41._),,false,false,,true
1833,124,C,9273/0,morphology,"Cementoblastoma, benign (C41._)",,"Cementoblastoma, benign (C41._)",,false,false,,true
1834,124,C,9275/0,morphology,"Cementoma, gigantiform (C41._)",,"Cementoma, gigantiform (C41._)",,false,false,,true
1835,124,C,9272/0,morphology,"Cementoma, NOS (C41._)",,"Cementoma, NOS (C41._)",,false,false,,true
1836,124,C,9272/0,morphology,"Cemento-osseous dysplasia, periapical",,"Cemento-osseous dysplasia, periapical (C41._)",,false,false,,true
1837,124,C,9274/0,morphology,Cemento-ossifying fibroma (C41._),,Cemento-ossifying fibroma (C41._),,false,false,,true
1838,124,C,9321/0,morphology,Central (morphology),,"fibroma, odontogenic (C41._)",,false,false,,false
1839,124,C,,,Central (morphology),,giant cell granuloma (see SNOMED),,false,true,,false
1840,124,C,9500/3,morphology,Central (morphology),,neuroblastoma (C71._),,false,false,,false
1841,124,C,9506/1,morphology,Central (morphology),,neurocytoma,,false,false,,false
1842,124,C,9321/0,morphology,Central (morphology),,odontogenic fibroma (C41._),,false,false,,false
1843,124,C,9186/3,morphology,Central (morphology),,"osteosarcoma (C40._, C41._)",,false,false,,false
1844,124,C,9186/3,morphology,Central (morphology),,"osteosarcoma, conventional (C40._,C41._)",,false,false,,false
1845,124,C,9473/3,morphology,Central (morphology),,"primitive neuroectodermal tumor,",,false,false,,false
1846,125,C,C72.9,topography,Central (topography),,nervous system,,false,false,,false
1847,125,C,C50.1,topography,Central (topography),,portion of breast,,false,false,,false
1848,125,C,C71.0,topography,Central (topography),,white matter,,false,false,,false
1849,125,C,9506/1,morphology,Cerebellar,,liponeurocytoma,,false,false,,false
1850,125,C,9471/3,morphology,Cerebellar,,"sarcoma, arachnoidal, circumscribed (C71.6) [obs]",C71.6,true,false,,false
1851,125,C,9480/3,morphology,Cerebellar,,"sarcoma, NOS (C71.6) [obs]",C71.6,true,false,,false
1852,125,C,C71.6,topography,Cerebellopontine angle,,Cerebellopontine angle,,false,false,,true
1853,125,C,C71.6,topography,"Cerebellum, NOS",,"Cerebellum, NOS",,false,false,,true
1854,125,C,C71.6,topography,"Cerebellum, vermis",,"Cerebellum, vermis",,false,false,,true
1855,125,C,C71.0,topography,Cerebral,,cortex,,false,false,,false
1856,125,C,C71.0,topography,Cerebral,,hemisphere,,false,false,,false
1857,125,C,C70.0,topography,Cerebral,,meninges,,false,false,,false
1858,125,C,C71.7,topography,Cerebral,,peduncle,,false,false,,false
1859,125,C,C71.5,topography,Cerebral,,ventricle,,false,false,,false
1860,125,C,C71.0,topography,Cerebral,,white matter,,false,false,,false
1861,125,C,9381/3,morphology,"Cerebri, gliomatosis (C71._)",,"Cerebri, gliomatosis (C71._)",,false,false,,true
1862,125,C,C71.0,topography,Cerebrum,,Cerebrum,,false,false,,true
1863,125,C,C44.2,topography,Ceruminal gland,,Ceruminal gland,,false,false,,true
1864,125,C,8420/3,morphology,Ceruminous,,adenocarcinoma (C44.2),C44.2,false,false,,false
1865,125,C,8420/0,morphology,Ceruminous,,adenoma (C44.2),C44.2,false,false,,false
1866,125,C,8420/3,morphology,Ceruminous,,carcinoma (C44.2),C44.2,false,false,,false
1867,125,C,C53.0,topography,Cervical,,canal,,false,false,,false
1868,125,C,C72.0,topography,Cervical,,cord,,false,false,,false
1869,125,C,C15.0,topography,Cervical,,esophagus,,false,false,,false
1870,125,C,C77.0,topography,Cervical,,lymph node,,false,false,,false
1871,125,C,C47.0,topography,Cervical,,plexus,,false,false,,false
1872,125,C,C76.0,topography,Cervical,,"region, NOS",,false,false,,false
1873,125,C,C53.8,topography,Cervical,,stump,,false,false,,false
1874,125,C,8077/2,morphology,"Cervical intraepithelial neoplasia, grade III",,"Cervical intraepithelial neoplasia, grade III (C53._)",,false,false,,true
1875,125,C,8077/0,morphology,"Cervical intraepithelial neoplasia, low grade",,"Cervical intraepithelial neoplasia, low grade (C53._)",,false,false,,true
1876,125,C,C76.0,topography,Cervical region,,NOS,,false,false,,false
1877,125,C,C44.4,topography,Cervical region,,"NOS (carcinoma, melanoma, nevus)",,false,false,,false
1878,125,C,C49.0,topography,Cervical region,,"NOS (sarcoma, lipoma)",,false,false,,false
1879,125,C,C49.0,topography,Cervical region,,adipose tissue,,false,false,,false
1880,125,C,C47.0,topography,Cervical region,,autonomic nervous system,,false,false,,false
1881,125,C,C49.0,topography,Cervical region,,connective tissue,,false,false,,false
1882,125,C,C49.0,topography,Cervical region,,fatty tissue,,false,false,,false
1883,125,C,C49.0,topography,Cervical region,,fibrous tissue,,false,false,,false
1884,125,C,C47.0,topography,Cervical region,,peripheral nerve,,false,false,,false
1885,125,C,C44.4,topography,Cervical region,,skin,,false,false,,false
1886,125,C,C49.0,topography,Cervical region,,soft tissue,,false,false,,false
1887,125,C,C49.0,topography,Cervical region,,subcutaneous tissue,,false,false,,false
1888,125,C,C53.9,topography,Cervix,,NOS,,false,false,,false
1889,125,C,C53.8,topography,Cervix,,squamocolumnar junction,,false,false,,false
1890,125,C,C53.9,topography,Cervix,,uteri,,false,false,,false
1891,125,C,C53.9,topography,Cervix,,uterine,,false,false,,false
1892,125,C,9762/3,morphology,Chain disease,,"NOS, heavy",,false,false,,false
1893,125,C,9762/3,morphology,Chain disease,,alpha heavy,,false,false,,false
1894,125,C,9762/3,morphology,Chain disease,,gamma heavy,,false,false,,false
1895,125,C,9762/3,morphology,Chain disease,,mu heavy,,false,false,,false
1896,125,C,,,Chain disease,,Chalazion (see SNOMED),,false,true,,false
1897,125,C,C76.0,topography,Cheek,,NOS,,false,false,,false
1898,125,C,C44.3,topography,Cheek,,"NOS (carcinoma, melanoma, nevus)",,false,false,,false
1899,125,C,C49.0,topography,Cheek,,"NOS (sarcoma, lipoma)",,false,false,,false
1900,125,C,C49.0,topography,Cheek,,adipose tissue,,false,false,,false
1901,125,C,C47.0,topography,Cheek,,autonomic nervous system,,false,false,,false
1902,125,C,C49.0,topography,Cheek,,connective tissue,,false,false,,false
1903,125,C,C44.3,topography,Cheek,,external,,false,false,,false
1904,125,C,C49.0,topography,Cheek,,fatty tissue,,false,false,,false
1905,125,C,C49.0,topography,Cheek,,fibrous tissue,,false,false,,false
1906,125,C,C06.0,topography,Cheek,,internal,,false,false,,false
1907,125,C,C06.0,topography,Cheek,,mucosa,,false,false,,false
1908,125,C,C47.0,topography,Cheek,,peripheral nerve,,false,false,,false
1909,125,C,C44.3,topography,Cheek,,skin,,false,false,,false
1910,125,C,C49.0,topography,Cheek,,soft tissue,,false,false,,false
1911,125,C,C49.0,topography,Cheek,,subcutaneous tissue,,false,false,,false
1912,125,C,8693/1,morphology,Chemodectoma,,Chemodectoma,,false,false,,true
1913,125,C,C76.1,topography,Chest,,NOS,,false,false,,false
1914,125,C,C44.5,topography,Chest,,"NOS (carcinoma, melanoma, nevus)",,false,false,,false
1915,125,C,C49.3,topography,Chest,,"NOS (sarcoma, lipoma)",,false,false,,false
1916,125,C,C47.3,topography,Chest,,autonomic nervous system,,false,false,,false
1917,125,C,C49.3,topography,Chest,,connective tissue,,false,false,,false
1918,125,C,C49.3,topography,Chest,,fibrous tissue,,false,false,,false
1919,125,C,C47.3,topography,Chest,,peripheral nerve,,false,false,,false
1920,125,C,C44.5,topography,Chest,,skin,,false,false,,false
1921,125,C,C49.3,topography,Chest,,soft tissue,,false,false,,false
1922,125,C,C49.3,topography,Chest,,subcutaneous tissue,,false,false,,false
1923,125,C,C76.1,topography,Chest wall,,NOS,,false,false,,false
1924,125,C,C44.5,topography,Chest wall,,"NOS (carcinoma, melanoma, nevus)",,false,false,,false
1925,125,C,C49.3,topography,Chest wall,,"NOS (sarcoma, lipoma)",,false,false,,false
1926,125,C,C49.3,topography,Chest wall,,adipose tissue,,false,false,,false
1927,125,C,C47.3,topography,Chest wall,,autonomic nervous system,,false,false,,false
1928,125,C,C49.3,topography,Chest wall,,connective tissue,,false,false,,false
1929,125,C,C49.3,topography,Chest wall,,fatty tissue,,false,false,,false
1930,125,C,C49.3,topography,Chest wall,,fibrous tissue,,false,false,,false
1931,125,C,C49.3,topography,Chest wall,,muscle,,false,false,,false
1932,125,C,C47.3,topography,Chest wall,,peripheral nerve,,false,false,,false
1933,125,C,C49.3,topography,Chest wall,,skeletal muscle,,false,false,,false
1934,125,C,C44.5,topography,Chest wall,,skin,,false,false,,false
1935,125,C,C49.3,topography,Chest wall,,soft tissue,,false,false,,false
1936,125,C,C49.3,topography,Chest wall,,subcutaneous tissue,,false,false,,false
1937,126,C,C72.3,topography,"Chiasm, optic",,"Chiasm, optic",,false,false,,true
1938,126,C,8321/0,morphology,Chief cell adenoma,,Chief cell adenoma (C75.0),C75.0,false,false,,true
1939,126,C,9985/3,morphology,"Childhood, refractory anemia of",,"Childhood, refractory anemia of",,false,false,,true
1940,126,C,9724/3,morphology,"Childhood, systemic EBV positive T-cell",,"Childhood, systemic EBV positive T-cell lymphoproliferative disease of",,false,false,,true
1941,126,C,C44.3,topography,Chin,,NOS,,false,false,,false
1942,126,C,C44.3,topography,Chin,,"NOS (carcinoma, melanoma, nevus)",,false,false,,false
1943,126,C,C49.0,topography,Chin,,"NOS (sarcoma, lipoma)",,false,false,,false
1944,126,C,C47.0,topography,Chin,,autonomic nervous system,,false,false,,false
1945,126,C,C49.0,topography,Chin,,connective tissue,,false,false,,false
1946,126,C,C49.0,topography,Chin,,fibrous tissue,,false,false,,false
1947,126,C,C47.0,topography,Chin,,peripheral nerve,,false,false,,false
1948,126,C,C44.3,topography,Chin,,skin,,false,false,,false
1949,126,C,C49.0,topography,Chin,,soft tissue,,false,false,,false
1950,126,C,C49.0,topography,Chin,,subcutaneous tissue,,false,false,,false
1951,126,C,9930/3,morphology,Chloroma,,Chloroma,,false,false,,true
1952,126,C,C11.3,topography,Choana,,Choana,,false,false,,true
1953,126,C,8180/3,morphology,Cholangiocarcinoma and hepatocellular,,"Cholangiocarcinoma and hepatocellular carcinoma, combined (C22.0)",C22.0,false,false,,true
1954,126,C,8160/3,morphology,"Cholangiocarcinoma (C22.1, C24.0)",,"Cholangiocarcinoma (C22.1, C24.0)",,false,false,,true
1955,126,C,C22.1,topography,Cholangiole,,Cholangiole,,false,false,,true
1956,126,C,8160/0,morphology,"Cholangioma (C22.1, C24.0)",,"Cholangioma (C22.1, C24.0)",,false,false,,true
1957,126,C,C24.0,topography,Choledochal duct,,Choledochal duct,,false,false,,true
1958,126,C,,,Choledochal duct,,"Cholesteatoma, epidermoid (see SNOMED)",,false,true,,false
1959,126,C,,,Choledochal duct,,"Cholesteatoma, NOS (see SNOMED)",,false,true,,false
1960,126,C,9181/3,morphology,"Chondroblastic osteosarcoma (C40._,",,"Chondroblastic osteosarcoma (C40._, C41._)",,false,false,,true
1961,126,C,9230/3,morphology,"Chondroblastoma, malignant (C40._,",,"Chondroblastoma, malignant (C40._, C41._)",,false,false,,true
1962,126,C,9230/0,morphology,"Chondroblastoma, NOS (C40._, C41._)",,"Chondroblastoma, NOS (C40._, C41._)",,false,false,,true
1963,126,C,9371/3,morphology,Chondroid,,chordoma,,false,false,,false
1964,126,C,8862/0,morphology,Chondroid,,lipoma,,false,false,,false
1965,126,C,8940/0,morphology,Chondroid,,syringoma (C44._),,false,false,,false
1966,126,C,8940/3,morphology,Chondroid,,"syringoma, malignant (C44._)",,false,false,,false
1967,126,C,9220/0,morphology,Chondroma,,"NOS (C40._, C41._)",,false,false,,false
1968,126,C,9221/0,morphology,Chondroma,,"juxtacortical (C40._, C41._)",,false,false,,false
1969,126,C,9221/0,morphology,Chondroma,,"periosteal (C40._, C41._)",,false,false,,false
1970,126,C,9220/1,morphology,"Chondromatosis, NOS",,"Chondromatosis, NOS",,false,false,,true
1971,126,C,,,"Chondromatosis, NOS",,"Chondromatosis, synovial (see SNOMED)",,false,true,,false
1972,126,C,9230/0,morphology,"Chondromatous giant cell tumor (C40._,",,"Chondromatous giant cell tumor (C40._, C41._)",,false,false,,true
1973,126,C,9241/0,morphology,"Chondromyxoid fibroma (C40._, C41._)",,"Chondromyxoid fibroma (C40._, C41._)",,false,false,,true
1974,126,C,9220/3,morphology,Chondrosarcoma,,"NOS (C40._, C41._)",,false,false,,false
1975,126,C,9242/3,morphology,Chondrosarcoma,,"clear cell (C40._, C41._)",,false,false,,false
1976,126,C,9243/3,morphology,Chondrosarcoma,,"dedifferentiated (C40._, C41._)",,false,false,,false
1977,126,C,9221/3,morphology,Chondrosarcoma,,"juxtacortical (C40._, C41._)",,false,false,,false
1978,126,C,9240/3,morphology,Chondrosarcoma,,mesenchymal,,false,false,,false
1979,126,C,9231/3,morphology,Chondrosarcoma,,myxoid,,false,false,,false
1980,126,C,9221/3,morphology,Chondrosarcoma,,"periosteal (C40._, C41._)",,false,false,,false
1981,126,C,9444/1,morphology,Chordoid,,glioma (C71._),,false,false,,false
1982,126,C,9444/1,morphology,Chordoid,,glioma of third ventricle (C71.5),C71.5,false,false,,false
1983,126,C,9538/1,morphology,Chordoid,,meningioma (C70._),,false,false,,false
1984,126,C,9370/3,morphology,Chordoma,,NOS,,false,false,,false
1985,126,C,9371/3,morphology,Chordoma,,chondroid,,false,false,,false
1986,126,C,9372/3,morphology,Chordoma,,dedifferentiated,,false,false,,false
1987,126,C,9100/1,morphology,Chorioadenoma,,Chorioadenoma (C58.9),C58.9,false,false,,true
1988,126,C,9100/1,morphology,Chorioadenoma destruens,,Chorioadenoma destruens (C58.9),C58.9,false,false,,true
1989,126,C,9120/0,morphology,Chorioangioma,,Chorioangioma (C58.9),C58.9,false,false,,true
1990,126,C,9100/3,morphology,Choriocarcinoma,,NOS,,false,false,,false
1991,126,C,9101/3,morphology,Choriocarcinoma,,combined with embryonal carcinoma,,false,false,,false
1992,126,C,9101/3,morphology,Choriocarcinoma,,combined with other germ cell elements,,false,false,,false
1993,126,C,9101/3,morphology,Choriocarcinoma,,combined with teratoma,,false,false,,false
1994,126,C,9100/3,morphology,Chorioepithelioma,,Chorioepithelioma,,false,false,,true
1995,126,C,9100/3,morphology,Chorionepithelioma,,Chorionepithelioma,,false,false,,true
1996,126,C,,,Chorionepithelioma,,Choristoma (see SNOMED),,false,true,,false
1997,126,C,C69.3,topography,Choroid,,Choroid,,false,false,,true
1998,126,C,C71.5,topography,Choroid plexus,,NOS,,false,false,,false
1999,126,C,C71.7,topography,Choroid plexus,,fourth ventricle,,false,false,,false
2000,126,C,C71.5,topography,Choroid plexus,,lateral ventricle,,false,false,,false
2001,126,C,C71.5,topography,Choroid plexus,,third ventricle,,false,false,,false
2002,126,C,9390/3,morphology,Choroid plexus carcinoma,,Choroid plexus carcinoma (C71.5),C71.5,false,false,,true
2003,126,C,9390/0,morphology,Choroid plexus papilloma,,NOS (C71.5),C71.5,false,false,,false
2004,126,C,9390/3,morphology,Choroid plexus papilloma,,anaplastic (C71.5),C71.5,false,false,,false
2005,126,C,9390/1,morphology,Choroid plexus papilloma,,atypical (C71.5),C71.5,false,false,,false
2006,126,C,9390/3,morphology,Choroid plexus papilloma,,malignant (C71.5),C71.5,false,false,,false
2007,126,C,8700/0,morphology,Chromaffinoma,,Chromaffinoma,,false,false,,true
2008,126,C,8700/0,morphology,Chromaffin paraganglioma,,Chromaffin paraganglioma,,false,false,,true
2009,126,C,8700/0,morphology,Chromaffin tumor,,Chromaffin tumor,,false,false,,true
2010,126,C,8270/3,morphology,Chromophobe,,adenocarcinoma (C75.1),C75.1,false,false,,false
2011,126,C,8270/0,morphology,Chromophobe,,adenoma (C75.1),C75.1,false,false,,false
2012,126,C,8270/3,morphology,Chromophobe,,carcinoma (C75.1),C75.1,false,false,,false
2013,126,C,8317/3,morphology,Chromophobe,,cell renal carcinoma (C64.9),C64.9,false,false,,false
2014,126,C,9950/3,morphology,Chronic,,erythremia [obs],,true,false,,false
2015,126,C,9961/3,morphology,Chronic,,idiopathic myelofibrosis,,false,false,,false
2016,126,C,9831/3,morphology,Chronic,,lymphoproliferative disorder of NK cells,,false,false,,false
2017,126,C,9960/3,morphology,Chronic,,myeloproliferative disease,,false,false,,false
2018,126,C,9960/3,morphology,Chronic,,myeloproliferative disorder,,false,false,,false
2019,127,C,,,Chondrosarcoma,,Cicatricial fibromatosis (see SNOMED),,false,true,,false
2020,127,C,C69.4,topography,Ciliary body,,Ciliary body,,false,false,,true
2021,127,C,8383/3,morphology,"Ciliated cell variant, endometrioid",,"Ciliated cell variant, endometrioid adenocarcinoma",,false,false,,true
2022,127,C,8077/2,morphology,"CIN III, NOS (C53._) (see coding guidelines,",,"CIN III, NOS (C53._) (see coding guidelines, section 4.3.2, Carcinoma and CIN III)",,false,false,,true
2023,127,C,8077/2,morphology,"CIN III, with severe dysplasia (C53._) (see",,"CIN III, with severe dysplasia (C53._) (see coding guidelines, section 4.3.2, Carcinoma and CIN III)",,false,false,,true
2024,127,C,9471/3,morphology,Circumscribed arachnoidal cerebellar,,Circumscribed arachnoidal cerebellar sarcoma [obs] (C71.6),C71.6,true,false,,true
2025,127,C,8254/3,morphology,Clara cell and goblet cell type bronchiolo-,,Clara cell and goblet cell type bronchiolo- alveolar carcinoma (C34._),,false,false,,true
2026,127,C,8252/3,morphology,Clara cell bronchiolo-alveolar carcinoma,,Clara cell bronchiolo-alveolar carcinoma (C34._),,false,false,,true
2027,127,C,C41.3,topography,Clavicle,,Clavicle,,false,false,,true
2028,127,C,,,Clear cell (type),,acanthoma (see SNOMED),,false,true,,false
2029,127,C,8313/3,morphology,Clear cell (type),,adenocarcinofibroma (C56.9),C56.9,false,false,,false
2030,127,C,8310/3,morphology,Clear cell (type),,"adenocarcinoma, mesonephroid",,false,false,,false
2031,127,C,8310/3,morphology,Clear cell (type),,"adenocarcinoma, NOS",,false,false,,false
2032,127,C,8313/0,morphology,Clear cell (type),,adenofibroma (C56.9),C56.9,false,false,,false
2033,127,C,8313/1,morphology,Clear cell (type),,adenofibroma of borderline malignancy (C56.9),C56.9,false,false,,false
2034,127,C,8310/0,morphology,Clear cell (type),,adenoma,,false,false,,false
2035,127,C,8373/0,morphology,Clear cell (type),,adrenal cortical adenoma (C74.0),C74.0,false,false,,false
2036,127,C,8310/3,morphology,Clear cell (type),,carcinoma,,false,false,,false
2037,127,C,9242/3,morphology,Clear cell (type),,"chondrosarcoma (C40._, C41._)",,false,false,,false
2038,127,C,8313/3,morphology,Clear cell (type),,cystadenocarcinofibroma (C56.9),C56.9,false,false,,false
2039,127,C,8313/0,morphology,Clear cell (type),,cystadenofibroma (C56.9),C56.9,false,false,,false
2040,127,C,8313/1,morphology,Clear cell (type),,cystadenofibroma of borderline malignancy (C56.9),C56.9,false,false,,false
2041,127,C,8443/0,morphology,Clear cell (type),,cystadenoma (C56.9),C56.9,false,false,,false
2042,127,C,8444/1,morphology,Clear cell (type),,cystic tumor of borderline malignancy (C56.9),C56.9,false,false,,false
2043,127,C,9391/3,morphology,Clear cell (type),,ependymoma,,false,false,,false
2044,127,C,8174/3,morphology,Clear cell (type),,hepatocellular carcinoma (C22.0),C22.0,false,false,,false
2045,127,C,8402/0,morphology,Clear cell (type),,hidradenoma (C44._),,false,false,,false
2046,127,C,8005/3,morphology,Clear cell (type),,malignant tumor,,false,false,,false
2047,127,C,9538/1,morphology,Clear cell (type),,meningioma (C70._),,false,false,,false
2048,127,C,9341/1,morphology,Clear cell (type),,odontogenic tumor (C41._),,false,false,,false
2049,127,C,9044/3,morphology,Clear cell (type),,sarcoma (except of kidney 8964/3),,false,false,,false
2050,127,C,8964/3,morphology,Clear cell (type),,sarcoma of kidney (C64.9),C64.9,false,false,,false
2051,127,C,9044/3,morphology,Clear cell (type),,sarcoma of tendons and aponeuroses (C49._),,false,false,,false
2052,127,C,8084/3,morphology,Clear cell (type),,squamous cell carcinoma,,false,false,,false
2053,127,C,8444/1,morphology,Clear cell (type),,"tumor, atypical proliferating (C56.9)",C56.9,false,false,,false
2054,127,C,8005/0,morphology,Clear cell (type),,"tumor, NOS",,false,false,,false
2055,127,C,C10.4,topography,"Cleft, branchial (site of neoplasm)",,"Cleft, branchial (site of neoplasm)",,false,false,,true
2056,127,C,8507/2,morphology,Clinging intraductal carcinoma (C50._),,Clinging intraductal carcinoma (C50._),,false,false,,true
2057,127,C,C51.2,topography,Clitoris,,Clitoris,,false,false,,true
2058,127,C,8124/3,morphology,Cloacogenic carcinoma,,Cloacogenic carcinoma (C21.2),C21.2,false,false,,true
2059,127,C,C21.2,topography,Cloacogenic zone,,Cloacogenic zone,,false,false,,true
2060,127,C,9741/3,morphology,"Clonal non-mast cell disorder,",,"Clonal non-mast cell disorder, systemic mastocytosis with associated hematological",,false,false,,true
2061,127,C,C77.4,topography,Cloquet lymph node,,Cloquet lymph node,,false,false,,true
2062,127,C,C75.5,topography,Coccygeal body,,Coccygeal body,,false,false,,true
2063,127,C,C75.5,topography,Coccygeal glomus,,Coccygeal glomus,,false,false,,true
2064,127,C,C41.4,topography,Coccyx,,Coccyx,,false,false,,true
2065,127,C,9230/0,morphology,"Codman tumor (C40._, C41._)",,"Codman tumor (C40._, C41._)",,false,false,,true
2066,127,C,8490/3,morphology,"Cohesive carcinoma, poorly",,"Cohesive carcinoma, poorly",,false,false,,true
2067,127,C,C77.2,topography,Colic lymph node,,Colic lymph node,,false,false,,true
2068,127,C,,,Colic lymph node,,Colitis cystica profunda (see SNOMED),,false,true,,false
2069,127,C,8319/3,morphology,Collecting duct carcinoma,,Collecting duct carcinoma (C64.9),C64.9,false,false,,true
2070,127,C,8319/3,morphology,Collecting duct type renal carcinoma,,Collecting duct type renal carcinoma (C64.9),C64.9,false,false,,true
2071,127,C,8480/3,morphology,Colloid,,adenocarcinoma,,false,false,,false
2072,127,C,8334/0,morphology,Colloid,,adenoma (C73.9),C73.9,false,false,,false
2073,127,C,8480/3,morphology,Colloid,,carcinoma,,false,false,,false
2074,127,C,8523/3,morphology,Colloid,,carcinoma and infiltrating duct (C50._),,false,false,,false
2075,127,C,,,Colloid,,goiter (see SNOMED),,false,true,,false
2076,127,C,C18.9,topography,Colon,,NOS,,false,false,,false
2077,127,C,C18.1,topography,Colon,,appendix,,false,false,,false
2078,127,C,C18.2,topography,Colon,,ascending,,false,false,,false
2079,127,C,C18.0,topography,Colon,,cecum,,false,false,,false
2080,127,C,C18.6,topography,Colon,,descending,,false,false,,false
2081,127,C,C18.3,topography,Colon,,hepatic flexure,,false,false,,false
2082,127,C,C18.6,topography,Colon,,left,,false,false,,false
2083,127,C,C18.7,topography,Colon,,pelvic,,false,false,,false
2084,127,C,C19.9,topography,Colon,,rectosigmoid,,false,false,,false
2085,127,C,C18.2,topography,Colon,,right,,false,false,,false
2086,127,C,C18.7,topography,Colon,,sigmoid,,false,false,,false
2087,127,C,C18.7,topography,Colon,,sigmoid flexure,,false,false,,false
2088,127,C,C18.5,topography,Colon,,splenic flexure,,false,false,,false
2089,127,C,C18.4,topography,Colon,,transverse,,false,false,,false
2090,127,C,C19.9,topography,Colon and rectum,,Colon and rectum,,false,false,,true
2091,127,C,8344/3,morphology,Columnar cell papillary carcinoma,,Columnar cell papillary carcinoma (C73.9),C73.9,false,false,,true
2092,127,C,8121/1,morphology,Columnar cell papilloma,,Columnar cell papilloma,,false,false,,true
2093,127,C,C44.3,topography,Columnella,,Columnella,,false,false,,true
2094,127,C,C41.2,topography,"Column, spinal",,"Column, spinal",,false,false,,true
2095,127,C,C41.2,topography,"Column, vertebral (excludes sacrum and",,"Column, vertebral (excludes sacrum and coccyx C41.4)",,false,false,,true
2096,127,C,8244/3,morphology,Combined,,carcinoid and adenocarcinoma,,false,false,,false
2097,127,C,9101/3,morphology,Combined,,choriocarcinoma with embryonal carcinoma,,false,false,,false
2098,127,C,9101/3,morphology,Combined,,choriocarcinoma with other germ cell elements,,false,false,,false
2099,127,C,9101/3,morphology,Combined,,choriocarcinoma with teratoma,,false,false,,false
2100,127,C,8180/3,morphology,Combined,,hepatocellular carcinoma and cholangiocarcinoma (C22.0),C22.0,false,false,,false
2101,127,C,8045/3,morphology,Combined,,small cell-adenocarcinoma (C34._),,false,false,,false
2102,127,C,8045/3,morphology,Combined,,small cell carcinoma,,false,false,,false
2103,128,C,8045/3,morphology,Combined,,"small cell-large cell carcinoma (C34._) 8761/0 nevus, small (C44._)",,false,false,,false
2104,128,C,8045/3,morphology,Combined,,small cell-squamous cell carcinoma (C34._),,false,false,,false
2105,128,C,8244/3,morphology,Combined/mixed carcinoid and,,Combined/mixed carcinoid and adenocarcinoma,,false,false,,true
2106,128,C,8501/2,morphology,"Comedocarcinoma, noninfiltrating (C50._)",,"Comedocarcinoma, noninfiltrating (C50._)",,false,false,,true
2107,128,C,8501/3,morphology,"Comedocarcinoma, NOS (C50._)",,"Comedocarcinoma, NOS (C50._)",,false,false,,true
2108,128,C,8201/3,morphology,Comedo type,,"adenocarcinoma, cribriform (C18._, C19.9, C20.9)",,false,false,,false
2109,128,C,8201/3,morphology,Comedo type,,"carcinoma, cribriform (C18._, C19.9, C49.6 back C20.9)",,false,false,,false
2110,128,C,8501/2,morphology,Comedo type,,DCIS (C50._),,false,false,,false
2111,128,C,8501/2,morphology,Comedo type,,ductal carcinoma in situ (C50._),,false,false,,false
2112,128,C,C00.6,topography,Commissure,,labial,,false,false,,false
2113,128,C,C32.0,topography,Commissure,,laryngeal,,false,false,,false
2114,128,C,C00.6,topography,Commissure,,lip,,false,false,,false
2115,128,C,C24.0,topography,Common,,bile duct,,false,false,,false
2116,128,C,C24.0,topography,Common,,duct,,false,false,,false
2117,128,C,C77.2,topography,Common,,duct lymph node,,false,false,,false
2118,128,C,8371/0,morphology,Compact cell adrenal cortical adenoma,,Compact cell adrenal cortical adenoma (C74.0),C74.0,false,false,,true
2119,128,C,9100/0,morphology,Complete hydatidiform mole,,Complete hydatidiform mole (C58.9),C58.9,false,false,,true
2120,128,C,9282/0,morphology,Complex odontoma (C41._),,Complex odontoma (C41._),,false,false,,true
2121,128,C,9442/3,morphology,"Component, glioblastoma with",,"Component, glioblastoma with sarcomatous (C71._)",,false,false,,true
2122,128,C,8244/3,morphology,Composite carcinoid,,Composite carcinoid,,false,false,,true
2123,128,C,9596/3,morphology,Composite Hodgkin and non-Hodgkin,,Composite Hodgkin and non-Hodgkin lymphoma,,false,false,,true
2124,128,C,8760/0,morphology,Compound nevus (C44._),,Compound nevus (C44._),,false,false,,true
2125,128,C,9281/0,morphology,Compound odontoma (C41._),,Compound odontoma (C41._),,false,false,,true
2126,128,C,C44.2,topography,Concha,,Concha,,false,false,,true
2127,128,C,,,Condyloma,,NOS (see SNOMED),,false,true,,false
2128,128,C,,,Condyloma,,acuminatum (see SNOMED),,false,true,,false
2129,128,C,,,Condyloma,,"giant, acuminatum (see SNOMED)",,false,true,,false
2130,128,C,8051/3,morphology,Condylomatous carcinoma,,Condylomatous carcinoma,,false,false,,true
2131,128,C,,,Congenital,,"cyst, NOS (see SNOMED)",,false,true,,false
2132,128,C,,,Congenital,,"dysplasia, NOS (see SNOMED)",,false,true,,false
2133,128,C,8824/1,morphology,Congenital,,"fibromatosis, generalized",,false,false,,false
2134,128,C,8814/3,morphology,Congenital,,fibrosarcoma,,false,false,,false
2135,128,C,8761/3,morphology,Congenital,,"melanocytic nevus, malignant melanoma in (C44._)",,false,false,,false
2136,128,C,,,Congenital,,melanosis (see SNOMED),,false,true,,false
2137,128,C,8827/1,morphology,Congenital,,"myofibroblastic tumor, peribronchial (C34._)",,false,false,,false
2138,128,C,8761/1,morphology,Congenital,,"nevus, intermediate and giant (C44._)",,false,false,,false
2139,128,C,8762/1,morphology,Congenital,,"nevus, proliferative dermal lesion in (C44._)",,false,false,,false
2140,128,C,C69.0,topography,Conjunctiva,,Conjunctiva,,false,false,,true
2141,128,C,C49.9,topography,Connective tissue,,NOS,,false,false,,false
2142,128,C,C49.4,topography,Connective tissue,,abdomen,,false,false,,false
2143,128,C,C49.4,topography,Connective tissue,,abdominal wall,,false,false,,false
2144,128,C,C49.2,topography,Connective tissue,,ankle,,false,false,,false
2145,128,C,C49.1,topography,Connective tissue,,antecubital space,,false,false,,false
2146,128,C,C49.1,topography,Connective tissue,,arm,,false,false,,false
2147,128,C,C49.3,topography,Connective tissue,,axilla,,false,false,,false
2148,128,C,C49.5,topography,Connective tissue,,buttock,,false,false,,false
2149,128,C,C49.2,topography,Connective tissue,,calf,,false,false,,false
2150,128,C,C49.0,topography,Connective tissue,,cervical region,,false,false,,false
2151,128,C,C49.0,topography,Connective tissue,,cheek,,false,false,,false
2152,128,C,C49.3,topography,Connective tissue,,chest,,false,false,,false
2153,128,C,C49.3,topography,Connective tissue,,chest wall,,false,false,,false
2154,128,C,C49.0,topography,Connective tissue,,chin,,false,false,,false
2155,128,C,C49.1,topography,Connective tissue,,elbow,,false,false,,false
2156,128,C,C49.0,topography,Connective tissue,,face,,false,false,,false
2157,128,C,C49.1,topography,Connective tissue,,finger,,false,false,,false
2158,128,C,C49.6,topography,Connective tissue,,flank,,false,false,,false
2159,128,C,C49.2,topography,Connective tissue,,foot,,false,false,,false
2160,128,C,C49.1,topography,Connective tissue,,forearm,,false,false,,false
2161,128,C,C49.0,topography,Connective tissue,,forehead,,false,false,,false
2162,128,C,C49.5,topography,Connective tissue,,gluteal region,,false,false,,false
2163,128,C,C49.5,topography,Connective tissue,,groin,,false,false,,false
2164,128,C,C49.1,topography,Connective tissue,,hand,,false,false,,false
2165,128,C,C49.0,topography,Connective tissue,,head,,false,false,,false
2166,128,C,C49.2,topography,Connective tissue,,heel,,false,false,,false
2167,128,C,C49.2,topography,Connective tissue,,hip,,false,false,,false
2168,128,C,C49.3,topography,Connective tissue,,infraclavicular region,,false,false,,false
2169,128,C,C49.5,topography,Connective tissue,,inguinal region,,false,false,,false
2170,128,C,C49.2,topography,Connective tissue,,knee,,false,false,,false
2171,128,C,C49.2,topography,Connective tissue,,leg,,false,false,,false
2172,128,C,C49.0,topography,Connective tissue,,neck,,false,false,,false
2173,128,C,C69.6,topography,Connective tissue,,orbit,,false,false,,false
2174,128,C,C49.5,topography,Connective tissue,,pelvis,,false,false,,false
2175,128,C,C49.5,topography,Connective tissue,,perineum,,false,false,,false
2176,128,C,C49.2,topography,Connective tissue,,popliteal space,,false,false,,false
2177,128,C,C49.0,topography,Connective tissue,,pterygoid fossa,,false,false,,false
2178,128,C,C49.5,topography,Connective tissue,,sacrococcygeal region,,false,false,,false
2179,128,C,C49.0,topography,Connective tissue,,scalp,,false,false,,false
2180,128,C,C49.3,topography,Connective tissue,,scapular region,,false,false,,false
2181,128,C,C49.1,topography,Connective tissue,,shoulder,,false,false,,false
2182,128,C,C49.0,topography,Connective tissue,,supraclavicular region,,false,false,,false
2183,128,C,C49.0,topography,Connective tissue,,temple,,false,false,,false
2184,128,C,C49.2,topography,Connective tissue,,thigh,,false,false,,false
2185,128,C,C49.3,topography,Connective tissue,,thoracic wall,,false,false,,false
2186,128,C,C49.3,topography,Connective tissue,,"thorax (excludes thymus, heart and mediastinum C37._, C38._)",,false,false,,false
2187,128,C,C49.1,topography,Connective tissue,,thumb,,false,false,,false
2188,128,C,C49.2,topography,Connective tissue,,toe,,false,false,,false
2189,128,C,C49.6,topography,Connective tissue,,"trunk, NOS",,false,false,,false
2190,128,C,C49.4,topography,Connective tissue,,umbilicus,,false,false,,false
2191,128,C,C49.1,topography,Connective tissue,,wrist,,false,false,,false
2192,129,C,C72.0,topography,Conus medullaris,,Conus medullaris,,false,false,,true
2193,129,C,9186/3,morphology,"Conventional central osteosarcoma (C40._,",,"Conventional central osteosarcoma (C40._, C41._)",,false,false,,true
2194,129,C,C49.1,topography,Coracobrachialis muscle,,Coracobrachialis muscle,,false,false,,true
2195,129,C,C72.0,topography,Cord,,cervical,,false,false,,false
2196,129,C,C32.1,topography,Cord,,false,,false,false,,false
2197,129,C,C72.0,topography,Cord,,lumbar,,false,false,,false
2198,129,C,C72.0,topography,Cord,,sacral,,false,false,,false
2199,129,C,C63.1,topography,Cord,,spermatic,,false,false,,false
2200,129,C,C72.0,topography,Cord,,spinal,,false,false,,false
2201,129,C,C72.0,topography,Cord,,thoracic,,false,false,,false
2202,129,C,C32.0,topography,Cord,,true,,false,false,,false
2203,129,C,C32.0,topography,"Cord, vocal",,NOS,,false,false,,false
2204,129,C,C32.1,topography,"Cord, vocal",,false,,false,false,,false
2205,129,C,C32.0,topography,"Cord, vocal",,true,,false,false,,false
2206,129,C,C69.1,topography,"Cornea, limbus",,"Cornea, limbus",,false,false,,true
2207,129,C,C69.1,topography,"Cornea, NOS",,"Cornea, NOS",,false,false,,true
2208,129,C,C71.8,topography,Corpus,,callosum,,false,false,,false
2209,129,C,C60.2,topography,Corpus,,cavernosum,,false,false,,false
2210,129,C,C16.2,topography,Corpus,,gastric,,false,false,,false
2211,129,C,C60.2,topography,Corpus,,penis,,false,false,,false
2212,129,C,C16.2,topography,Corpus,,stomach,,false,false,,false
2213,129,C,C71.0,topography,Corpus,,striatum,,false,false,,false
2214,129,C,C54.9,topography,Corpus,,uteri,,false,false,,false
2215,129,C,C71.0,topography,"Cortex, cerebral",,"Cortex, cerebral",,false,false,,true
2216,129,C,C74.0,topography,Cortex of adrenal gland,,Cortex of adrenal gland,,false,false,,true
2217,129,C,9837/3,morphology,Cortical T ALL (see also 9729/3),,Cortical T ALL (see also 9729/3),,false,false,9729/3,true
2218,129,C,8584/1,morphology,Cortical thymoma (see also adrenal cortical),,NOS (C37.9),C37.9,false,false,,false
2219,129,C,8584/3,morphology,Cortical thymoma (see also adrenal cortical),,malignant (C37.9),C37.9,false,false,,false
2220,129,C,8583/3,morphology,Cortical thymoma (see also adrenal cortical),,"predominantly cortical, malignant (C37.9)",C37.9,false,false,,false
2221,129,C,8583/1,morphology,Cortical thymoma (see also adrenal cortical),,"predominantly cortical, NOS (C37.9)",C37.9,false,false,,false
2222,129,C,C41.3,topography,Costal cartilage,,Costal cartilage,,false,false,,true
2223,129,C,C41.3,topography,Costovertebral joint,,Costovertebral joint,,false,false,,true
2224,129,C,C68.0,topography,Cowper gland,,Cowper gland,,false,false,,true
2225,129,C,9473/3,morphology,CPNET (C71._),,CPNET (C71._),,false,false,,true
2226,129,C,C41.0,topography,Cranial,,bone,,false,false,,false
2227,129,C,C70.0,topography,Cranial,,dura mater,,false,false,,false
2228,129,C,C70.0,topography,Cranial,,meninges,,false,false,,false
2229,129,C,C72.5,topography,Cranial,,"nerve, NOS",,false,false,,false
2230,129,C,C70.0,topography,Cranial,,pia mater,,false,false,,false
2231,129,C,C71.9,topography,Cranial fossa,,NOS,,false,false,,false
2232,129,C,C71.9,topography,Cranial fossa,,anterior,,false,false,,false
2233,129,C,C71.9,topography,Cranial fossa,,middle,,false,false,,false
2234,129,C,C71.9,topography,Cranial fossa,,posterior,,false,false,,false
2235,129,C,C75.2,topography,Craniopharyngeal duct,,Craniopharyngeal duct,,false,false,,true
2236,129,C,9350/1,morphology,Craniopharyngioma,,NOS (C75.2),C75.2,false,false,,false
2237,129,C,9351/1,morphology,Craniopharyngioma,,adamantinomatous (C75.2),C75.2,false,false,,false
2238,129,C,9352/1,morphology,Craniopharyngioma,,papillary (C75.2),C75.2,false,false,,false
2239,129,C,8201/3,morphology,Cribriform (type),,"adenocarcinoma, comedo-type (C18._, C19.9, C20.9)",,false,false,,false
2240,129,C,8201/3,morphology,Cribriform (type),Carcinoma,NOS,,false,false,,false
2241,129,C,8201/3,morphology,Cribriform (type),Carcinoma,"comedo-type (C18._, C19.9, C20.9)",,false,false,,false
2242,129,C,8201/3,morphology,Cribriform (type),Carcinoma,ductal (C50._),,false,false,,false
2243,129,C,8201/2,morphology,Cribriform (type),Carcinoma,ductal in situ (C50._),,false,false,,false
2244,129,C,8523/3,morphology,Cribriform (type),Carcinoma,infiltrating duct and (C50._),,false,false,,false
2245,129,C,8201/2,morphology,Cribriform (type),Carcinoma,in situ (C50._),,false,false,,false
2246,129,C,8201/3,morphology,Cribriform (type),,"comedo-type adenocarcinoma (C18._, C19.9, C20.9)",,false,false,,false
2247,129,C,C32.3,topography,Cricoid cartilage,,Cricoid cartilage,,false,false,,true
2248,129,C,C13.0,topography,"Cricoid, NOS",,"Cricoid, NOS",,false,false,,true
2249,129,C,C13.0,topography,Cricopharynx,,Cricopharynx,,false,false,,true
2250,129,C,C69.4,topography,Crystalline lens,,Crystalline lens,,false,false,,true
2251,129,C,C77.3,topography,Cubital lymph node,,Cubital lymph node,,false,false,,true
2252,129,C,C48.1,topography,Cul de sac,,Cul de sac,,false,false,,true
2253,129,C,C32.3,topography,Cuneiform cartilage,,Cuneiform cartilage,,false,false,,true
2254,129,C,9718/3,morphology,Cutaneous,,"CD30+ T-cell lymphoproliferative disorder, primary (C44._)",,false,false,,false
2255,129,C,8832/0,morphology,Cutaneous,,"histiocytoma, NOS (C44._)",,false,false,,false
2256,129,C,,,Cutaneous,,horn (see SNOMED),,false,true,,false
2257,129,C,9709/3,morphology,Cutaneous,,"lymphoma, NOS (C44_) [obs]",,true,false,,false
2258,129,C,9740/1,morphology,Cutaneous,,mastocytosis,,false,false,,false
2259,129,C,9740/1,morphology,Cutaneous,,"mastocytosis, diffuse",,false,false,,false
2260,129,C,8247/3,morphology,Cutaneous,,"neuroendocrine carcinoma, primary (C44._)",,false,false,,false
2261,129,C,8121/3,morphology,"Cylindrical cell carcinoma (C30.0, C31._)",,"Cylindrical cell carcinoma (C30.0, C31._)",,false,false,,true
2262,129,C,8121/1,morphology,"Cylindrical cell papilloma (C30.0, C31._)",,"Cylindrical cell papilloma (C30.0, C31._)",,false,false,,true
2263,129,C,8200/3,morphology,Cylindroid adenocarcinoma,,Cylindroid adenocarcinoma,,false,false,,true
2264,129,C,8200/3,morphology,Cylindroid bronchial adenoma (C34._),,Cylindroid bronchial adenoma (C34._),,false,false,,true
2265,129,C,8200/3,morphology,Cylindroma,,NOS (except cylindroma of skin 8200/0),,false,false,,false
2266,129,C,8200/0,morphology,Cylindroma,,eccrine dermal (C44._),,false,false,,false
2267,129,C,8200/0,morphology,Cylindroma,,skin (C44._),,false,false,,false
2268,130,C,,,Cyst,,NOS (see SNOMED),,false,true,,false
2269,130,C,,,Cyst,,aneurysmal bone (see SNOMED),,false,true,,false
2270,130,C,9301/0,morphology,Cyst,,calcifying odontogenic (C41._),,false,false,,false
2271,130,C,,,Cyst,,"congenital, NOS (see SNOMED)",,false,true,,false
2272,130,C,,,Cyst,,dentigerous (see SNOMED),,false,true,,false
2273,130,C,9084/0,morphology,Cyst,Dermoid,NOS,,false,false,,false
2274,130,C,9084/3,morphology,Cyst,Dermoid,with malignant transformation (C56.9),C56.9,false,false,,false
2275,130,C,9084/3,morphology,Cyst,Dermoid,with secondary tumor,,false,false,,false
2276,130,C,,,Cyst,,enterogenous (see SNOMED),,false,true,,false
2277,130,C,,,Cyst,,epidermoid (see SNOMED),,false,true,,false
2278,130,C,,,Cyst,,eruption (see SNOMED),,false,true,,false
2279,130,C,,,Cyst,,"follicular, jaw (see SNOMED)",,false,true,,false
2280,130,C,,,Cyst,,ganglion (see SNOMED),,false,true,,false
2281,130,C,,,Cyst,,"gingival, NOS (see SNOMED)",,false,true,,false
2282,130,C,,,Cyst,,"gingival, odontogenic (see SNOMED)",,false,true,,false
2283,130,C,,,Cyst,,nasopalatine duct (see SNOMED),,false,true,,false
2284,130,C,,,Cyst,,NOS (see SNOMED),,false,true,,false
2285,130,C,9301/0,morphology,Cyst,,calcifying (C41._),,false,false,,false
2286,130,C,,,Cyst,,dentigerous (see SNOMED),,false,true,,false
2287,130,C,,,Cyst,,eruptive (see SNOMED),,false,true,,false
2288,130,C,,,Cyst,,gingival (see SNOMED),,false,true,,false
2289,130,C,,,Cyst,,primordial (see SNOMED),,false,true,,false
2290,130,C,,,Cyst,,pilar (see SNOMED),,false,true,,false
2291,130,C,,,Cyst,,primordial (see SNOMED),,false,true,,false
2292,130,C,8103/0,morphology,Cyst,,proliferating trichilemmal,,false,false,,false
2293,130,C,,,Cyst,,radicular (see SNOMED),,false,true,,false
2294,130,C,,,Cyst,,sebaceous (see SNOMED),,false,true,,false
2295,130,C,,,Cyst,,solitary (see SNOMED),,false,true,,false
2296,130,C,,,Cyst,,thyroglossal duct (see SNOMED),,false,true,,false
2297,130,C,8103/0,morphology,Cyst,,"trichilemmal, proliferating",,false,false,,false
2298,130,C,8313/3,morphology,Cystadenocarcinofibroma,,clear cell (C56.9),C56.9,false,false,,false
2299,130,C,9015/3,morphology,Cystadenocarcinofibroma,,mucinous,,false,false,,false
2300,130,C,9014/3,morphology,Cystadenocarcinofibroma,,serous,,false,false,,false
2301,130,C,8440/3,morphology,Cystadenocarcinoma,,NOS,,false,false,,false
2302,130,C,8551/3,morphology,Cystadenocarcinoma,,acinar cell,,false,false,,false
2303,130,C,8161/3,morphology,Cystadenocarcinoma,,"bile duct (C22.1, C24.0)",,false,false,,false
2304,130,C,8380/3,morphology,Cystadenocarcinoma,,endometrioid,,false,false,,false
2305,130,C,8470/2,morphology,Cystadenocarcinoma,,"mucinous, non-invasive (C25._)",,false,false,,false
2306,130,C,8470/3,morphology,Cystadenocarcinoma,,"mucinous, NOS (C56.9)",C56.9,false,false,,false
2307,130,C,8450/3,morphology,Cystadenocarcinoma,Papillary,NOS (C56.9),C56.9,false,false,,false
2308,130,C,8471/3,morphology,Cystadenocarcinoma,Papillary,mucinous (C56.9),C56.9,false,false,,false
2309,130,C,8471/3,morphology,Cystadenocarcinoma,Papillary,pseudomucinous (C56.9),C56.9,false,false,,false
2310,130,C,8460/3,morphology,Cystadenocarcinoma,Papillary,serous (C56.9),C56.9,false,false,,false
2311,130,C,8470/3,morphology,Cystadenocarcinoma,,"pseudomucinous, NOS (C56.9)",C56.9,false,false,,false
2312,130,C,8441/3,morphology,Cystadenocarcinoma,,"serous, NOS (C56.9)",C56.9,false,false,,false
2313,130,C,9013/0,morphology,Cystadenofibroma,,NOS,,false,false,,false
2314,130,C,8313/1,morphology,Cystadenofibroma,,"clear cell, borderline malignancy (C56.9)",C56.9,false,false,,false
2315,130,C,8313/0,morphology,Cystadenofibroma,,clear cell (C56.9),C56.9,false,false,,false
2316,130,C,8381/0,morphology,Cystadenofibroma,Endometrioid,NOS,,false,false,,false
2317,130,C,8381/1,morphology,Cystadenofibroma,Endometrioid,borderline malignancy,,false,false,,false
2318,130,C,8381/3,morphology,Cystadenofibroma,Endometrioid,malignant,,false,false,,false
2319,130,C,9015/0,morphology,Cystadenofibroma,Mucinous,NOS,,false,false,,false
2320,130,C,9015/1,morphology,Cystadenofibroma,Mucinous,borderline malignancy,,false,false,,false
2321,130,C,9015/3,morphology,Cystadenofibroma,Mucinous,malignant,,false,false,,false
2322,130,C,9014/0,morphology,Cystadenofibroma,Serous,NOS,,false,false,,false
2323,130,C,9014/1,morphology,Cystadenofibroma,Serous,borderline malignancy,,false,false,,false
2324,130,C,9014/3,morphology,Cystadenofibroma,Serous,malignant,,false,false,,false
2325,130,C,8440/0,morphology,Cystadenoma,,NOS,,false,false,,false
2326,130,C,8401/0,morphology,Cystadenoma,,apocrine,,false,false,,false
2327,130,C,8161/0,morphology,Cystadenoma,,"bile duct (C22.1, C24.0)",,false,false,,false
2328,130,C,8443/0,morphology,Cystadenoma,,clear cell (C56.9),C56.9,false,false,,false
2329,130,C,8404/0,morphology,Cystadenoma,,eccrine (C44._),,false,false,,false
2330,130,C,8380/1,morphology,Cystadenoma,,"endometrioid, borderline malignancy",,false,false,,false
2331,130,C,8380/0,morphology,Cystadenoma,,"endometrioid, NOS",,false,false,,false
2332,130,C,8561/0,morphology,Cystadenoma,,"lymphomatosum, papillary (C07._, C08._)",,false,false,,false
2333,130,C,8472/1,morphology,Cystadenoma,,"mucinous, borderline malignancy (C56.9)",C56.9,false,false,,false
2334,130,C,8470/0,morphology,Cystadenoma,,"mucinous, NOS (C56.9)",C56.9,false,false,,false
2335,130,C,8450/0,morphology,Cystadenoma,Papillary,NOS (C56.9),C56.9,false,false,,false
2336,130,C,8451/1,morphology,Cystadenoma,Papillary,borderline malignancy (C56.9),C56.9,false,false,,false
2337,130,C,8561/0,morphology,Cystadenoma,Papillary,"lymphomatosum (C07._, C08._)",,false,false,,false
2338,130,C,8473/1,morphology,Cystadenoma,Papillary,"mucinous, borderline malignancy (C56.9)",C56.9,false,false,,false
2339,130,C,8471/0,morphology,Cystadenoma,Papillary,"mucinous, NOS (C56.9)",C56.9,false,false,,false
2340,130,C,8473/1,morphology,Cystadenoma,Papillary,"pseudomucinous, borderline malignancy (C56.9)",C56.9,false,false,,false
2341,130,C,8471/0,morphology,Cystadenoma,Papillary,"pseudomucinous, NOS (C56.9)",C56.9,false,false,,false
2342,130,C,8462/1,morphology,Cystadenoma,Papillary,"serous, borderline malignancy (C56.9)",C56.9,false,false,,false
2343,130,C,8460/0,morphology,Cystadenoma,Papillary,"serous, NOS (C56.9)",C56.9,false,false,,false
2344,130,C,8472/1,morphology,Cystadenoma,,"pseudomucinous, borderline malignancy (C56.9)",C56.9,false,false,,false
2345,130,C,8470/0,morphology,Cystadenoma,,"pseudomucinous, NOS (C56.9)",C56.9,false,false,,false
2346,130,C,8442/1,morphology,Cystadenoma,,"serous, borderline malignancy (C56.9)",C56.9,false,false,,false
2347,130,C,8441/0,morphology,Cystadenoma,,"serous, NOS (C56.9)",C56.9,false,false,,false
2348,130,C,8316/3,morphology,Cyst-associated renal cell carcinoma,,Cyst-associated renal cell carcinoma (C64.9),C64.9,false,false,,true
2349,131,C,8452/1,morphology,Cystic,,and solid tumor (C25._),,false,false,,false
2350,131,C,9400/3,morphology,Cystic,,astrocytoma (C71._) [obs],,true,false,,false
2351,131,C,8200/3,morphology,Cystic,,"carcinoma, adenoid",,false,false,,false
2352,131,C,8444/1,morphology,Cystic,,"clear cell, tumor of borderline malignancy (C56.9)",C56.9,false,false,,false
2353,131,C,,,Cystic,,disease of the breast (see SNOMED),,false,true,,false
2354,131,C,9173/0,morphology,Cystic,,hygroma,,false,false,,false
2355,131,C,8508/3,morphology,Cystic,,hypersecretory carcinoma (C50._),,false,false,,false
2356,131,C,9173/0,morphology,Cystic,,lymphangioma,,false,false,,false
2357,131,C,9055/0,morphology,Cystic,,"mesothelioma, benign (C48._) [obs]",,true,false,,false
2358,131,C,9055/1,morphology,Cystic,,"mesothelioma, NOS (C48._)",,false,false,,false
2359,131,C,8470/3,morphology,Cystic,Mucinous,with an associated invasive carcinoma (C25._),,false,false,,false
2360,131,C,8959/1,morphology,Cystic,,"nephroblastoma, partially differentiated (C64.9)",C64.9,false,false,,false
2361,131,C,8959/0,morphology,Cystic,Nephroma,benign (C64.9),C64.9,false,false,,false
2362,131,C,8959/3,morphology,Cystic,Nephroma,malignant (C64.9),C64.9,false,false,,false
2363,131,C,8959/3,morphology,Cystic,Nephroma,"multilocular, malignant (C64.9)",C64.9,false,false,,false
2364,131,C,8452/1,morphology,Cystic,,"papillary, tumor (C25._)",,false,false,,false
2365,131,C,8959/1,morphology,Cystic,,"partially differentiated, nephroblastoma (C64.9)",C64.9,false,false,,false
2366,131,C,8462/1,morphology,Cystic,,"serous papillary, tumor, borderline malignancy (C56.9)",C56.9,false,false,,false
2367,131,C,9080/0,morphology,Cystic,,"teratoma, adult",,false,false,,false
2368,131,C,9080/0,morphology,Cystic,,"teratoma, NOS",,false,false,,false
2369,131,C,C24.0,topography,Cystic bile duct,,Cystic bile duct,,false,false,,true
2370,131,C,C24.0,topography,Cystic duct,,Cystic duct,,false,false,,true
2371,131,C,8470/3,morphology,Cystic neoplasm,Mucinous,with an associated invasive carcinoma (C25._),,false,false,,false
2372,131,C,8470/2,morphology,Cystic neoplasm,Mucinous,with high grade dysplasia (C25._),,false,false,,false
2373,131,C,8470/2,morphology,Cystic neoplasm,Mucinous,with high grade intraepithelial neoplasia (C22._),,false,false,,false
2374,131,C,8470/0,morphology,Cystic neoplasm,Mucinous,with intermediate grade intraepithelial neoplasia (C22._),,false,false,,false
2375,131,C,8470/0,morphology,Cystic neoplasm,Mucinous,with intermediate grade intraepithelial neoplasia (C22._),,false,false,,false
2376,131,C,8470/0,morphology,Cystic neoplasm,Mucinous,with low grade dysplasia (C25._),,false,false,,false
2377,131,C,8470/0,morphology,Cystic neoplasm,Mucinous,with low grade intraepithelial neoplasia (C22._),,false,false,,false
2378,131,C,8454/0,morphology,Cystic tumor,,atrio-ventricular node (C38.0),C38.0,false,false,,false
2379,131,C,8444/1,morphology,Cystic tumor,,"clear cell, borderline malignancy (C56.9)",C56.9,false,false,,false
2380,131,C,8472/1,morphology,Cystic tumor,Mucinous,of borderline malignancy (C56.9),C56.9,false,false,,false
2381,131,C,8470/2,morphology,Cystic tumor,Mucinous,"with high grade dysplasia (C25._) 9758/3 tumor, follicular",,false,false,,false
2382,131,C,8470/0,morphology,Cystic tumor,Mucinous,with intermediate dysplasia (C25._),,false,false,,false
2383,131,C,8470/0,morphology,Cystic tumor,Mucinous,with low grade dysplasia (C25._),,false,false,,false
2384,131,C,8470/0,morphology,Cystic tumor,Mucinous,with moderate dysplasia (C25._),,false,false,,false
2385,131,C,8452/1,morphology,Cystic tumor,,papillary (C25._),,false,false,,false
2386,131,C,8462/1,morphology,Cystic tumor,,"serous papillary, borderline malignancy (C56.9)",C56.9,false,false,,false
2387,131,C,8100/0,morphology,"Cysticum, epithelioma adenoides (C44._)",,"Cysticum, epithelioma adenoides (C44._)",,false,false,,true
2388,131,C,,,"Cysticum, epithelioma adenoides (C44._)",,Cystitis cystica (see SNOMED),,false,true,,false
2389,131,C,,,"Cysticum, epithelioma adenoides (C44._)",,"Cystitis, papillary (see SNOMED)",,false,true,,false
2390,131,C,8440/0,morphology,Cystoma,,NOS,,false,false,,false
2391,131,C,8470/0,morphology,Cystoma,,mucinous (C56.9),C56.9,false,false,,false
2392,131,C,8441/0,morphology,Cystoma,,serous (C56.9),C56.9,false,false,,false
2393,131,C,9020/1,morphology,Cystosarcoma phyllodes,,NOS (C50._),,false,false,,false
2394,131,C,9020/0,morphology,Cystosarcoma phyllodes,,benign (C50._) [obs],,true,false,,false
2395,131,C,9020/3,morphology,Cystosarcoma phyllodes,,malignant (C50._),,false,false,,false
2396,131,C,9985/3,morphology,"Cytopenia of childhood, refractory",,"Cytopenia of childhood, refractory",,false,false,,true
2397,131,C,9985/3,morphology,"Cytopenia with multilineage dysplasia,",,"Cytopenia with multilineage dysplasia, refractory",,false,false,,true
2398,131,D,9135/1,morphology,Dabska tumor,,Dabska tumor,,false,false,,true
2399,131,D,8500/2,morphology,DCIS,,NOS,,false,false,,false
2400,131,D,8501/2,morphology,DCIS,,comedo type (C50._),,false,false,,false
2401,131,D,8503/2,morphology,DCIS,,papillary (C50._),,false,false,,false
2402,131,D,,,DCIS,,Decidual change (see SNOMED),,false,true,,false
2403,131,D,9243/3,morphology,Dedifferentiated,,"chondrosarcoma (C40._, C41._)",,false,false,,false
2404,131,D,9372/3,morphology,Dedifferentiated,,chordoma,,false,false,,false
2405,131,D,8858/3,morphology,Dedifferentiated,,liposarcoma,,false,false,,false
2406,131,D,8831/0,morphology,Deep histiocytoma,,Deep histiocytoma,,false,false,,true
2407,131,D,9560/0,morphology,Degenerated schwannoma,,Degenerated schwannoma,,false,false,,true
2408,131,D,9986/3,morphology,"Del (5q), myelodysplastic syndrome with",,"Del (5q), myelodysplastic syndrome with isolated",,false,false,,true
2409,131,D,C49.1,topography,Deltoideus muscle,,Deltoideus muscle,,false,false,,true
2410,131,D,9727/3,morphology,Dendritic cell,,"neoplasm, blastic plasmacytoid",,false,false,,false
2411,131,D,9757/3,morphology,Dendritic cell,Sarcoma,NOS,,false,false,,false
2412,131,D,9758/3,morphology,Dendritic cell,Sarcoma,follicular,,false,false,,false
2413,131,D,9757/3,morphology,Dendritic cell,Sarcoma,interdigitating,,false,false,,false
2414,131,D,9757/3,morphology,Dendritic cell,,"tumor, indeterminate",,false,false,,false
2415,132,D,,,Cystic tumor,,Dentigerous cyst (see SNOMED),,false,true,,false
2416,132,D,9271/0,morphology,Dentinoma (C41._),,Dentinoma (C41._),,false,false,,true
2417,132,D,9769/1,morphology,"Deposition disease, immunoglobulin",,"Deposition disease, immunoglobulin",,false,false,,true
2418,132,D,8760/0,morphology,Dermal,,and epidermal nevus (C44._),,false,false,,false
2419,132,D,8200/0,morphology,Dermal,,"cylindroma, eccrine (C44._)",,false,false,,false
2420,132,D,8200/0,morphology,Dermal,,"eccrine, cylindroma (C44._)",,false,false,,false
2421,132,D,8762/1,morphology,Dermal,,"lesion, proliferative in congenital nevus (C44._)",,false,false,,false
2422,132,D,8750/0,morphology,Dermal,,nevus (C44._),,false,false,,false
2423,132,D,8762/1,morphology,Dermal,,"proliferative, lesion in congenital nevus (C44._)",,false,false,,false
2424,132,D,8832/0,morphology,Dermatofibroma lenticulare (C44._),,Dermatofibroma lenticulare (C44._),,false,false,,true
2425,132,D,8832/0,morphology,"Dermatofibroma, NOS (C44._)",,"Dermatofibroma, NOS (C44._)",,false,false,,true
2426,132,D,8832/3,morphology,Dermatofibrosarcoma,,NOS (C44._),,false,false,,false
2427,132,D,8832/3,morphology,Dermatofibrosarcoma,,"protuberans, NOS (C44._)",,false,false,,false
2428,132,D,8833/3,morphology,Dermatofibrosarcoma,,"protuberans, pigmented (C44._)",,false,false,,false
2429,132,D,9084/0,morphology,Dermoid,,NOS,,false,false,,false
2430,132,D,9084/0,morphology,Dermoid,Cyst,NOS,,false,false,,false
2431,132,D,9084/3,morphology,Dermoid,Cyst,with malignant transformation (C56.9),C56.9,false,false,,false
2432,132,D,9084/3,morphology,Dermoid,Cyst,with secondary tumor,,false,false,,false
2433,132,D,C62.1,topography,Descended testis,,Descended testis,,false,false,,true
2434,132,D,C18.6,topography,Descending colon,,Descending colon,,false,false,,true
2435,132,D,8821/1,morphology,Desmoid,,NOS,,false,false,,false
2436,132,D,8822/1,morphology,Desmoid,,abdominal,,false,false,,false
2437,132,D,8821/1,morphology,Desmoid,,extra-abdominal,,false,false,,false
2438,132,D,9412/1,morphology,Desmoplastic,,"astrocytoma, infantile",,false,false,,false
2439,132,D,8823/0,morphology,Desmoplastic,,fibroma,,false,false,,false
2440,132,D,9412/1,morphology,Desmoplastic,,"ganglioglioma, infantile",,false,false,,false
2441,132,D,9412/1,morphology,Desmoplastic,,infantile astrocytoma (C71._),,false,false,,false
2442,132,D,9412/1,morphology,Desmoplastic,,infantile ganglioglioma,,false,false,,false
2443,132,D,9471/3,morphology,Desmoplastic,,medulloblastoma (C71.6),C71.6,false,false,,false
2444,132,D,9471/3,morphology,Desmoplastic,,"medulloblastoma, nodular (C71.6)",C71.6,false,false,,false
2445,132,D,8745/3,morphology,Desmoplastic,,"melanoma, amelanotic (C44._)",,false,false,,false
2446,132,D,8745/3,morphology,Desmoplastic,,"melanoma, malignant (C44._)",,false,false,,false
2447,132,D,9051/3,morphology,Desmoplastic,,mesothelioma,,false,false,,false
2448,132,D,8806/3,morphology,Desmoplastic,,small round cell tumor,,false,false,,false
2449,132,D,8092/3,morphology,Desmoplastic,,"type, basal cell carcinoma (C44._)",,false,false,,false
2450,132,D,8514/3,morphology,Desmoplastic,,"type, duct carcinoma",,false,false,,false
2451,132,D,9100/1,morphology,"Destruens, chorioadenoma",,"Destruens, chorioadenoma (C58.9)",C58.9,false,false,,true
2452,132,D,C49.3,topography,Diaphragm,,Diaphragm,,false,false,,true
2453,132,D,C77.1,topography,Diaphragmatic lymph node,,Diaphragmatic lymph node,,false,false,,true
2454,132,D,8851/3,morphology,Differentiated,,liposarcoma,,false,false,,false
2455,132,D,9511/3,morphology,Differentiated,,retinoblastoma (C69.2),C69.2,false,false,,false
2456,132,D,9080/0,morphology,Differentiated,,teratoma,,false,false,,false
2457,132,D,,,Differentiated,,"/-1 Differentiated, NOS (see grading code, section 4.3.4)",,false,false,,false
2458,132,D,8574/3,morphology,Differentiation,,adenocarcinoma with neuroendocrine,,false,false,,false
2459,132,D,8589/3,morphology,Differentiation,,carcinoma showing thymus-like,,false,false,,false
2460,132,D,8574/3,morphology,Differentiation,,carcinoma with neuroendocrine,,false,false,,false
2461,132,D,9561/3,morphology,Differentiation,,malignant peripheral nerve sheath tumor with rhabdomyoblastic,,false,false,,false
2462,132,D,9561/3,morphology,Differentiation,,malignant schwannoma with rhabdomyoblastic,,false,false,,false
2463,132,D,9540/3,morphology,Differentiation,MPNST,with glandular,,false,false,,false
2464,132,D,9540/3,morphology,Differentiation,MPNST,with mesenchymal,,false,false,,false
2465,132,D,9561/3,morphology,Differentiation,MPNST,with rhabdomyoblastic,,false,false,,false
2466,132,D,9362/3,morphology,Differentiation,,"pineal parenchymal tumor, intermediate (C75.3)",C75.3,false,false,,false
2467,132,D,8921/3,morphology,Differentiation,,rhabdomyosarcoma with ganglionic,,false,false,,false
2468,132,D,8631/1,morphology,Differentiation,,"Sertoli-Leydig cell tumor, intermediate",,false,false,,false
2469,132,D,8634/1,morphology,Differentiation,,"Sertoli-Leydig cell tumor, intermediate, with heterologous elements",,false,false,,false
2470,132,D,8588/3,morphology,Differentiation,,spindle epithelial tumor with thymus- like,,false,false,,false
2471,132,D,9400/3,morphology,Diffuse,,astrocytoma (C71._),,false,false,,false
2472,132,D,9400/3,morphology,Diffuse,,"astrocytoma, low grade (C71._)",,false,false,,false
2473,132,D,9740/1,morphology,Diffuse,,cutaneous mastocytosis,,false,false,,false
2474,132,D,8505/0,morphology,Diffuse,,intraductal papillomatosis,,false,false,,false
2475,132,D,,,Diffuse,,lipomatosis (see SNOMED),,false,true,,false
2476,132,D,9591/3,morphology,Diffuse,,lymphosarcoma,,false,false,,false
2477,132,D,9740/1,morphology,Diffuse,,"mastocytosis, cutaneous",,false,false,,false
2478,132,D,8728/0,morphology,Diffuse,,melanocytosis (C70.9),C70.9,false,false,,false
2479,132,D,9530/1,morphology,Diffuse,,meningiomatosis (C70._),,false,false,,false
2480,132,D,8350/3,morphology,Diffuse,,"papillary carcinoma, sclerosing (C73.9)",C73.9,false,false,,false
2481,132,D,8505/0,morphology,Diffuse,,"papillomatosis, intraductal",,false,false,,false
2482,132,D,9513/3,morphology,Diffuse,,retinoblastoma (C69.2),C69.2,false,false,,false
2483,132,D,8350/3,morphology,Diffuse,,sclerosing papillary carcinoma (C73.9),C73.9,false,false,,false
2484,132,D,8145/3,morphology,Diffuse,,"type, adenocarcinoma (C16._)",,false,false,,false
2485,132,D,8145/3,morphology,Diffuse,,"type, carcinoma (C16._)",,false,false,,false
2486,132,D,C26.9,topography,"Digestive organs, NOS",,"Digestive organs, NOS",,false,false,,true
2487,132,D,8408/3,morphology,Digital papillary adenocarcinoma (C44._),,Digital papillary adenocarcinoma (C44._),,false,false,,true
2488,132,D,8408/1,morphology,"Digital papillary adenoma, aggressive",,"Digital papillary adenoma, aggressive (C44._)",,false,false,,true
2489,132,D,9840/3,morphology,Di Guglielmo disease,,Di Guglielmo disease (C42.1) [obs],C42.1,true,false,,true
2490,132,D,9501/0,morphology,"Diktyoma, benign (C69._)",,"Diktyoma, benign (C69._)",,false,false,,true
2491,132,D,9501/3,morphology,"Diktyoma, malignant (C69._)",,"Diktyoma, malignant (C69._)",,false,false,,true
2492,132,D,8500/2,morphology,DIN 3 (C50._),,DIN 3 (C50._),,false,false,,true
2493,132,D,C41.2,topography,"Disc, intervertebral",,"Disc, intervertebral",,false,false,,true
2494,133,D,9762/3,morphology,Disease,,alpha heavy chain,,false,false,,false
2495,133,D,8081/2,morphology,Disease,,Bowen (C44._),,false,false,,false
2496,133,D,9960/3,morphology,Disease,,chronic myeloproliferative (C42.1),C42.1,false,false,,false
2497,133,D,9769/1,morphology,Disease,,"deposition, immunoglobulin",,false,false,,false
2498,133,D,9840/3,morphology,Disease,,Di Guglielmo [obs],,true,false,,false
2499,133,D,9724/3,morphology,Disease,,"EBV positive T-cell lymphoproliferative, systemic, of childhood",,false,false,,false
2500,133,D,9762/3,morphology,Disease,,Franklin,,false,false,,false
2501,133,D,9762/3,morphology,Disease,,gamma heavy chain,,false,false,,false
2502,133,D,9751/3,morphology,Disease,,Hand-Schuller-Christian [obs],,true,false,,false
2503,133,D,9762/3,morphology,Disease,Heavy chain,NOS,,false,false,,false
2504,133,D,9762/3,morphology,Disease,Heavy chain,alpha,,false,false,,false
2505,133,D,9762/3,morphology,Disease,Heavy chain,gamma,,false,false,,false
2506,133,D,9762/3,morphology,Disease,Heavy chain,mu,,false,false,,false
2507,133,D,,,Disease,,Hodgkin (see Hodgkin disease),,false,false,,false
2508,133,D,9769/1,morphology,Disease,,immunoglobulin deposition,,false,false,,false
2509,133,D,9760/3,morphology,Disease,,"immunoproliferative, NOS",,false,false,,false
2510,133,D,9764/3,morphology,Disease,,immunoproliferative small intestinal (C17._),,false,false,,false
2511,133,D,9751/3,morphology,Disease,,Letterer-Siwe [obs],,true,false,,false
2512,133,D,9970/1,morphology,Disease,Lymphoproliferative,NOS,,false,false,,false
2513,133,D,9724/3,morphology,Disease,Lymphoproliferative,"systemic EBV positive T-cell, of childhood",,false,false,,false
2514,133,D,9768/1,morphology,Disease,Lymphoproliferative,T-gamma,,false,false,,false
2515,133,D,9741/3,morphology,Disease,,"mast cell, systemic tissue",,false,false,,false
2516,133,D,9762/3,morphology,Disease,,mu heavy chain,,false,false,,false
2517,133,D,9960/3,morphology,Disease,,"myeloproliferative, chronic (C42.1)",C42.1,false,false,,false
2518,133,D,9960/3,morphology,Disease,,"myeloproliferative, NOS (C42.1)",C42.1,false,false,,false
2519,133,D,,,Disease,,Paget (see Paget disease),,false,false,,false
2520,133,D,9540/1,morphology,Disease,,Recklinghausen (except of bone),,false,false,,false
2521,133,D,9701/3,morphology,Disease,,Sezary,,false,false,,false
2522,133,D,9764/3,morphology,Disease,,"small intestinal, immunoproliferative (C17._)",,false,false,,false
2523,133,D,9724/3,morphology,Disease,Systemic,"EBV positive T-cell lymphoproliferative, of childhood",,false,false,,false
2524,133,D,9769/1,morphology,Disease,Systemic,light chain,,false,false,,false
2525,133,D,9741/3,morphology,Disease,Systemic,tissue mast cell,,false,false,,false
2526,133,D,9724/3,morphology,Disease,,"T-cell lymphoproliferative, systemic",,false,false,,false
2527,133,D,9768/1,morphology,Disease,,T-gamma lymphoproliferative,,false,false,,false
2528,133,D,9540/1,morphology,Disease,,"von Recklinghausen (except of bone) 8319/3 Bellini, carcinoma (C64.9)",C64.9,false,false,,false
2529,133,D,9960/3,morphology,Disorder,,chronic myeloproliferative,,false,false,,false
2530,133,D,9970/1,morphology,Disorder,Lymphoproliferative,NOS,,false,false,,false
2531,133,D,9831/3,morphology,Disorder,Lymphoproliferative,"chronic, of NK cells",,false,false,,false
2532,133,D,9971/1,morphology,Disorder,Lymphoproliferative,"post transplant, NOS",,false,false,,false
2533,133,D,9971/3,morphology,Disorder,Lymphoproliferative,"post transplant, polymorphic",,false,false,,false
2534,133,D,9741/3,morphology,Disorder,,systemic mastocytosis with associated hematological clonal non-mast cell,,false,false,,false
2535,133,D,9751/3,morphology,Disseminated Langerhans cell histiocytosis,,Disseminated Langerhans cell histiocytosis,,false,false,,true
2536,133,D,C15.5,topography,Distal third of esophagus,,Distal third of esophagus,,false,false,,true
2537,133,D,C17.3,topography,"Diverticulum, Meckel (site of neoplasm)",,"Diverticulum, Meckel (site of neoplasm)",,false,false,,true
2538,133,D,C67.1,topography,"Dome, bladder",,"Dome, bladder",,false,false,,true
2539,133,D,C02.0,topography,Dorsal surface,,anterior tongue,,false,false,,false
2540,133,D,C02.0,topography,Dorsal surface,,"tongue, anterior 2/3",,false,false,,false
2541,133,D,C01.9,topography,Dorsal surface,,"tongue, base",,false,false,,false
2542,133,D,C02.0,topography,Dorsal surface,,"tongue, NOS",,false,false,,false
2543,133,D,C48.1,topography,Douglas pouch,,Douglas pouch,,false,false,,true
2544,133,D,8552/3,morphology,Ductal,,"acinar-ductal carcinoma, mixed",,false,false,,false
2545,133,D,8500/3,morphology,Ductal,Carcinoma,NOS,,false,false,,false
2546,133,D,8522/3,morphology,Ductal,Carcinoma,and lobular (C50._),,false,false,,false
2547,133,D,8201/3,morphology,Ductal,Carcinoma,cribriform type (C50._),,false,false,,false
2548,133,D,8201/2,morphology,Ductal,Carcinoma,"cribriform type, in situ (C50._)",,false,false,,false
2549,133,D,8500/2,morphology,Ductal,Carcinoma in situ,NOS (C50._),,false,false,,false
2550,133,D,8522/3,morphology,Ductal,Carcinoma in situ,and infiltrating lobular carcinoma (C50._),,false,false,,false
2551,133,D,8501/2,morphology,Ductal,Carcinoma in situ,comedo type (C50._),,false,false,,false
2552,133,D,8201/2,morphology,Ductal,Carcinoma in situ,cribriform type (C50._),,false,false,,false
2553,133,D,8507/2,morphology,Ductal,Carcinoma in situ,micropapillary (C50._),,false,false,,false
2554,133,D,8503/2,morphology,Ductal,Carcinoma in situ,papillary (C50._),,false,false,,false
2555,133,D,8230/2,morphology,Ductal,Carcinoma in situ,solid type (C50._),,false,false,,false
2556,133,D,8500/2,morphology,Ductal,,intraepithelial neoplasia 3 (C50._),,false,false,,false
2557,133,D,8522/3,morphology,Ductal,,lobular and ductal carcinoma (C50._),,false,false,,false
2558,133,D,8552/3,morphology,Ductal,Mixed,ductal-acinar carcinoma,,false,false,,false
2559,133,D,8154/3,morphology,Ductal,Mixed,ductal-endocrine-acinar carcinoma,,false,false,,false
2560,133,D,8154/3,morphology,Ductal,Mixed,ductal-endocrine carcinoma (C25._),,false,false,,false
2561,133,D,8503/0,morphology,Ductal,,papilloma,,false,false,,false
2562,133,D,8500/3,morphology,Duct (morphology),,"adenocarcinoma, infiltrating (C50._)",,false,false,,false
2563,133,D,8500/3,morphology,Duct (morphology),,"adenocarcinoma, NOS",,false,false,,false
2564,133,D,8503/0,morphology,Duct (morphology),,"adenoma, NOS",,false,false,,false
2565,133,D,8500/3,morphology,Duct (morphology),Carcinoma,NOS,,false,false,,false
2566,133,D,8319/3,morphology,Duct (morphology),Carcinoma,Bellini (C64.9),C64.9,false,false,,false
2567,133,D,8319/3,morphology,Duct (morphology),Carcinoma,collecting (C64.9),C64.9,false,false,,false
2568,133,D,8514/3,morphology,Duct (morphology),Carcinoma,desmoplastic type,,false,false,,false
2569,133,D,8407/3,morphology,Duct (morphology),Carcinoma,sclerosing sweat (C44._),,false,false,,false
2570,133,D,8500/3,morphology,Duct (morphology),,cell carcinoma,,false,false,,false
2571,133,D,,,Duct (morphology),,"ectasia, mammary (see SNOMED)",,false,true,,false
2572,134,D,8500/3,morphology,Duct (morphology),Infiltrating,adenocarcinoma (C50._),,false,false,,false
2573,134,D,8523/3,morphology,Duct (morphology),Infiltrating,and colloid carcinoma (C50._),,false,false,,false
2574,134,D,8523/3,morphology,Duct (morphology),Infiltrating,and cribriform carcinoma (C50._),,false,false,,false
2575,134,D,8522/3,morphology,Duct (morphology),Infiltrating,and lobular carcinoma (C50._),,false,false,,false
2576,134,D,8522/3,morphology,Duct (morphology),Infiltrating,and lobular carcinoma in situ (C50._),,false,false,,false
2577,134,D,8523/3,morphology,Duct (morphology),Infiltrating,and mucinous carcinoma (C50._),,false,false,,false
2578,134,D,8541/3,morphology,Duct (morphology),Infiltrating,"and Paget disease, breast (C50._)",,false,false,,false
2579,134,D,8523/3,morphology,Duct (morphology),Infiltrating,and tubular carcinoma (C50._),,false,false,,false
2580,134,D,8500/3,morphology,Duct (morphology),Infiltrating,carcinoma (C50._),,false,false,,false
2581,134,D,8523/3,morphology,Duct (morphology),Infiltrating,mixed with other types of carcinoma (C50._),,false,false,,false
2582,134,D,8506/0,morphology,Duct (morphology),,"papillomatosis, subareolar (C50.0)",C50.0,false,false,,false
2583,134,D,8319/3,morphology,Duct (morphology),,"renal carcinoma, collecting duct type (C64.9)",C64.9,false,false,,false
2584,134,D,8407/3,morphology,Duct (morphology),,"sweat, carcinoma, sclerosing (C44._)",,false,false,,false
2585,134,D,8525/3,morphology,Duct (morphology),,"terminal, adenocarcinoma",,false,false,,false
2586,134,D,9110/0,morphology,Duct (morphology),Wolffian,adenoma,,false,false,,false
2587,134,D,9110/3,morphology,Duct (morphology),Wolffian,carcinoma,,false,false,,false
2588,134,D,9110/1,morphology,Duct (morphology),Wolffian,tumor,,false,false,,false
2589,134,D,C24.0,topography,Duct (topography),,"bile, NOS",,false,false,,false
2590,134,D,C24.0,topography,Duct (topography),,"biliary, NOS",,false,false,,false
2591,134,D,C24.0,topography,Duct (topography),,choledochal,,false,false,,false
2592,134,D,C24.0,topography,Duct (topography),,common,,false,false,,false
2593,134,D,C24.0,topography,Duct (topography),,common bile,,false,false,,false
2594,134,D,C75.2,topography,Duct (topography),,craniopharyngeal,,false,false,,false
2595,134,D,C24.0,topography,Duct (topography),,cystic,,false,false,,false
2596,134,D,C24.0,topography,Duct (topography),,cystic bile,,false,false,,false
2597,134,D,C24.0,topography,Duct (topography),,extrahepatic bile,,false,false,,false
2598,134,D,C52.9,topography,Duct (topography),,Gartner,,false,false,,false
2599,134,D,C24.0,topography,Duct (topography),,hepatic,,false,false,,false
2600,134,D,C24.0,topography,Duct (topography),,hepatic bile,,false,false,,false
2601,134,D,C22.1,topography,Duct (topography),,intrahepatic bile,,false,false,,false
2602,134,D,C69.5,topography,Duct (topography),,"lacrimal, NOS",,false,false,,false
2603,134,D,C69.5,topography,Duct (topography),,nasal lacrimal,,false,false,,false
2604,134,D,C69.5,topography,Duct (topography),,nasolacrimal,,false,false,,false
2605,134,D,C25.3,topography,Duct (topography),,pancreatic,,false,false,,false
2606,134,D,C07.9,topography,Duct (topography),,parotid gland,,false,false,,false
2607,134,D,C25.3,topography,Duct (topography),,Santorini,,false,false,,false
2608,134,D,C07.9,topography,Duct (topography),,Stensen,,false,false,,false
2609,134,D,C08.1,topography,Duct (topography),,sublingual gland,,false,false,,false
2610,134,D,C08.0,topography,Duct (topography),,submaxillary gland,,false,false,,false
2611,134,D,C49.3,topography,Duct (topography),,thoracic,,false,false,,false
2612,134,D,C73.9,topography,Duct (topography),,thyroglossal,,false,false,,false
2613,134,D,C08.0,topography,Duct (topography),,Wharton,,false,false,,false
2614,134,D,C25.3,topography,Duct (topography),,Wirsung,,false,false,,false
2615,134,D,C57.7,topography,Duct (topography),,Wolffian,,false,false,,false
2616,134,D,8521/3,morphology,"Ductular carcinoma, infiltrating (C50._)",,"Ductular carcinoma, infiltrating (C50._)",,false,false,,true
2617,134,D,C17.0,topography,Duodenum,,Duodenum,,false,false,,true
2618,134,D,C70.9,topography,Dura mater,,NOS,,false,false,,false
2619,134,D,C70.0,topography,Dura mater,,cranial,,false,false,,false
2620,134,D,C70.1,topography,Dura mater,,spinal,,false,false,,false
2621,134,D,C70.9,topography,"Dura, NOS",,"Dura, NOS",,false,false,,true
2622,134,D,9413/0,morphology,Dysembryoplastic neuroepithelial tumor,,Dysembryoplastic neuroepithelial tumor,,false,false,,true
2623,134,D,,,Dysembryoplastic neuroepithelial tumor,,"Dysgenesis, NOS (see SNOMED)",,false,true,,false
2624,134,D,9060/3,morphology,Dysgerminoma,,Dysgerminoma,,false,false,,true
2625,134,D,,,Dysplasia,,NOS (see SNOMED),,false,true,,false
2626,134,D,8077/2,morphology,Dysplasia,,CIN III with severe (C53._),,false,false,,false
2627,134,D,,,Dysplasia,,"congenital, NOS (see SNOMED)",,false,true,,false
2628,134,D,8148/2,morphology,Dysplasia,,"esophageal glandular, high grade (C15._)",,false,false,,false
2629,134,D,8148/0,morphology,Dysplasia,,"esophageal glandular, low grade (C15._)",,false,false,,false
2630,134,D,8077/0,morphology,Dysplasia,,"esophageal squamous, low grade (C15._)",,false,false,,false
2631,134,D,8077/2,morphology,Dysplasia,,"espophageal squamous, high grade (C15._)",,false,false,,false
2632,134,D,,,Dysplasia,,"fibrous, NOS (see SNOMED)",,false,true,,false
2633,134,D,8148/2,morphology,Dysplasia,,"flat, high grade (C24.1)",C24.1,false,false,,false
2634,134,D,9275/0,morphology,Dysplasia,,florid osseous (C41._),,false,false,,false
2635,134,D,8503/2,morphology,Dysplasia,,intracystic papillary tumor with high grade (C23.9),C23.9,false,false,,false
2636,134,D,8453/0,morphology,Dysplasia,,intraductal papillary-mucinous tumor with intermediate (C25._),,false,false,,false
2637,134,D,8453/0,morphology,Dysplasia,,intraductal papillary-mucinous tumor with moderate (C25._),,false,false,,false
2638,134,D,8503/2,morphology,Dysplasia,,intraductal papillary neoplasm with high grade,,false,false,,false
2639,134,D,8503/2,morphology,Dysplasia,,intraductal papillary tumor with high grade,,false,false,,false
2640,134,D,,,Dysplasia,,mild (see SNOMED),,false,true,,false
2641,134,D,,,Dysplasia,,moderate (see SNOMED),,false,true,,false
2642,134,D,8470/2,morphology,Dysplasia,Mucinous cystic neoplasm,with high grade (C25._),,false,false,,false
2643,134,D,8470/0,morphology,Dysplasia,Mucinous cystic neoplasm,with intermediate grade (C25._),,false,false,,false
2644,134,D,8470/0,morphology,Dysplasia,Mucinous cystic neoplasm,with moderate (C25._),,false,false,,false
2645,134,D,8470/3,morphology,Dysplasia,Mucinous cystic tumor,with an associated invasive carcinoma (C25._),,false,false,,false
2646,134,D,8470/2,morphology,Dysplasia,Mucinous cystic tumor,with high grade (C25._),,false,false,,false
2647,134,D,8470/0,morphology,Dysplasia,Mucinous cystic tumor,with intermediate (C25._),,false,false,,false
2648,134,D,8470/0,morphology,Dysplasia,Mucinous cystic tumor,with low grade (C25._),,false,false,,false
2649,134,D,8470/0,morphology,Dysplasia,Mucinous cystic tumor,with moderate (C25._),,false,false,,false
2650,134,D,9895/3,morphology,Dysplasia,,"multilineage, acute myeloid leukemia with",,false,false,,false
2651,134,D,9985/3,morphology,Dysplasia,,"multilineage, refractory cytopenia with",,false,false,,false
2652,134,D,8163/2,morphology,Dysplasia,,non-invasive pancreatobiliary papillary neoplasm with high grade (C24.1),C24.1,false,false,,false
2653,134,D,8163/0,morphology,Dysplasia,,non-invasive pancreatobiliary papillary neoplasm with low grade,,false,false,,false
2654,134,D,8163/2,morphology,Dysplasia,,"pancreatobiliary papillary neoplasm, non-invasive, with high grade",,false,false,,false
2655,135,D,8163/0,morphology,Dysplasia,,"pancreatobiliary papillary neoplasm, non-invasive, with low grade",,false,false,,false
2656,135,D,9272/0,morphology,Dysplasia,,periapical cemental (C41._),,false,false,,false
2657,135,D,9272/0,morphology,Dysplasia,,periapical cemento-osseous (C41._),,false,false,,false
2658,135,D,,,Dysplasia,,severe (see SNOMED),,false,true,,false
2659,135,D,8077/2,morphology,Dysplasia,,"squamous esophageal, high grade (C15._)",,false,false,,false
2660,135,D,8077/0,morphology,Dysplasia,,"squamous esophageal, low grade (C15._)",,false,false,,false
2661,135,D,9493/0,morphology,Dysplastic gangliocytoma of cerebellum,,Dysplastic gangliocytoma of cerebellum (Lhermitte-Duclos) (C71.6),C71.6,false,false,,true
2662,135,D,8727/0,morphology,Dysplastic nevus (C44._),,Dysplastic nevus (C44._),,false,false,,true
2663,135,D,9705/3,morphology,"Dysproteinemia, peripheral T-cell",,"Dysproteinemia, peripheral T-cell lymphoma, Angioimmunoblastic",,false,false,,true
2664,135,E,C44.2,topography,Ear,,NOS,,false,false,,false
2665,135,E,C44.2,topography,Ear,,canal,,false,false,,false
2666,135,E,C49.0,topography,Ear,,cartilage,,false,false,,false
2667,135,E,C44.2,topography,Ear,,external,,false,false,,false
2668,135,E,C30.1,topography,Ear,,inner,,false,false,,false
2669,135,E,C44.2,topography,Ear,,lobule,,false,false,,false
2670,135,E,C30.1,topography,Ear,,middle,,false,false,,false
2671,135,E,C44.2,topography,Ear,,"skin, NOS",,false,false,,false
2672,135,E,C44.2,topography,Earlobe,,Earlobe,,false,false,,true
2673,135,E,9724/3,morphology,EBV positive T-cell lymphoproliferative,,"EBV positive T-cell lymphoproliferative disease of childhood, systemic",,false,false,,true
2674,135,E,8241/3,morphology,EC cell carcinoid,,EC cell carcinoid,,false,false,,true
2675,135,E,9210/0,morphology,"Ecchondroma (C40._, C41._)",,"Ecchondroma (C40._, C41._)",,false,false,,true
2676,135,E,9210/1,morphology,"Ecchondrosis (C40._, C41._)",,"Ecchondrosis (C40._, C41._)",,false,false,,true
2677,135,E,8402/0,morphology,Eccrine,,acrospiroma (C44._),,false,false,,false
2678,135,E,8413/3,morphology,Eccrine,,adenocarcinoma (C44._),,false,false,,false
2679,135,E,8408/3,morphology,Eccrine,,"adenocarcinoma, papillary (C44._)",,false,false,,false
2680,135,E,8408/0,morphology,Eccrine,,"adenoma, papillary (C44._)",,false,false,,false
2681,135,E,8404/0,morphology,Eccrine,,cystadenoma (C44._),,false,false,,false
2682,135,E,8200/0,morphology,Eccrine,,dermal cylindroma (C44._),,false,false,,false
2683,135,E,8408/3,morphology,Eccrine,,papillary adenocarcinoma (C44._),,false,false,,false
2684,135,E,8408/0,morphology,Eccrine,,papillary adenoma (C44._),,false,false,,false
2685,135,E,8409/0,morphology,Eccrine,,poroma (C44._),,false,false,,false
2686,135,E,8409/3,morphology,Eccrine,,"poroma, malignant (C44._)",,false,false,,false
2687,135,E,8403/0,morphology,Eccrine,,spiradenoma (C44._),,false,false,,false
2688,135,E,8403/3,morphology,Eccrine,,"spiradenoma, malignant (C44._)",,false,false,,false
2689,135,E,8242/3,morphology,"ECL cell carcinoid, malignant",,"ECL cell carcinoid, malignant",,false,false,,true
2690,135,E,8242/1,morphology,"ECL cell carcinoid, NOS",,"ECL cell carcinoid, NOS",,false,false,,true
2691,135,E,,,"ECL cell carcinoid, NOS",,"Ectasia, mammary duct (see SNOMED)",,false,true,,false
2692,135,E,8921/3,morphology,Ectomesenchymoma,,Ectomesenchymoma,,false,false,,true
2693,135,E,,,Ectomesenchymoma,,"Ectopia, NOS (see SNOMED)",,false,true,,false
2694,135,E,,,Dysplasia,,Ectopic glial tissue (see SNOMED),,false,true,,false
2695,135,E,8587/0,morphology,Ectopic hamartomatous thymoma,,Ectopic hamartomatous thymoma,,false,false,,true
2696,135,E,C62.0,topography,Ectopic testis (site of neoplasm),,Ectopic testis (site of neoplasm),,false,false,,true
2697,135,E,8820/0,morphology,Elastofibroma,,Elastofibroma,,false,false,,true
2698,135,E,C76.4,topography,Elbow,,NOS,,false,false,,false
2699,135,E,C44.6,topography,Elbow,,"NOS (carcinoma, melanoma, nevus)",,false,false,,false
2700,135,E,C49.1,topography,Elbow,,"NOS (sarcoma, lipoma)",,false,false,,false
2701,135,E,C47.1,topography,Elbow,,autonomic nervous system,,false,false,,false
2702,135,E,C49.1,topography,Elbow,,connective tissue,,false,false,,false
2703,135,E,C49.1,topography,Elbow,,fibrous tissue,,false,false,,false
2704,135,E,C40.0,topography,Elbow,,joint,,false,false,,false
2705,135,E,C47.1,topography,Elbow,,peripheral nerve,,false,false,,false
2706,135,E,C44.6,topography,Elbow,,skin,,false,false,,false
2707,135,E,C49.1,topography,Elbow,,soft tissue,,false,false,,false
2708,135,E,C49.1,topography,Elbow,,subcutaneous tissue,,false,false,,false
2709,135,E,8634/1,morphology,Element,Sertoli-Leydig cell tumor,"intermediate differentiation, with heterologous",,false,false,,false
2710,135,E,8634/3,morphology,Element,Sertoli-Leydig cell tumor,"poorly differentiated, with heterologous",,false,false,,false
2711,135,E,8634/1,morphology,Element,Sertoli-Leydig cell tumor,"retiform, with heterologous",,false,false,,false
2712,135,E,8588/3,morphology,Element,,spindle epithelial tumor with thymus- like,,false,false,,false
2713,135,E,9101/3,morphology,"Elements, choriocarcinoma combined with",,"Elements, choriocarcinoma combined with other germ cell",,false,false,,true
2714,135,E,8593/1,morphology,"Elements, stromal tumor with minor sex",,"Elements, stromal tumor with minor sex cord (C56.9)",C56.9,false,false,,true
2715,135,E,8000/6,morphology,"Embolus, tumor",,"Embolus, tumor",,false,false,,true
2716,135,E,9070/3,morphology,Embryonal,,adenocarcinoma,,false,false,,false
2717,135,E,8191/0,morphology,Embryonal,,adenoma,,false,false,,false
2718,135,E,8902/3,morphology,Embryonal,,"and alveolar rhabdomyosarcoma, mixed",,false,false,,false
2719,135,E,9070/3,morphology,Embryonal,Carcinoma,NOS,,false,false,,false
2720,135,E,9081/3,morphology,Embryonal,Carcinoma,"and teratoma, mixed",,false,false,,false
2721,135,E,9101/3,morphology,Embryonal,Carcinoma,combined with choriocarcinoma,,false,false,,false
2722,135,E,9071/3,morphology,Embryonal,Carcinoma,infantile,,false,false,,false
2723,135,E,9072/3,morphology,Embryonal,Carcinoma,polyembryonal type,,false,false,,false
2724,135,E,8981/3,morphology,Embryonal,,carcinosarcoma,,false,false,,false
2725,135,E,8970/3,morphology,Embryonal,,hepatoma (C22.0),C22.0,false,false,,false
2726,135,E,,,Embryonal,,"rest, NOS (see SNOMED)",,false,true,,false
2727,135,E,8910/3,morphology,Embryonal,Rhabdomyosarcoma,NOS,,false,false,,false
2728,135,E,8902/3,morphology,Embryonal,Rhabdomyosarcoma,"and alveolar, mixed",,false,false,,false
2729,135,E,8910/3,morphology,Embryonal,Rhabdomyosarcoma,pleomorphic,,false,false,,false
2730,135,E,8991/3,morphology,Embryonal,,sarcoma,,false,false,,false
2731,135,E,9080/3,morphology,Embryonal,,teratoma,,false,false,,false
2732,135,E,8335/3,morphology,Encapsulated follicular carcinoma,,Encapsulated follicular carcinoma (C73.9),C73.9,false,false,,true
2733,135,E,8343/3,morphology,Encapsulated papillary carcinoma,,Encapsulated papillary carcinoma (C73.9),C73.9,false,false,,true
2734,136,E,9220/0,morphology,"Enchondroma (C40._, C41._)",,"Enchondroma (C40._, C41._)",,false,false,,true
2735,136,E,,,"Enchondroma (C40._, C41._)",,Endemic goiter (see SNOMED),,false,true,,false
2736,136,E,C38.0,topography,Endocardium,,Endocardium,,false,false,,true
2737,136,E,C53.0,topography,Endocervical canal,,Endocervical canal,,false,false,,true
2738,136,E,C53.0,topography,Endocervical gland,,Endocervical gland,,false,false,,true
2739,136,E,8384/3,morphology,Endocervical type adenocarcinoma,,Endocervical type adenocarcinoma,,false,false,,true
2740,136,E,8482/3,morphology,Endocervical type mucinous,,Endocervical type mucinous adenocarcinoma,,false,false,,true
2741,136,E,C53.0,topography,Endocervix,,Endocervix,,false,false,,true
2742,136,E,8154/3,morphology,"Endocrine-acinar carcinoma, mixed",,"Endocrine-acinar carcinoma, mixed (C25._)",,false,false,,true
2743,136,E,8154/3,morphology,"Endocrine-acinar-ductal carcinoma, mixed",,"Endocrine-acinar-ductal carcinoma, mixed",,false,false,,true
2744,136,E,8154/3,morphology,"Endocrine-ductal carcinoma, mixed",,"Endocrine-ductal carcinoma, mixed (C25._)",,false,false,,true
2745,136,E,8154/3,morphology,Endocrine (morphology),,"acinar-ductal- carcinoma, mixed",,false,false,,false
2746,136,E,8360/1,morphology,Endocrine (morphology),,"adenomas, multiple",,false,false,,false
2747,136,E,8360/1,morphology,Endocrine (morphology),,adenomatosis,,false,false,,false
2748,136,E,8154/3,morphology,Endocrine (morphology),,"and exocrine adenocarcinoma, mixed 8380/3 cystadenocarcinoma (C25._)",,false,false,,false
2749,136,E,8154/3,morphology,Endocrine (morphology),,mixed acinar-ductal- carcinoma,,false,false,,false
2750,136,E,8154/3,morphology,Endocrine (morphology),,mixed exocrine adenocarcinoma and (C25._),,false,false,,false
2751,136,E,8150/1,morphology,Endocrine (morphology),Tumor,"NOS, pancreatic (C25._)",,false,false,,false
2752,136,E,8150/0,morphology,Endocrine (morphology),Tumor,"benign, pancreatic (C25._)",,false,false,,false
2753,136,E,8158/1,morphology,Endocrine (morphology),Tumor,"functioning, NOS",,false,false,,false
2754,136,E,8154/3,morphology,Endocrine (morphology),Tumor,malignant mixed pancreatic exocrine and (C25._),,false,false,,false
2755,136,E,8150/3,morphology,Endocrine (morphology),Tumor,"malignant, pancreatic (C25._)",,false,false,,false
2756,136,E,8154/3,morphology,Endocrine (morphology),Tumor,"mixed pancreatic exocrine and, malignant (C25._)",,false,false,,false
2757,136,E,8150/3,morphology,Endocrine (morphology),Tumor,"non-functioning, pancreatic (C25._) Pancreatic",,false,false,,false
2758,136,E,8150/1,morphology,Endocrine (morphology),Tumor,NOS (C25._),,false,false,,false
2759,136,E,8154/3,morphology,Endocrine (morphology),Tumor,"and exocrine tumor, malignant mixed (C25._)",,false,false,,false
2760,136,E,8150/0,morphology,Endocrine (morphology),Tumor,benign (C25._),,false,false,,false
2761,136,E,8150/3,morphology,Endocrine (morphology),Tumor,malignant (C25._),,false,false,,false
2762,136,E,8150/3,morphology,Endocrine (morphology),Tumor,non-functioning (C25._),,false,false,,false
2763,136,E,C75.9,topography,Endocrine (topography,,"gland, NOS",,false,false,,false
2764,136,E,C75.8,topography,Endocrine (topography,,"glands, multiple",,false,false,,false
2765,136,E,C25.4,topography,Endocrine (topography,,pancreas,,false,false,,false
2766,136,E,9071/3,morphology,Endodermal sinus tumor,,Endodermal sinus tumor,,false,false,,true
2767,136,E,8931/3,morphology,Endolymphatic stromal myosis,,Endolymphatic stromal myosis (C54.1),C54.1,false,false,,true
2768,136,E,8930/3,morphology,"Endometrial sarcoma, NOS",,"Endometrial sarcoma, NOS (C54.1)",C54.1,false,false,,true
2769,136,E,C54.1,topography,Endometrial stroma,,Endometrial stroma,,false,false,,true
2770,136,E,8930/0,morphology,Endometrial stromal,,nodule (C54.1),C54.1,false,false,,false
2771,136,E,8930/3,morphology,Endometrial stromal,Sarcoma,NOS (C54.1),C54.1,false,false,,false
2772,136,E,8930/3,morphology,Endometrial stromal,Sarcoma,high grade (C54.1),C54.1,false,false,,false
2773,136,E,8931/3,morphology,Endometrial stromal,Sarcoma,low grade (C54.1),C54.1,false,false,,false
2774,136,E,8931/3,morphology,Endometrial stromatosis,,Endometrial stromatosis,,false,false,,true
2775,136,E,8380/3,morphology,Endometrioid,Adenocarcinoma,NOS,,false,false,,false
2776,136,E,8383/3,morphology,Endometrioid,Adenocarcinoma,ciliated cell variant,,false,false,,false
2777,136,E,8382/3,morphology,Endometrioid,Adenocarcinoma,secretory variant,,false,false,,false
2778,136,E,8381/0,morphology,Endometrioid,Adenofibroma,NOS,,false,false,,false
2779,136,E,8381/1,morphology,Endometrioid,Adenofibroma,borderline malignancy,,false,false,,false
2780,136,E,8381/3,morphology,Endometrioid,Adenofibroma,malignant,,false,false,,false
2781,136,E,8380/1,morphology,Endometrioid,,"adenoma, borderline malignancy",,false,false,,false
2782,136,E,8380/0,morphology,Endometrioid,,"adenoma, NOS",,false,false,,false
2783,136,E,8380/3,morphology,Endometrioid,,"carcinoma, NOS",,false,false,,false
2784,136,E,8381/0,morphology,Endometrioid,Cystadenofibroma,NOS,,false,false,,false
2785,136,E,8381/1,morphology,Endometrioid,Cystadenofibroma,borderline malignancy,,false,false,,false
2786,136,E,8381/3,morphology,Endometrioid,Cystadenofibroma,malignant,,false,false,,false
2787,136,E,8380/1,morphology,Endometrioid,,"cystadenoma, borderline malignancy",,false,false,,false
2788,136,E,8380/0,morphology,Endometrioid,,"cystadenoma, NOS",,false,false,,false
2789,136,E,8380/1,morphology,Endometrioid,,"tumor, atypical proliferative",,false,false,,false
2790,136,E,8380/1,morphology,Endometrioid,,tumor of low malignant potential,,false,false,,false
2791,136,E,,,Endometrioid,,Endometrioma (see SNOMED),,false,true,,false
2792,136,E,,,Endometriosis,,NOS (see SNOMED),,false,true,,false
2793,136,E,,,Endometriosis,,external (see SNOMED),,false,true,,false
2794,136,E,,,Endometriosis,,internal (see SNOMED),,false,true,,false
2795,136,E,8931/3,morphology,Endometriosis,,stromal (C54.1),C54.1,false,false,,false
2796,136,E,C54.1,topography,Endometrium,,Endometrium,,false,false,,true
2797,136,E,9531/0,morphology,Endotheliomatous meningioma (C70._),,Endotheliomatous meningioma (C70._),,false,false,,true
2798,136,E,9135/1,morphology,Endovascular papillary angioendothelioma,,Endovascular papillary angioendothelioma,,false,false,,true
2799,136,E,8241/3,morphology,Enterochromaffin cell carcinoid,,Enterochromaffin cell carcinoid,,false,false,,true
2800,136,E,8242/1,morphology,"Enterochromaffin-like cell carcinoid, NOS",,"Enterochromaffin-like cell carcinoid, NOS",,false,false,,true
2801,136,E,8242/3,morphology,"Enterochromaffin-like cell tumor,",,"Enterochromaffin-like cell tumor, malignant",,false,false,,true
2802,136,E,,,"Enterochromaffin-like cell tumor,",,Enterogenous cyst (see SNOMED),,false,true,,false
2803,136,E,8152/3,morphology,"Enteroglucagonoma, malignant",,"Enteroglucagonoma, malignant",,false,false,,true
2804,136,E,8152/1,morphology,"Enteroglucagonoma, NOS",,"Enteroglucagonoma, NOS",,false,false,,true
2805,136,E,8280/3,morphology,Eosinophil,,adenocarcinoma (C75.1),C75.1,false,false,,false
2806,136,E,8280/0,morphology,Eosinophil,,adenoma (C75.1),C75.1,false,false,,false
2807,136,E,8280/3,morphology,Eosinophil,,carcinoma (C75.1),C75.1,false,false,,false
2808,136,E,9751/3,morphology,Eosinophilic granuloma,,Eosinophilic granuloma [obs],,true,false,,true
2809,136,E,C71.5,topography,Ependyma,,Ependyma,,false,false,,true
2810,136,E,9392/3,morphology,Ependymoblastoma (C71._),,Ependymoblastoma (C71._),,false,false,,true
2811,137,E,9391/3,morphology,Ependymoma,,NOS (C71._),,false,false,,false
2812,137,E,9392/3,morphology,Ependymoma,,anaplastic (C71._),,false,false,,false
2813,137,E,9391/3,morphology,Ependymoma,,cellular (C71._),,false,false,,false
2814,137,E,9391/3,morphology,Ependymoma,,clear cell (C71._),,false,false,,false
2815,137,E,9391/3,morphology,Ependymoma,,epithelial (C71._),,false,false,,false
2816,137,E,9394/1,morphology,Ependymoma,,myxopapillary (C72.0),C72.0,false,false,,false
2817,137,E,9393/3,morphology,Ependymoma,,papillary (C71._),,false,false,,false
2818,137,E,9391/3,morphology,Ependymoma,,tanycytic (C71._),,false,false,,false
2819,137,E,9383/1,morphology,"Ependymoma-subependymoma, mixed",,"Ependymoma-subependymoma, mixed (C71._)",,false,false,,true
2820,137,E,,,"Ependymoma-subependymoma, mixed",,Ephelis (see SNOMED),,false,true,,false
2821,137,E,C38.0,topography,Epicardium,,Epicardium,,false,false,,true
2822,137,E,8760/0,morphology,Epidermal and dermal nevus (C44._),,Epidermal and dermal nevus (C44._),,false,false,,true
2823,137,E,8070/3,morphology,Epidermoid carcinoma,,NOS,,false,false,,false
2824,137,E,8560/3,morphology,Epidermoid carcinoma,,"and adenocarcinoma, mixed",,false,false,,false
2825,137,E,8070/2,morphology,Epidermoid carcinoma,,"in situ, NOS",,false,false,,false
2826,137,E,8076/2,morphology,Epidermoid carcinoma,,in situ with questionable stromal invasion,,false,false,,false
2827,137,E,8071/3,morphology,Epidermoid carcinoma,,keratinizing,,false,false,,false
2828,137,E,8072/3,morphology,Epidermoid carcinoma,,"large cell, nonkeratinizing",,false,false,,false
2829,137,E,8052/3,morphology,Epidermoid carcinoma,,papillary,,false,false,,false
2830,137,E,8073/3,morphology,Epidermoid carcinoma,,"small cell, nonkeratinizing",,false,false,,false
2831,137,E,8074/3,morphology,Epidermoid carcinoma,,spindle cell,,false,false,,false
2832,137,E,8051/3,morphology,Epidermoid carcinoma,,verrucous,,false,false,,false
2833,137,E,,,Epidermoid carcinoma,,Epidermoid cholesteatoma (see SNOMED),,false,true,,false
2834,137,E,,,Epidermoid carcinoma,,Epidermoid cyst (see SNOMED),,false,true,,false
2835,137,E,C63.0,topography,Epididymis,,Epididymis,,false,false,,true
2836,137,E,C72.9,topography,Epidural,,Epidural,,false,false,,true
2837,137,E,C32.1,topography,Epiglottis,,NOS (excludes anterior surface of epiglottis C10.1),,false,false,,false
2838,137,E,C10.1,topography,Epiglottis,,anterior surface,,false,false,,false
2839,137,E,C32.1,topography,Epiglottis,,posterior surface,,false,false,,false
2840,137,E,9391/3,morphology,Epithelial,,ependymoma (C71.1),C71.1,false,false,,false
2841,137,E,8452/1,morphology,Epithelial,,"neoplasm, solid and papillary (C25._)",,false,false,,false
2842,137,E,9340/0,morphology,Epithelial,,"odontogenic tumor, calcifying (C41._)",,false,false,,false
2843,137,E,8975/1,morphology,Epithelial,,"stromal tumor, calcifying nested (C22.0)",C22.0,false,false,,false
2844,137,E,8585/3,morphology,Epithelial,,"thymoma, malignant (C37.9)",C37.9,false,false,,false
2845,137,E,8585/1,morphology,Epithelial,,"thymoma, NOS (C37.9)",C37.9,false,false,,false
2846,137,E,8010/0,morphology,Epithelial,Tumor,benign,,false,false,,false
2847,137,E,8010/3,morphology,Epithelial,Tumor,malignant,,false,false,,false
2848,137,E,8588/3,morphology,Epithelial,Tumor,"spindle, with thymus-like differentiation",,false,false,,false
2849,137,E,8588/3,morphology,Epithelial,Tumor,"spindle, with thymus-like element",,false,false,,false
2850,137,E,8970/3,morphology,"Epithelial-mesenchymal hepatoblastoma,",,"Epithelial-mesenchymal hepatoblastoma, mixed (C22.0)",C22.0,false,false,,true
2851,137,E,8562/3,morphology,Epithelial-myoepithelial carcinoma,,Epithelial-myoepithelial carcinoma,,false,false,,true
2852,137,E,8770/3,morphology,Epithelioid,,"and spindle cell melanoma, mixed",,false,false,,false
2853,137,E,8770/0,morphology,Epithelioid,,and spindle cell nevus (C44._),,false,false,,false
2854,137,E,8771/3,morphology,Epithelioid,Cell,melanoma,,false,false,,false
2855,137,E,8771/0,morphology,Epithelioid,Cell,nevus (C44._),,false,false,,false
2856,137,E,8804/3,morphology,Epithelioid,Cell,sarcoma,,false,false,,false
2857,137,E,9042/3,morphology,Epithelioid,Cell,synovial sarcoma,,false,false,,false
2858,137,E,9133/3,morphology,Epithelioid,,"hemangioendothelioma, malignant",,false,false,,false
2859,137,E,9133/1,morphology,Epithelioid,,"hemangioendothelioma, NOS",,false,false,,false
2860,137,E,9125/0,morphology,Epithelioid,,hemangioma,,false,false,,false
2861,137,E,8970/3,morphology,Epithelioid,,hepatoblastoma (C22.0),C22.0,false,false,,false
2862,137,E,8891/0,morphology,Epithelioid,,leiomyoma,,false,false,,false
2863,137,E,8891/3,morphology,Epithelioid,,leiomyosarcoma,,false,false,,false
2864,137,E,9052/3,morphology,Epithelioid,Mesothelioma,NOS,,false,false,,false
2865,137,E,9052/0,morphology,Epithelioid,Mesothelioma,benign,,false,false,,false
2866,137,E,9052/3,morphology,Epithelioid,Mesothelioma,malignant,,false,false,,false
2867,137,E,9540/3,morphology,Epithelioid,,MPNST,,false,false,,false
2868,137,E,8804/3,morphology,Epithelioid,,sarcoma,,false,false,,false
2869,137,E,9105/3,morphology,Epithelioid,,trophoblastic tumor,,false,false,,false
2870,137,E,8011/3,morphology,Epithelioma,,NOS,,false,false,,false
2871,137,E,8100/0,morphology,Epithelioma,,adenoides cysticum (C44._),,false,false,,false
2872,137,E,8090/3,morphology,Epithelioma,,basal cell (C44._),,false,false,,false
2873,137,E,8011/0,morphology,Epithelioma,,benign,,false,false,,false
2874,137,E,8110/0,morphology,Epithelioma,,"calcifying, Malherbe (C44._)",,false,false,,false
2875,137,E,8096/0,morphology,Epithelioma,,"intraepidermal, Jadassohn (C44._)",,false,false,,false
2876,137,E,8011/3,morphology,Epithelioma,,malignant,,false,false,,false
2877,137,E,8410/0,morphology,Epithelioma,,sebaceous (C44._),,false,false,,false
2878,137,E,8070/3,morphology,Epithelioma,,squamous cell,,false,false,,false
2879,137,E,C77.3,topography,Epitrochlear lymph node,,Epitrochlear lymph node,,false,false,,true
2880,137,E,,,Epitrochlear lymph node,,Eruption cyst (see SNOMED),,false,true,,false
2881,137,E,9840/3,morphology,"Erythremia, acute",,"Erythremia, acute (C42.1) [obs]",C42.1,true,false,,true
2882,137,E,9950/3,morphology,"Erythremia, chronic",,"Erythremia, chronic (C42.1) [obs]",C42.1,true,false,,true
2883,137,E,9840/3,morphology,"Erythremic myelosis, acute",,"Erythremic myelosis, acute (C42.1) [obs]",C42.1,true,false,,true
2884,137,E,9840/3,morphology,"Erythremic myelosis, NOS",,"Erythremic myelosis, NOS (C42.1)",C42.1,false,false,,true
2885,137,E,9840/3,morphology,Erythroleukemia,,Erythroleukemia (C42.1),C42.1,false,false,,true
2886,137,E,8080/2,morphology,"Erythroplasia, Queyrat (C60._)",,"Erythroplasia, Queyrat (C60._)",,false,false,,true
2887,137,E,8148/2,morphology,Esophageal,,"glandular dysplasia (intraepithelial neoplasia), high grade (C15._)",,false,false,,false
2888,137,E,8148/0,morphology,Esophageal,,"glandular dysplasia (intraepithelial neoplasia), low grade (C15._)",,false,false,,false
2889,137,E,8148/2,morphology,Esophageal,,"glandular intraepithelial neoplasia, high grade (C15._)",,false,false,,false
2890,137,E,8148/0,morphology,Esophageal,,"glandular intraepithelial neoplasia, low grade (C15._)",,false,false,,false
2891,137,E,8077/2,morphology,Esophageal,,"squamous intraepithelial neoplasia (dysplasia), high grade (C15._)",,false,false,,false
2892,137,E,8077/0,morphology,Esophageal,,"squamous intraepithelial neoplasia (dysplasia), low grade (C15._)",,false,false,,false
2893,138,E,C77.1,topography,Esophageal lymph node,,Esophageal lymph node,,false,false,,true
2894,138,E,C16.0,topography,Esophagogastric junction,,Esophagogastric junction,,false,false,,true
2895,138,E,C15.9,topography,Esophagus,,NOS,,false,false,,false
2896,138,E,C15.2,topography,Esophagus,,abdominal,,false,false,,false
2897,138,E,C15.0,topography,Esophagus,,cervical,,false,false,,false
2898,138,E,C15.5,topography,Esophagus,,distal third,,false,false,,false
2899,138,E,C15.5,topography,Esophagus,,lower third,,false,false,,false
2900,138,E,C15.4,topography,Esophagus,,middle third,,false,false,,false
2901,138,E,C15.3,topography,Esophagus,,proximal third,,false,false,,false
2902,138,E,C15.1,topography,Esophagus,,thoracic,,false,false,,false
2903,138,E,C15.3,topography,Esophagus,,upper third,,false,false,,false
2904,138,E,,,Esophagus,,"Esophagus, Barrett (see SNOMED)",,false,true,,false
2905,138,E,9962/3,morphology,Essential thrombocythemia,,Essential thrombocythemia (C42.1),C42.1,false,false,,true
2906,138,E,9962/3,morphology,"Essential thrombocythemia, hemorrhagic",,"Essential thrombocythemia, hemorrhagic (C42.1)",C42.1,false,false,,true
2907,138,E,9522/3,morphology,Esthesioneuroblastoma (C30._),,Esthesioneuroblastoma (C30._),,false,false,,true
2908,138,E,9521/3,morphology,Esthesioneurocytoma (C30._),,Esthesioneurocytoma (C30._),,false,false,,true
2909,138,E,9523/3,morphology,Esthesioneuroepithelioma (C30._),,Esthesioneuroepithelioma (C30._),,false,false,,true
2910,138,E,C41.0,topography,Ethmoid bone,,Ethmoid bone,,false,false,,true
2911,138,E,C31.1,topography,Ethmoid sinus,,Ethmoid sinus,,false,false,,true
2912,138,E,C30.1,topography,Eustachian tube,,Eustachian tube,,false,false,,true
2913,138,E,9260/3,morphology,"Ewing sarcoma (C40._, C41._)",,"Ewing sarcoma (C40._, C41._)",,false,false,,true
2914,138,E,9260/3,morphology,"Ewing tumor (C40._, C41._)",,"Ewing tumor (C40._, C41._)",,false,false,,true
2915,138,E,9984/3,morphology,"Excess blasts in transformation, refractory",,"Excess blasts in transformation, refractory anemia with (RAEB-T) [obs]",,true,false,,true
2916,138,E,9983/3,morphology,"Excess blasts, refractory anemia with",,"Excess blasts, refractory anemia with",,false,false,,true
2917,138,E,C53.1,topography,Exocervix,,Exocervix,,false,false,,true
2918,138,E,8154/3,morphology,Exocrine,,"and endocrine adenocarcinoma, mixed (C25._)",,false,false,,false
2919,138,E,8154/3,morphology,Exocrine,,"and endocrine tumor, malignant mixed (C25._)",,false,false,,false
2920,138,E,8154/3,morphology,Exocrine,,"and islet cell adenocarcinoma, mixed (C25._)",,false,false,,false
2921,138,E,8121/0,morphology,"Exophytic sinonasal papilloma (C30.0,",,"Exophytic sinonasal papilloma (C30.0, C31._)",,false,false,,true
2922,138,E,,,Exostosis,,NOS (see SNOMED),,false,true,,false
2923,138,E,9210/0,morphology,Exostosis,,"cartilaginous (C40._, C41._)",,false,false,,false
2924,138,E,9210/0,morphology,Exostosis,,"osteocartilaginous (C40._, C41._)",,false,false,,false
2925,138,E,9471/3,morphology,"Extensive nodularity, medulloblastoma with",,"Extensive nodularity, medulloblastoma with",,false,false,,true
2926,138,E,C44.2,topography,External,,auditory canal,,false,false,,false
2927,138,E,C44.2,topography,External,,auditory meatus,,false,false,,false
2928,138,E,C44.2,topography,External,,auricular canal,,false,false,,false
2929,138,E,C44.3,topography,External,,cheek,,false,false,,false
2930,138,E,C44.2,topography,External,,ear,,false,false,,false
2931,138,E,C51.9,topography,External,,female genitalia,,false,false,,false
2932,138,E,C00.1,topography,External,,"lip, lower",,false,false,,false
2933,138,E,C00.2,topography,External,,"lip, NOS",,false,false,,false
2934,138,E,C00.0,topography,External,,"lip, upper",,false,false,,false
2935,138,E,C44.3,topography,External,,nose,,false,false,,false
2936,138,E,C53.1,topography,External,,os,,false,false,,false
2937,138,E,,,External,,External endometriosis (see SNOMED),,false,true,,false
2938,138,E,8821/1,morphology,Extra-abdominal desmoid,,Extra-abdominal desmoid,,false,false,,true
2939,138,E,8693/3,morphology,"Extra-adrenal paraganglioma, malignant",,"Extra-adrenal paraganglioma, malignant",,false,false,,true
2940,138,E,8693/1,morphology,"Extra-adrenal paraganglioma, NOS",,"Extra-adrenal paraganglioma, NOS",,false,false,,true
2941,138,E,9740/1,morphology,Extracutaneous mastocytoma,,Extracutaneous mastocytoma,,false,false,,true
2942,138,E,C72.9,topography,Extradural,,Extradural,,false,false,,true
2943,138,E,C24.0,topography,Extrahepatic bile duct,,Extrahepatic bile duct,,false,false,,true
2944,138,E,8542/3,morphology,Extramammary Paget disease (except Paget,,Extramammary Paget disease (except Paget disease of bone),,false,false,,true
2945,138,E,9734/3,morphology,Extramedullary plasmacytoma (not,,Extramedullary plasmacytoma (not occurring in bone),,false,false,,true
2946,138,E,C69.6,topography,Extraocular muscle,,Extraocular muscle,,false,false,,true
2947,138,E,9734/3,morphology,Extraosseous plasmacytoma,,Extraosseous plasmacytoma,,false,false,,true
2948,138,E,9506/1,morphology,Extraventricular neurocytoma,,Extraventricular neurocytoma,,false,false,,true
2949,138,E,C32.1,topography,Extrinsic larynx,,Extrinsic larynx,,false,false,,true
2950,138,E,C69.9,topography,Eye,,NOS,,false,false,,false
2951,138,E,C44.1,topography,Eye,,"canthus, inner",,false,false,,false
2952,138,E,C44.1,topography,Eye,,"canthus, NOS",,false,false,,false
2953,138,E,C44.1,topography,Eye,,"canthus, outer",,false,false,,false
2954,138,E,C69.3,topography,Eye,,choroid,,false,false,,false
2955,138,E,C69.4,topography,Eye,,ciliary body,,false,false,,false
2956,138,E,C69.0,topography,Eye,,conjunctiva,,false,false,,false
2957,138,E,C69.6,topography,Eye,,"connective tissue, orbit",,false,false,,false
2958,138,E,C69.1,topography,Eye,,"cornea, limbus",,false,false,,false
2959,138,E,C69.1,topography,Eye,,"cornea, NOS",,false,false,,false
2960,138,E,C69.4,topography,Eye,,crystalline lens,,false,false,,false
2961,138,E,C69.6,topography,Eye,,extraocular muscle,,false,false,,false
2962,138,E,C69.4,topography,Eye,,eyeball,,false,false,,false
2963,138,E,C44.3,topography,Eye,,eyebrow,,false,false,,false
2964,138,E,C44.1,topography,Eye,,"eyelid, lower",,false,false,,false
2965,138,E,C44.1,topography,Eye,,"eyelid, NOS",,false,false,,false
2966,138,E,C44.1,topography,Eye,,"eyelid, upper",,false,false,,false
2967,138,E,C44.1,topography,Eye,,inner canthus,,false,false,,false
2968,138,E,C69.4,topography,Eye,,intraocular,,false,false,,false
2969,138,E,C69.4,topography,Eye,,iris,,false,false,,false
2970,138,E,C69.5,topography,Eye,,"lacrimal duct, nasal",,false,false,,false
2971,138,E,C69.5,topography,Eye,,"lacrimal duct, NOS",,false,false,,false
2972,138,E,C69.5,topography,Eye,,lacrimal gland,,false,false,,false
2973,138,E,C69.5,topography,Eye,,lacrimal sac,,false,false,,false
2974,138,E,C69.4,topography,Eye,,"lens, crystalline",,false,false,,false
2975,138,E,C44.1,topography,Eye,,Meibomian gland,,false,false,,false
2976,138,E,C69.6,topography,Eye,,"muscle, extra-ocular",,false,false,,false
2977,138,E,C69.5,topography,Eye,,nasal lacrimal duct,,false,false,,false
2978,138,E,C69.5,topography,Eye,,nasolacrimal duct,,false,false,,false
2979,138,E,C72.3,topography,Eye,,optic nerve,,false,false,,false
2980,138,E,C69.6,topography,Eye,,"orbit, connective tissue",,false,false,,false
2981,138,E,C69.6,topography,Eye,,"orbit, NOS",,false,false,,false
2982,138,E,C69.6,topography,Eye,,"orbit, soft tissue",,false,false,,false
2983,138,E,C44.1,topography,Eye,,outer canthus,,false,false,,false
2984,138,E,C44.1,topography,Eye,,palpebra,,false,false,,false
2985,139,E,C69.2,topography,Eye,,retina,,false,false,,false
2986,139,E,C69.6,topography,Eye,,retrobulbar tissue,,false,false,,false
2987,139,E,C69.4,topography,Eye,,sclera,,false,false,,false
2988,139,E,C69.4,topography,Eye,,uveal tract,,false,false,,false
2989,139,E,C69.4,topography,Eyeball,,Eyeball,,false,false,,true
2990,139,E,C44.1,topography,Eyelid,,NOS,,false,false,,false
2991,139,E,C44.1,topography,Eyelid,,lower,,false,false,,false
2992,139,E,C44.1,topography,Eyelid,,upper,,false,false,,false
2993,139,F,,,Eyelid,,"FAB (see Leukemia, FAB)",,false,false,,false
2994,139,F,C76.0,topography,Face,,NOS,,false,false,,false
2995,139,F,C44.3,topography,Face,,"NOS (carcinoma, melanoma, nevus)",,false,false,,false
2996,139,F,C49.0,topography,Face,,"NOS (sarcoma, lipoma)",,false,false,,false
2997,139,F,C49.0,topography,Face,,adipose tissue,,false,false,,false
2998,139,F,C41.0,topography,Face,,bone (excludes mandible C41.1),,false,false,,false
2999,139,F,C49.0,topography,Face,,connective tissue,,false,false,,false
3000,139,F,C49.0,topography,Face,,fatty tissue,,false,false,,false
3001,139,F,C49.0,topography,Face,,fibrous tissue,,false,false,,false
3002,139,F,C77.0,topography,Face,,lymph node,,false,false,,false
3003,139,F,C49.0,topography,Face,,muscle,,false,false,,false
3004,139,F,C49.0,topography,Face,,skeletal muscle,,false,false,,false
3005,139,F,C44.3,topography,Face,,skin,,false,false,,false
3006,139,F,C49.0,topography,Face,,soft tissue,,false,false,,false
3007,139,F,C49.0,topography,Face,,subcutaneous tissue,,false,false,,false
3008,139,F,C41.0,topography,Facial,,bone,,false,false,,false
3009,139,F,C77.0,topography,Facial,,lymph node,,false,false,,false
3010,139,F,C72.5,topography,Facial,,nerve,,false,false,,false
3011,139,F,C57.0,topography,Fallopian tube,,Fallopian tube,,false,false,,true
3012,139,F,C32.1,topography,False cord,,False cord,,false,false,,true
3013,139,F,C32.1,topography,False vocal cord,,False vocal cord,,false,false,,true
3014,139,F,C70.0,topography,Falx,,NOS,,false,false,,false
3015,139,F,C70.0,topography,Falx,,cerebelli,,false,false,,false
3016,139,F,C70.0,topography,Falx,,cerebri,,false,false,,false
3017,139,F,8220/0,morphology,Familial polyposis coli (C18._),,Familial polyposis coli (C18._),,false,false,,true
3018,139,F,C49.9,topography,Fascia,,NOS,,false,false,,false
3019,139,F,C49.1,topography,Fascia,,palmar,,false,false,,false
3020,139,F,C49.2,topography,Fascia,,plantar,,false,false,,false
3021,139,F,8813/0,morphology,Fascial fibroma,,Fascial fibroma,,false,false,,true
3022,139,F,8813/3,morphology,Fascial fibrosarcoma,,Fascial fibrosarcoma,,false,false,,true
3023,139,F,,,Fasciitis,,infiltrative (see SNOMED),,false,true,,false
3024,139,F,,,Fasciitis,,nodular (see SNOMED),,false,true,,false
3025,139,F,,,Fasciitis,,pseudosarcomatous (see SNOMED),,false,true,,false
3026,139,F,8880/0,morphology,Fat,,"cell lipoma, fetal",,false,false,,false
3027,139,F,,,Fat,,necrosis (see SNOMED),,false,true,,false
3028,139,F,8880/0,morphology,Fat,,"tumor, brown",,false,false,,false
3029,139,F,C49.9,topography,Fatty tissue,,NOS,,false,false,,false
3030,139,F,C49.4,topography,Fatty tissue,,abdominal wall,,false,false,,false
3031,139,F,C49.1,topography,Fatty tissue,,antecubital space,,false,false,,false
3032,139,F,C49.1,topography,Fatty tissue,,arm,,false,false,,false
3033,139,F,C49.3,topography,Fatty tissue,,axilla,,false,false,,false
3034,139,F,C49.6,topography,Fatty tissue,,back,,false,false,,false
3035,139,F,C49.5,topography,Fatty tissue,,buttock,,false,false,,false
3036,139,F,C49.2,topography,Fatty tissue,,calf,,false,false,,false
3037,139,F,C49.0,topography,Fatty tissue,,cervical region,,false,false,,false
3038,139,F,C49.0,topography,Fatty tissue,,cheek,,false,false,,false
3039,139,F,C49.3,topography,Fatty tissue,,chest wall,,false,false,,false
3040,139,F,C49.0,topography,Fatty tissue,,face,,false,false,,false
3041,139,F,C49.6,topography,Fatty tissue,,flank,,false,false,,false
3042,139,F,C49.2,topography,Fatty tissue,,foot,,false,false,,false
3043,139,F,C49.1,topography,Fatty tissue,,forearm,,false,false,,false
3044,139,F,C49.5,topography,Fatty tissue,,gluteal region,,false,false,,false
3045,139,F,C49.5,topography,Fatty tissue,,groin,,false,false,,false
3046,139,F,C49.1,topography,Fatty tissue,,hand,,false,false,,false
3047,139,F,C49.0,topography,Fatty tissue,,head,,false,false,,false
3048,139,F,C49.2,topography,Fatty tissue,,hip,,false,false,,false
3049,139,F,C49.3,topography,Fatty tissue,,infraclavicular region,,false,false,,false
3050,139,F,C49.5,topography,Fatty tissue,,inguinal region,,false,false,,false
3051,139,F,C49.2,topography,Fatty tissue,,knee,,false,false,,false
3052,139,F,C49.2,topography,Fatty tissue,,leg,,false,false,,false
3053,139,F,C49.0,topography,Fatty tissue,,neck,,false,false,,false
3054,139,F,C49.2,topography,Fatty tissue,,popliteal space,,false,false,,false
3055,139,F,C49.5,topography,Fatty tissue,,sacrococcygeal region,,false,false,,false
3056,139,F,C49.0,topography,Fatty tissue,,scalp,,false,false,,false
3057,139,F,C49.1,topography,Fatty tissue,,shoulder,,false,false,,false
3058,139,F,C49.0,topography,Fatty tissue,,supraclavicular region,,false,false,,false
3059,139,F,C49.0,topography,Fatty tissue,,temple,,false,false,,false
3060,139,F,C49.2,topography,Fatty tissue,,thigh,,false,false,,false
3061,139,F,C49.6,topography,Fatty tissue,,"trunk, NOS",,false,false,,false
3062,139,F,C10.9,topography,"Fauces, NOS",,"Fauces, NOS",,false,false,,true
3063,139,F,C09.1,topography,Faucial pillar,,Faucial pillar,,false,false,,true
3064,139,F,C09.9,topography,Faucial tonsil,,Faucial tonsil,,false,false,,true
3065,139,F,C51.9,topography,Female,,"genitalia, external",,false,false,,false
3066,139,F,C57.9,topography,Female,,"genital organs, NOS",,false,false,,false
3067,139,F,C57.9,topography,Female,,"genital tract, NOS",,false,false,,false
3068,139,F,C57.9,topography,Female,,"genitourinary tract, NOS",,false,false,,false
3069,140,F,C49.2,topography,Femoral,,artery,,false,false,,false
3070,140,F,C77.4,topography,Femoral,,lymph node,,false,false,,false
3071,140,F,C47.2,topography,Femoral,,nerve,,false,false,,false
3072,140,F,C40.2,topography,Femur,,Femur,,false,false,,true
3073,140,F,8333/3,morphology,Fetal,,adenocarcinoma (C73.9),C73.9,false,false,,false
3074,140,F,8333/0,morphology,Fetal,,adenoma (C73.9),C73.9,false,false,,false
3075,140,F,8880/0,morphology,Fetal,,fat cell lipoma,,false,false,,false
3076,140,F,8881/0,morphology,Fetal,,"lipoma, NOS",,false,false,,false
3077,140,F,8881/0,morphology,Fetal,,lipomatosis,,false,false,,false
3078,140,F,8903/0,morphology,Fetal,,rhabdomyoma,,false,false,,false
3079,140,F,C58.9,topography,Fetal membranes,,Fetal membranes,,false,false,,true
3080,140,F,9867/3,morphology,"FGFR1 abnormalities, myeloid and",,"FGFR1 abnormalities, myeloid and lymphoid neoplasms with",,false,false,,true
3081,140,F,9420/3,morphology,Fibrillary astrocytoma (C71._),,Fibrillary astrocytoma (C71._),,false,false,,true
3082,140,F,9010/0,morphology,Fibroadenoma,,NOS (C50._),,false,false,,false
3083,140,F,9016/0,morphology,Fibroadenoma,,giant (C50._),,false,false,,false
3084,140,F,9011/0,morphology,Fibroadenoma,,intracanalicular (C50._),,false,false,,false
3085,140,F,9030/0,morphology,Fibroadenoma,,juvenile (C50._),,false,false,,false
3086,140,F,9012/0,morphology,Fibroadenoma,,pericanalicular (C50._),,false,false,,false
3087,140,F,9290/0,morphology,Fibroameloblastic odontoma (C41._),,Fibroameloblastic odontoma (C41._),,false,false,,true
3088,140,F,8857/3,morphology,Fibroblastic,,liposarcoma,,false,false,,false
3089,140,F,9532/0,morphology,Fibroblastic,,meningioma (C70._),,false,false,,false
3090,140,F,9182/3,morphology,Fibroblastic,,"osteosarcoma (C40._, C41._)",,false,false,,false
3091,140,F,9759/3,morphology,Fibroblastic,,reticular cell tumor,,false,false,,false
3092,140,F,8834/1,morphology,"Fibroblastoma, giant cell",,"Fibroblastoma, giant cell",,false,false,,true
3093,140,F,9220/3,morphology,"Fibrochondrosarcoma (C40._, C41._)",,"Fibrochondrosarcoma (C40._, C41._)",,false,false,,true
3094,140,F,,,"Fibrochondrosarcoma (C40._, C41._)",,"Fibrocystic disease, NOS (see SNOMED)",,false,true,,false
3095,140,F,9271/0,morphology,"Fibrodentinoma, ameloblastic (C41._)",,"Fibrodentinoma, ameloblastic (C41._)",,false,false,,true
3096,140,F,9290/3,morphology,"Fibrodentinosarcoma, ameloblastic (C41._)",,"Fibrodentinosarcoma, ameloblastic (C41._)",,false,false,,true
3097,140,F,8093/3,morphology,Fibroepithelial,,basal cell carcinoma (C44._),,false,false,,false
3098,140,F,8093/3,morphology,Fibroepithelial,,"basal cell carcinoma, Pinkus type",,false,false,,false
3099,140,F,,,Fibroepithelial,,papilloma (see SNOMED),,false,true,,false
3100,140,F,,,Fibroepithelial,,polyp (see SNOMED),,false,true,,false
3101,140,F,8093/3,morphology,"Fibroepithelioma, NOS",,"Fibroepithelioma, NOS",,false,false,,true
3102,140,F,8093/3,morphology,Fibroepithelioma of Pinkus type,,Fibroepithelioma of Pinkus type,,false,false,,true
3103,140,F,8391/0,morphology,Fibrofolliculoma (C44._),,Fibrofolliculoma (C44._),,false,false,,true
3104,140,F,8835/1,morphology,"Fibrohistiocytic tumor, plexiform",,"Fibrohistiocytic tumor, plexiform",,false,false,,true
3105,140,F,8890/0,morphology,Fibroid uterus,,Fibroid uterus (C55.9),C55.9,false,false,,true
3106,140,F,8171/3,morphology,Fibrolamellar hepatocellular carcinoma,,Fibrolamellar hepatocellular carcinoma (C22.0),C22.0,false,false,,true
3107,140,F,8851/0,morphology,Fibrolipoma,,Fibrolipoma,,false,false,,true
3108,140,F,8850/3,morphology,Fibroliposarcoma,,Fibroliposarcoma,,false,false,,true
3109,140,F,8810/0,morphology,Fibroma,,NOS,,false,false,,false
3110,140,F,9330/0,morphology,Fibroma,,ameloblastic (C41._),,false,false,,false
3111,140,F,8810/1,morphology,Fibroma,,cellular (C56.9),C56.9,false,false,,false
3112,140,F,9274/0,morphology,Fibroma,,cementifying (C41._),,false,false,,false
3113,140,F,9274/0,morphology,Fibroma,,cemento-ossifying (C41._),,false,false,,false
3114,140,F,9321/0,morphology,Fibroma,,central odontogenic (C41._),,false,false,,false
3115,140,F,9241/0,morphology,Fibroma,,"chondromyxoid (C40._, C41._)",,false,false,,false
3116,140,F,8823/0,morphology,Fibroma,,desmoplastic,,false,false,,false
3117,140,F,8813/0,morphology,Fibroma,,fascial,,false,false,,false
3118,140,F,8391/0,morphology,Fibroma,,follicular (C44._),,false,false,,false
3119,140,F,8821/1,morphology,Fibroma,,invasive,,false,false,,false
3120,140,F,,,Fibroma,,juvenile aponeurotic (see SNOMED),,false,true,,false
3121,140,F,8811/0,morphology,Fibroma,,myxoid,,false,false,,false
3122,140,F,,,Fibroma,,nonossifying (see SNOMED),,false,true,,false
3123,140,F,9321/0,morphology,Fibroma,,"odontogenic, central (C41._)",,false,false,,false
3124,140,F,9321/0,morphology,Fibroma,,"odontogenic, NOS (C41._)",,false,false,,false
3125,140,F,9322/0,morphology,Fibroma,,"odontogenic, peripheral (C41._)",,false,false,,false
3126,140,F,9262/0,morphology,Fibroma,,ossifying (C41._),,false,false,,false
3127,140,F,8391/0,morphology,Fibroma,,perifollicular (C44._),,false,false,,false
3128,140,F,8812/0,morphology,Fibroma,,"periosteal (C40._, C41._)",,false,false,,false
3129,140,F,9322/0,morphology,Fibroma,,peripheral odontogenic (C41._),,false,false,,false
3130,140,F,8966/0,morphology,Fibroma,,renomedullary (C64.9),C64.9,false,false,,false
3131,140,F,,,Fibromatosis,,NOS (see SNOMED),,false,true,,false
3132,140,F,8822/1,morphology,Fibromatosis,,abdominal,,false,false,,false
3133,140,F,8821/1,morphology,Fibromatosis,,aggressive,,false,false,,false
3134,140,F,,,Fibromatosis,,cicatricial (see SNOMED),,false,true,,false
3135,140,F,8824/1,morphology,Fibromatosis,,congenital generalized,,false,false,,false
3136,140,F,8822/1,morphology,Fibromatosis,,mesenteric (C48.1),C48.1,false,false,,false
3137,140,F,,,Fibromatosis,,musculo-aponeurotic (see SNOMED),,false,true,,false
3138,140,F,,,Fibromatosis,,pseudosarcomatous,,false,false,,false
3139,140,F,8822/1,morphology,Fibromatosis,,retroperitoneal (C48.0),C48.0,false,false,,false
3140,140,F,8890/0,morphology,Fibromyoma,,Fibromyoma,,false,false,,true
3141,140,F,8842/0,morphology,"Fibromyxoid tumor, ossifying",,"Fibromyxoid tumor, ossifying",,false,false,,true
3142,140,F,8852/0,morphology,Fibromyxolipoma,,Fibromyxolipoma,,false,false,,true
3143,140,F,8811/0,morphology,Fibromyxoma,,Fibromyxoma,,false,false,,true
3144,140,F,8811/0,morphology,"Fibromyxoma, plexiform",,"Fibromyxoma, plexiform",,false,false,,true
3145,140,F,8811/3,morphology,Fibromyxosarcoma,,Fibromyxosarcoma,,false,false,,true
3146,140,F,9290/0,morphology,"Fibro-odontoma, ameloblastic (C41._)",,"Fibro-odontoma, ameloblastic (C41._)",,false,false,,true
3147,140,F,9290/3,morphology,"Fibro-odontosarcoma, ameloblastic",,"Fibro-odontosarcoma, ameloblastic",,false,false,,true
3148,140,F,9262/0,morphology,"Fibro-osteoma (C40._, C41._)",,"Fibro-osteoma (C40._, C41._)",,false,false,,true
3149,140,F,8810/3,morphology,Fibrosarcoma,,NOS,,false,false,,false
3150,140,F,9330/3,morphology,Fibrosarcoma,,ameloblastic (C41._),,false,false,,false
3151,140,F,8814/3,morphology,Fibrosarcoma,,congenital,,false,false,,false
3152,140,F,8813/3,morphology,Fibrosarcoma,,fascial,,false,false,,false
3153,140,F,8814/3,morphology,Fibrosarcoma,,infantile,,false,false,,false
3154,140,F,9330/3,morphology,Fibrosarcoma,,odontogenic (C41._),,false,false,,false
3155,140,F,8812/3,morphology,Fibrosarcoma,,"periosteal (C40._, C41._)",,false,false,,false
3156,140,F,,,Fibrosarcoma,,Fibrosclerosis (see SNOMED),,false,true,,false
3157,140,F,,,Fibrosarcoma,,Fibrosing adenomatosis (see SNOMED),,false,true,,false
3158,140,F,,,Fibrosarcoma,,Fibrosing adenosis (see SNOMED),,false,true,,false
3159,141,F,,,Fibrosis,,NOS (see SNOMED),,false,true,,false
3160,141,F,8141/3,morphology,Fibrosis,,carcinoma with productive,,false,false,,false
3161,141,F,8832/0,morphology,Fibrosis,,subepidermal nodular (C44._),,false,false,,false
3162,141,F,9420/3,morphology,Fibrous,,astrocytoma (C71._),,false,false,,false
3163,141,F,,,Fibrous,,"defect, metaphyseal (see SNOMED)",,false,true,,false
3164,141,F,,,Fibrous,,"dysplasia, NOS (see SNOMED)",,false,true,,false
3165,141,F,8830/0,morphology,Fibrous,Histiocytoma,NOS,,false,false,,false
3166,141,F,8836/1,morphology,Fibrous,Histiocytoma,angiomatoid,,false,false,,false
3167,141,F,8830/1,morphology,Fibrous,Histiocytoma,atypical,,false,false,,false
3168,141,F,8830/0,morphology,Fibrous,Histiocytoma,benign,,false,false,,false
3169,141,F,8830/3,morphology,Fibrous,Histiocytoma,malignant,,false,false,,false
3170,141,F,9252/0,morphology,Fibrous,Histiocytoma,tendon sheath (C49.0),C49.0,false,false,,false
3171,141,F,9532/0,morphology,Fibrous,,meningioma (C70._),,false,false,,false
3172,141,F,9051/3,morphology,Fibrous,Mesothelioma,NOS,,false,false,,false
3173,141,F,9051/0,morphology,Fibrous,Mesothelioma,benign,,false,false,,false
3174,141,F,9051/3,morphology,Fibrous,Mesothelioma,malignant,,false,false,,false
3175,141,F,9160/0,morphology,Fibrous,,papule of nose (C44.3) [obs],C44.3,true,false,,false
3176,141,F,,,Fibrous,,polyp (see SNOMED),,false,true,,false
3177,141,F,9041/3,morphology,Fibrous,,"synovial sarcoma, monophasic tissue",,false,false,,false
3178,141,F,8815/0,morphology,Fibrous,Tumor,localized,,false,false,,false
3179,141,F,8815/0,morphology,Fibrous,Tumor,solitary,,false,false,,false
3180,141,F,8815/3,morphology,Fibrous,Tumor,"solitary, malignant",,false,false,,false
3181,141,F,C49.9,topography,Fibrous tissue,,NOS,,false,false,,false
3182,141,F,C49.4,topography,Fibrous tissue,,abdominal wall,,false,false,,false
3183,141,F,C49.2,topography,Fibrous tissue,,ankle,,false,false,,false
3184,141,F,C49.1,topography,Fibrous tissue,,antecubital space,,false,false,,false
3185,141,F,C49.1,topography,Fibrous tissue,,arm,,false,false,,false
3186,141,F,C49.3,topography,Fibrous tissue,,axilla,,false,false,,false
3187,141,F,C49.6,topography,Fibrous tissue,,back,,false,false,,false
3188,141,F,C49.5,topography,Fibrous tissue,,buttock,,false,false,,false
3189,141,F,C49.2,topography,Fibrous tissue,,calf,,false,false,,false
3190,141,F,C49.0,topography,Fibrous tissue,,cervical region,,false,false,,false
3191,141,F,C49.0,topography,Fibrous tissue,,cheek,,false,false,,false
3192,141,F,C49.3,topography,Fibrous tissue,,chest,,false,false,,false
3193,141,F,C49.3,topography,Fibrous tissue,,chest wall,,false,false,,false
3194,141,F,C49.0,topography,Fibrous tissue,,chin,,false,false,,false
3195,141,F,C49.1,topography,Fibrous tissue,,elbow,,false,false,,false
3196,141,F,C49.0,topography,Fibrous tissue,,face,,false,false,,false
3197,141,F,C49.1,topography,Fibrous tissue,,finger,,false,false,,false
3198,141,F,C49.6,topography,Fibrous tissue,,flank,,false,false,,false
3199,141,F,C49.2,topography,Fibrous tissue,,foot,,false,false,,false
3200,141,F,C49.1,topography,Fibrous tissue,,forearm,,false,false,,false
3201,141,F,C49.0,topography,Fibrous tissue,,forehead,,false,false,,false
3202,141,F,C49.5,topography,Fibrous tissue,,gluteal region,,false,false,,false
3203,141,F,C49.5,topography,Fibrous tissue,,groin,,false,false,,false
3204,141,F,C49.1,topography,Fibrous tissue,,hand,,false,false,,false
3205,141,F,C49.0,topography,Fibrous tissue,,head,,false,false,,false
3206,141,F,C49.2,topography,Fibrous tissue,,heel,,false,false,,false
3207,141,F,C49.2,topography,Fibrous tissue,,hip,,false,false,,false
3208,141,F,C49.3,topography,Fibrous tissue,,infraclavicular region,,false,false,,false
3209,141,F,C49.5,topography,Fibrous tissue,,inguinal region,,false,false,,false
3210,141,F,C49.2,topography,Fibrous tissue,,knee,,false,false,,false
3211,141,F,C49.2,topography,Fibrous tissue,,leg,,false,false,,false
3212,141,F,C49.0,topography,Fibrous tissue,,neck,,false,false,,false
3213,141,F,C49.5,topography,Fibrous tissue,,perineum,,false,false,,false
3214,141,F,C49.2,topography,Fibrous tissue,,popliteal space,,false,false,,false
3215,141,F,C49.0,topography,Fibrous tissue,,pterygoid fossa,,false,false,,false
3216,141,F,C49.5,topography,Fibrous tissue,,sacrococcygeal region,,false,false,,false
3217,141,F,C49.0,topography,Fibrous tissue,,scalp,,false,false,,false
3218,141,F,C49.3,topography,Fibrous tissue,,scapular region,,false,false,,false
3219,141,F,C49.1,topography,Fibrous tissue,,shoulder,,false,false,,false
3220,141,F,C49.0,topography,Fibrous tissue,,supraclavicular region,,false,false,,false
3221,141,F,C49.0,topography,Fibrous tissue,,temple,,false,false,,false
3222,141,F,C49.2,topography,Fibrous tissue,,thigh,,false,false,,false
3223,141,F,C49.3,topography,Fibrous tissue,,thoracic wall,,false,false,,false
3224,141,F,C49.1,topography,Fibrous tissue,,thumb,,false,false,,false
3225,141,F,C49.2,topography,Fibrous tissue,,toe,,false,false,,false
3226,141,F,C49.6,topography,Fibrous tissue,,"trunk, NOS",,false,false,,false
3227,141,F,C49.4,topography,Fibrous tissue,,umbilicus,,false,false,,false
3228,141,F,C49.1,topography,Fibrous tissue,,wrist,,false,false,,false
3229,141,F,8830/0,morphology,Fibroxanthoma,,NOS,,false,false,,false
3230,141,F,8830/1,morphology,Fibroxanthoma,,atypical,,false,false,,false
3231,141,F,8830/3,morphology,Fibroxanthoma,,malignant,,false,false,,false
3232,141,F,C40.2,topography,Fibula,,Fibula,,false,false,,true
3233,141,F,C72.0,topography,Filum terminale,,Filum terminale,,false,false,,true
3234,141,F,C76.4,topography,Finger,,NOS,,false,false,,false
3235,141,F,C44.6,topography,Finger,,"NOS (carcinoma, melanoma, nevus)",,false,false,,false
3236,141,F,C49.1,topography,Finger,,"NOS (sarcoma, lipoma)",,false,false,,false
3237,141,F,C47.1,topography,Finger,,autonomic nervous system,,false,false,,false
3238,141,F,C40.1,topography,Finger,,bone,,false,false,,false
3239,141,F,C49.1,topography,Finger,,connective tissue,,false,false,,false
3240,141,F,C49.1,topography,Finger,,fibrous tissue,,false,false,,false
3241,141,F,C49.1,topography,Finger,,muscle,,false,false,,false
3242,141,F,C44.6,topography,Finger,,nail,,false,false,,false
3243,141,F,C47.1,topography,Finger,,peripheral nerve,,false,false,,false
3244,141,F,C49.1,topography,Finger,,skeletal muscle,,false,false,,false
3245,141,F,C44.6,topography,Finger,,skin,,false,false,,false
3246,141,F,C49.1,topography,Finger,,soft tissue,,false,false,,false
3247,141,F,C49.1,topography,Finger,,subcutaneous tissue,,false,false,,false
3248,141,F,C49.1,topography,Finger,,tendon,,false,false,,false
3249,141,F,C49.1,topography,Finger,,tendon sheath,,false,false,,false
3250,141,F,C76.7,topography,Flank,,NOS,,false,false,,false
3251,141,F,C44.5,topography,Flank,,"NOS (carcinoma, melanoma, nevus)",,false,false,,false
3252,141,F,C49.6,topography,Flank,,"NOS (sarcoma, lipoma)",,false,false,,false
3253,141,F,C49.6,topography,Flank,,adipose tissue,,false,false,,false
3254,141,F,C47.6,topography,Flank,,autonomic nervous system,,false,false,,false
3255,141,F,C49.6,topography,Flank,,connective tissue,,false,false,,false
3256,141,F,C49.6,topography,Flank,,fatty tissue,,false,false,,false
3257,141,F,C49.6,topography,Flank,,fibrous tissue,,false,false,,false
3258,141,F,C49.6,topography,Flank,,muscle,,false,false,,false
3259,141,F,C47.6,topography,Flank,,peripheral nerve,,false,false,,false
3260,142,F,C49.6,topography,Flank,,skeletal muscle,,false,false,,false
3261,142,F,C44.5,topography,Flank,,skin,,false,false,,false
3262,142,F,C49.6,topography,Flank,,soft tissue,,false,false,,false
3263,142,F,C49.6,topography,Flank,,subcutaneous tissue,,false,false,,false
3264,142,F,C49.6,topography,Flank,,tendon,,false,false,,false
3265,142,F,C49.6,topography,Flank,,tendon sheath,,false,false,,false
3266,142,F,8212/0,morphology,Flat,,adenoma,,false,false,,false
3267,142,F,8148/2,morphology,Flat,,"intraepithelial glandular neoplasia, high grade (C24.1)",C24.1,false,false,,false
3268,142,F,8148/2,morphology,Flat,,"intraepithelial neoplasia (dysplasia), high grade (C24.1)",C24.1,false,false,,false
3269,142,F,8148/2,morphology,Flat,,"intraepithelial neoplasia, high grade",,false,false,,false
3270,142,F,C04.9,topography,Floor of mouth,,NOS,,false,false,,false
3271,142,F,C04.0,topography,Floor of mouth,,anterior,,false,false,,false
3272,142,F,C04.1,topography,Floor of mouth,,lateral,,false,false,,false
3273,142,F,,,Floor of mouth,,Florid adenosis (see SNOMED),,false,true,,false
3274,142,F,9275/0,morphology,Florid osseous dysplasia (C41._),,Florid osseous dysplasia (C41._),,false,false,,true
3275,142,F,,,Florid osseous dysplasia (C41._),,Focal nodular hyperplasia (see SNOMED),,false,true,,false
3276,142,F,C13.1,topography,Fold,,"aryepiglottic, hypopharyngeal aspect",,false,false,,false
3277,142,F,C32.1,topography,Fold,,"aryepiglottic, laryngeal aspect",,false,false,,false
3278,142,F,C13.1,topography,Fold,,"aryepiglottic, NOS (excludes laryngeal aspect of aryepiglottic fold C32.1)",,false,false,,false
3279,142,F,C13.1,topography,Fold,,arytenoid,,false,false,,false
3280,142,F,C09.1,topography,Fold,,glossopalatine,,false,false,,false
3281,142,F,8330/3,morphology,Follicular,Adenocarcinoma,NOS (C73.9),C73.9,false,false,,false
3282,142,F,8332/3,morphology,Follicular,Adenocarcinoma,moderately differentiated (C73.9),C73.9,false,false,,false
3283,142,F,8332/3,morphology,Follicular,Adenocarcinoma,trabecular (C73.9),C73.9,false,false,,false
3284,142,F,8331/3,morphology,Follicular,Adenocarcinoma,well differentiated (C73.9),C73.9,false,false,,false
3285,142,F,8330/0,morphology,Follicular,Adenoma,NOS (C73.9),C73.9,false,false,,false
3286,142,F,8330/1,morphology,Follicular,Adenoma,atypical (C73.9),C73.9,false,false,,false
3287,142,F,8290/0,morphology,Follicular,Adenoma,oxyphilic cell (C73.9),C73.9,false,false,,false
3288,142,F,8340/3,morphology,Follicular,,and papillary adenocarcinoma (C73.9),C73.9,false,false,,false
3289,142,F,8340/3,morphology,Follicular,,and papillary carcinoma (C73.9),C73.9,false,false,,false
3290,142,F,8330/3,morphology,Follicular,Carcinoma,NOS (C73.9),C73.9,false,false,,false
3291,142,F,8335/3,morphology,Follicular,Carcinoma,encapsulated (C73.9),C73.9,false,false,,false
3292,142,F,8335/3,morphology,Follicular,Carcinoma,minimally invasive (C73.9),C73.9,false,false,,false
3293,142,F,8332/3,morphology,Follicular,Carcinoma,moderately differentiated (C73.9),C73.9,false,false,,false
3294,142,F,8290/3,morphology,Follicular,Carcinoma,oxyphilic cell (C73.9),C73.9,false,false,,false
3295,142,F,8332/3,morphology,Follicular,Carcinoma,trabecular (C73.9),C73.9,false,false,,false
3296,142,F,8331/3,morphology,Follicular,Carcinoma,well differentiated (C73.9),C73.9,false,false,,false
3297,142,F,,,Follicular,,"cyst, jaw (see SNOMED)",,false,true,,false
3298,142,F,9758/3,morphology,Follicular,,dendritic cell sarcoma,,false,false,,false
3299,142,F,9758/3,morphology,Follicular,,dendritic cell tumor,,false,false,,false
3300,142,F,8391/0,morphology,Follicular,,fibroma (C44._),,false,false,,false
3301,142,F,,,Follicular,,"keratosis, inverted (see SNOMED)",,false,true,,false
3302,142,F,,,Follicular,,"lymphoma (see lymphoma, malignant, follicular)",,false,false,,false
3303,142,F,8340/3,morphology,Follicular,,"variant, papillary adenocarcinoma (C73.9)",C73.9,false,false,,false
3304,142,F,8340/3,morphology,Follicular,,"variant, papillary carcinoma (C73.9)",C73.9,false,false,,false
3305,142,F,8346/3,morphology,"Follicular-medullary carcinoma, mixed",,"Follicular-medullary carcinoma, mixed (C73.9)",C73.9,false,false,,true
3306,142,F,8641/0,morphology,Folliculome lipidique,,Folliculome lipidique (C56.9),C56.9,false,false,,true
3307,142,F,C76.5,topography,Foot,,NOS,,false,false,,false
3308,142,F,C44.7,topography,Foot,,"NOS (carcinoma, melanoma, nevus)",,false,false,,false
3309,142,F,C49.2,topography,Foot,,"NOS (sarcoma, lipoma)",,false,false,,false
3310,142,F,C49.2,topography,Foot,,adipose tissue,,false,false,,false
3311,142,F,C47.2,topography,Foot,,autonomic nervous system,,false,false,,false
3312,142,F,C40.3,topography,Foot,,bone,,false,false,,false
3313,142,F,C49.2,topography,Foot,,connective tissue,,false,false,,false
3314,142,F,C49.2,topography,Foot,,fatty tissue,,false,false,,false
3315,142,F,C49.2,topography,Foot,,fibrous tissue,,false,false,,false
3316,142,F,C40.3,topography,Foot,,joint,,false,false,,false
3317,142,F,C49.2,topography,Foot,,muscle,,false,false,,false
3318,142,F,C47.2,topography,Foot,,peripheral nerve,,false,false,,false
3319,142,F,C40.3,topography,Foot,,phalanx,,false,false,,false
3320,142,F,C49.2,topography,Foot,,skeletal muscle,,false,false,,false
3321,142,F,C44.7,topography,Foot,,skin,,false,false,,false
3322,142,F,C49.2,topography,Foot,,soft tissue,,false,false,,false
3323,142,F,C44.7,topography,Foot,,sole,,false,false,,false
3324,142,F,C49.2,topography,Foot,,subcutaneous tissue,,false,false,,false
3325,142,F,C49.2,topography,Foot,,tendon,,false,false,,false
3326,142,F,C49.2,topography,Foot,,tendon sheath,,false,false,,false
3327,142,F,,,Foot,,Fordyce disease (see SNOMED),,false,true,,false
3328,142,F,C76.4,topography,Forearm,,NOS,,false,false,,false
3329,142,F,C44.6,topography,Forearm,,"NOS (carcinoma, melanoma, nevus)",,false,false,,false
3330,142,F,C49.1,topography,Forearm,,"NOS (sarcoma, lipoma)",,false,false,,false
3331,142,F,C49.1,topography,Forearm,,adipose tissue,,false,false,,false
3332,142,F,C47.1,topography,Forearm,,autonomic nervous system,,false,false,,false
3333,142,F,C40.0,topography,Forearm,,bone,,false,false,,false
3334,142,F,C49.1,topography,Forearm,,connective tissue,,false,false,,false
3335,142,F,C49.1,topography,Forearm,,fatty tissue,,false,false,,false
3336,142,F,C49.1,topography,Forearm,,fibrous tissue,,false,false,,false
3337,142,F,C49.1,topography,Forearm,,muscle,,false,false,,false
3338,142,F,C47.1,topography,Forearm,,peripheral nerve,,false,false,,false
3339,142,F,C49.1,topography,Forearm,,skeletal muscle,,false,false,,false
3340,142,F,C44.6,topography,Forearm,,skin,,false,false,,false
3341,142,F,C49.1,topography,Forearm,,soft tissue,,false,false,,false
3342,142,F,C49.1,topography,Forearm,,subcutaneous tissue,,false,false,,false
3343,142,F,C49.1,topography,Forearm,,tendon,,false,false,,false
3344,142,F,C49.1,topography,Forearm,,tendon sheath,,false,false,,false
3345,142,F,C44.3,topography,Forehead,,NOS,,false,false,,false
3346,142,F,C44.3,topography,Forehead,,"NOS (carcinoma, melanoma, nevus)",,false,false,,false
3347,142,F,C49.0,topography,Forehead,,"NOS (sarcoma, lipoma)",,false,false,,false
3348,142,F,C47.0,topography,Forehead,,autonomic nervous system,,false,false,,false
3349,142,F,C49.0,topography,Forehead,,connective tissue,,false,false,,false
3350,143,F,C49.0,topography,Forehead,,fibrous tissue,,false,false,,false
3351,143,F,C47.0,topography,Forehead,,peripheral nerve,,false,false,,false
3352,143,F,C44.3,topography,Forehead,,skin,,false,false,,false
3353,143,F,C49.0,topography,Forehead,,soft tissue,,false,false,,false
3354,143,F,C49.0,topography,Forehead,,subcutaneous tissue,,false,false,,false
3355,143,F,C60.0,topography,Foreskin,,Foreskin,,false,false,,true
3356,143,F,C11.3,topography,"Fornix, pharyngeal",,"Fornix, pharyngeal",,false,false,,true
3357,143,F,C52.9,topography,"Fornix, vagina",,"Fornix, vagina",,false,false,,true
3358,143,F,C71.9,topography,Fossa,Cranial,NOS,,false,false,,false
3359,143,F,C71.9,topography,Fossa,Cranial,anterior,,false,false,,false
3360,143,F,C71.9,topography,Fossa,Cranial,middle,,false,false,,false
3361,143,F,C71.9,topography,Fossa,Cranial,posterior,,false,false,,false
3362,143,F,C76.3,topography,Fossa,,ischiorectal,,false,false,,false
3363,143,F,C75.1,topography,Fossa,,pituitary,,false,false,,false
3364,143,F,C49.0,topography,Fossa,,"pterygoid, NOS",,false,false,,false
3365,143,F,C12.9,topography,Fossa,,pyriform,,false,false,,false
3366,143,F,C11.2,topography,Fossa,,Rosenmuller,,false,false,,false
3367,143,F,C09.0,topography,Fossa,,tonsillar,,false,false,,false
3368,143,F,C51.9,topography,Fourchette,,Fourchette,,false,false,,true
3369,143,F,C71.7,topography,Fourth ventricle,,Fourth ventricle,,false,false,,true
3370,143,F,9762/3,morphology,Franklin disease,,Franklin disease,,false,false,,true
3371,143,F,,,Freckle,,NOS (see SNOMED),,false,true,,false
3372,143,F,8742/2,morphology,Freckle,,"Hutchinson melanotic, NOS (C44._)",,false,false,,false
3373,143,F,8742/3,morphology,Freckle,,malignant melanoma in Hutchinson melanotic (C44._),,false,false,,false
3374,143,F,C00.5,topography,Frenulum,,"labii, NOS",,false,false,,false
3375,143,F,C02.2,topography,Frenulum,,linguae,,false,false,,false
3376,143,F,C00.5,topography,Frenulum,,"lip, NOS",,false,false,,false
3377,143,F,C00.4,topography,Frenulum,,lower lip,,false,false,,false
3378,143,F,C00.3,topography,Frenulum,,upper lip,,false,false,,false
3379,143,F,C41.0,topography,Frontal,,bone,,false,false,,false
3380,143,F,C71.1,topography,Frontal,,lobe,,false,false,,false
3381,143,F,C71.1,topography,Frontal,,pole,,false,false,,false
3382,143,F,C31.2,topography,Frontal,,sinus,,false,false,,false
3383,143,F,8158/1,morphology,"Functioning endocrine tumor, NOS",,"Functioning endocrine tumor, NOS",,false,false,,true
3384,143,F,C16.1,topography,Fundus,,gastric,,false,false,,false
3385,143,F,C16.1,topography,Fundus,,stomach,,false,false,,false
3386,143,F,C54.3,topography,Fundus,,uteri,,false,false,,false
3387,143,F,8121/0,morphology,"Fungiform sinonasal papilloma (C30.0,",,"Fungiform sinonasal papilloma (C30.0, C31._)",,false,false,,true
3388,143,F,9700/3,morphology,"Fungoides, mycosis (C44._)",,"Fungoides, mycosis (C44._)",,false,false,,true
3389,143,F,8043/3,morphology,"Fusiform cell, small cell carcinoma",,"Fusiform cell, small cell carcinoma",,false,false,,true
3390,143,F,8004/3,morphology,"Fusiform cell type, malignant tumor",,"Fusiform cell type, malignant tumor",,false,false,,true
3391,143,G,C23.9,topography,Gallbladder,,Gallbladder,,false,false,,true
3392,143,G,9762/3,morphology,Gamma heavy chain disease,,Gamma heavy chain disease,,false,false,,true
3393,143,G,9765/1,morphology,"Gammopathy, monoclonal, NOS",,"Gammopathy, monoclonal, NOS",,false,false,,true
3394,143,G,9765/1,morphology,"Gammopathy, monoclonal, of",,"Gammopathy, monoclonal, of undetermined significance",,false,false,,true
3395,143,G,C71.0,topography,"Ganglia, basal",,"Ganglia, basal",,false,false,,true
3396,143,G,C47.9,topography,"Ganglia, NOS",,"Ganglia, NOS",,false,false,,true
3397,143,G,8683/0,morphology,Gangliocytic paraganglioma,,Gangliocytic paraganglioma (C17.0),C17.0,false,false,,true
3398,143,G,9492/0,morphology,Gangliocytoma,,Gangliocytoma,,false,false,,true
3399,143,G,9493/0,morphology,"Gangliocytoma of cerebellum, dysplastic",,"Gangliocytoma of cerebellum, dysplastic (Lhermitte-Duclos) (C71.6)",C71.6,false,false,,true
3400,143,G,9505/1,morphology,Ganglioglioma,,NOS,,false,false,,false
3401,143,G,9505/3,morphology,Ganglioglioma,,anaplastic,,false,false,,false
3402,143,G,9412/1,morphology,Ganglioglioma,,desmoplastic infantile,,false,false,,false
3403,143,G,,,Ganglioglioma,,Ganglion cyst (see SNOMED),,false,true,,false
3404,143,G,9490/3,morphology,Ganglioneuroblastoma,,Ganglioneuroblastoma,,false,false,,true
3405,143,G,9490/0,morphology,Ganglioneuroma,,Ganglioneuroma,,false,false,,true
3406,143,G,9491/0,morphology,Ganglioneuromatosis,,Ganglioneuromatosis,,false,false,,true
3407,143,G,8921/3,morphology,"Ganglionic differentiation,",,"Ganglionic differentiation, rhabdomyosarcoma with",,false,false,,true
3408,143,G,8936/1,morphology,GANT,,GANT,,false,false,,true
3409,143,G,C52.9,topography,Gartner duct,,Gartner duct,,false,false,,true
3410,143,G,C16.9,topography,Gastric,,NOS,,false,false,,false
3411,143,G,C16.3,topography,Gastric,,antrum,,false,false,,false
3412,143,G,C16.0,topography,Gastric,,cardia,,false,false,,false
3413,143,G,C16.2,topography,Gastric,,corpus,,false,false,,false
3414,143,G,C16.1,topography,Gastric,,fundus,,false,false,,false
3415,143,G,C77.2,topography,Gastric,,lymph node,,false,false,,false
3416,143,G,8153/1,morphology,Gastrin cell tumor,,Gastrin cell tumor,,false,false,,true
3417,143,G,8153/3,morphology,"Gastrin cell tumor, malignant",,"Gastrin cell tumor, malignant",,false,false,,true
3418,143,G,8153/3,morphology,"Gastrinoma, malignant",,"Gastrinoma, malignant",,false,false,,true
3419,143,G,8153/1,morphology,"Gastrinoma, NOS",,"Gastrinoma, NOS",,false,false,,true
3420,143,G,C49.2,topography,Gastrocnemius muscle,,Gastrocnemius muscle,,false,false,,true
3421,143,G,C16.0,topography,Gastroesophageal junction,,Gastroesophageal junction,,false,false,,true
3422,143,G,8936/1,morphology,Gastrointestinal autonomic nerve tumor,,Gastrointestinal autonomic nerve tumor,,false,false,,true
3423,143,G,8936/1,morphology,Gastrointestinal pacemaker cell tumor,,Gastrointestinal pacemaker cell tumor,,false,false,,true
3424,143,G,8936/3,morphology,Gastrointestinal stromal,,sarcoma,,false,false,,false
3425,143,G,8936/1,morphology,Gastrointestinal stromal,Tumor,NOS,,false,false,,false
3426,143,G,8936/0,morphology,Gastrointestinal stromal,Tumor,benign,,false,false,,false
3427,143,G,8936/3,morphology,Gastrointestinal stromal,Tumor,malignant,,false,false,,false
3428,143,G,8936/1,morphology,Gastrointestinal stromal,Tumor,uncertain malignant potential,,false,false,,false
3429,143,G,C26.9,topography,"Gastrointestinal tract, NOS",,"Gastrointestinal tract, NOS",,false,false,,true
3430,143,G,8153/3,morphology,"G cell tumor, malignant",,"G cell tumor, malignant",,false,false,,true
3431,143,G,8153/1,morphology,"G cell tumor, NOS",,"G cell tumor, NOS",,false,false,,true
3432,144,G,8480/3,morphology,Gelatinous adenocarcinoma,,Gelatinous adenocarcinoma [obs],,true,false,,true
3433,144,G,8480/3,morphology,Gelatinous carcinoma,,Gelatinous carcinoma [obs],,true,false,,true
3434,144,G,9411/3,morphology,Gemistocytic astrocytoma (C71._),,Gemistocytic astrocytoma (C71._),,false,false,,true
3435,144,G,9411/3,morphology,Gemistocytoma (C71._),,Gemistocytoma (C71._),,false,false,,true
3436,144,G,8824/1,morphology,"Generalized fibromatosis, congenital",,"Generalized fibromatosis, congenital",,false,false,,true
3437,144,G,9751/3,morphology,Generalized Langerhans cell histiocytosis,,Generalized Langerhans cell histiocytosis,,false,false,,true
3438,144,G,C57.9,topography,Genital,,"organs, female, NOS",,false,false,,false
3439,144,G,C63.9,topography,Genital,,"organs, male, NOS",,false,false,,false
3440,144,G,C57.9,topography,Genital,,"tract, female, NOS",,false,false,,false
3441,144,G,C63.9,topography,Genital,,"tract, male, NOS",,false,false,,false
3442,144,G,C51.9,topography,"Genitalia, female, external",,"Genitalia, female, external",,false,false,,true
3443,144,G,8905/0,morphology,"Genital rhabdomyoma (C51._, C52.9)",,"Genital rhabdomyoma (C51._, C52.9)",,false,false,,true
3444,144,G,C57.9,topography,"Genitourinary tract, female, NOS",,"Genitourinary tract, female, NOS",,false,false,,true
3445,144,G,C63.9,topography,"Genitourinary tract, male, NOS",,"Genitourinary tract, male, NOS",,false,false,,true
3446,144,G,9101/3,morphology,Germ cell,,"elements, choriocarcinoma combined with other",,false,false,,false
3447,144,G,9064/2,morphology,Germ cell,,"neoplasia, intratubular (C62._)",,false,false,,false
3448,144,G,9064/3,morphology,Germ cell,Tumor,NOS,,false,false,,false
3449,144,G,9085/3,morphology,Germ cell,Tumor,mixed,,false,false,,false
3450,144,G,9065/3,morphology,Germ cell,Tumor,nonseminomatous (C62._),,false,false,,false
3451,144,G,9064/2,morphology,"Germ cells, intratubular malignant (C62._)",,"Germ cells, intratubular malignant (C62._)",,false,false,,true
3452,144,G,9064/3,morphology,Germinoma,,Germinoma,,false,false,,true
3453,144,G,9302/0,morphology,"Ghost cell tumor, odontogenic (C41._)",,"Ghost cell tumor, odontogenic (C41._)",,false,false,,true
3454,144,G,,,Giant,,condyloma acuminatum (see SNOMED),,false,true,,false
3455,144,G,8761/1,morphology,Giant,,"congenital nevus, intermediate and (C44._)",,false,false,,false
3456,144,G,9016/0,morphology,Giant,,fibroadenoma (C50._),,false,false,,false
3457,144,G,9200/0,morphology,Giant,,"osteoid osteoma (C40._, C41._)",,false,false,,false
3458,144,G,8761/3,morphology,Giant,,"pigmented nevus, malignant melanoma in (C44._)",,false,false,,false
3459,144,G,8761/1,morphology,Giant,,"pigmented nevus, NOS (C44._)",,false,false,,false
3460,144,G,,,Giant,,rugal hypertrophy (see SNOMED),,false,true,,false
3461,144,G,8030/3,morphology,Giant cell,,and spindle cell carcinoma,,false,false,,false
3462,144,G,9160/0,morphology,Giant cell,,angiofibroma,,false,false,,false
3463,144,G,9384/1,morphology,Giant cell,,"astrocytoma, subependymal (C71._)",,false,false,,false
3464,144,G,8031/3,morphology,Giant cell,,carcinoma,,false,false,,false
3465,144,G,8035/3,morphology,Giant cell,,carcinoma with osteoclast-like,,false,false,,false
3466,144,G,8834/1,morphology,Giant cell,,fibroblastoma,,false,false,,false
3467,144,G,9441/3,morphology,Giant cell,,glioblastoma (C71._),,false,false,,false
3468,144,G,,,Giant cell,,"granuloma, central (see SNOMED)",,false,true,,false
3469,144,G,,,Giant cell,,reparative granuloma (see SNOMED),,false,true,,false
3470,144,G,8802/3,morphology,Giant cell,,sarcoma (except of bone 9250/3),,false,false,,false
3471,144,G,9250/3,morphology,Giant cell,,"sarcoma of bone (C40._, C41._)",,false,false,,false
3472,144,G,,,Giant cell,,tendon sheath (see SNOMED),,false,true,,false
3473,144,G,9250/3,morphology,Giant cell,Tumor,"bone, malignant (C40._, C41._)",,false,false,,false
3474,144,G,9250/1,morphology,Giant cell,Tumor,"bone, NOS (C40._, C41._)",,false,false,,false
3475,144,G,9230/0,morphology,Giant cell,Tumor,"chondromatous (C40._, C41._)",,false,false,,false
3476,144,G,9251/3,morphology,Giant cell,Tumor,"soft parts, malignant",,false,false,,false
3477,144,G,9251/1,morphology,Giant cell,Tumor,"soft parts, NOS",,false,false,,false
3478,144,G,9252/0,morphology,Giant cell,Tumor,tendon sheath (C49._),,false,false,,false
3479,144,G,9252/3,morphology,Giant cell,Tumor,"tendon sheath, malignant (C49._)",,false,false,,false
3480,144,G,9252/0,morphology,Giant cell,Tumor,tenosynovial (C49._),,false,false,,false
3481,144,G,9252/3,morphology,Giant cell,Tumor,"tenosynovial, malignant (C49._)",,false,false,,false
3482,144,G,8003/3,morphology,Giant cell,,"type, malignant tumor",,false,false,,false
3483,144,G,9275/0,morphology,Gigantiform cementoma (C41._),,Gigantiform cementoma (C41._),,false,false,,true
3484,144,G,C03.9,topography,Gingiva,,NOS,,false,false,,false
3485,144,G,C03.1,topography,Gingiva,,lower,,false,false,,false
3486,144,G,C03.1,topography,Gingiva,,mandibular,,false,false,,false
3487,144,G,C03.0,topography,Gingiva,,maxillary,,false,false,,false
3488,144,G,C03.0,topography,Gingiva,,upper,,false,false,,false
3489,144,G,,,Gingiva,,"Gingival cyst, NOS (see SNOMED)",,false,true,,false
3490,144,G,,,Gingiva,,"Gingival cyst, odontogenic (see SNOMED)",,false,true,,false
3491,144,G,C40.0,topography,"Girdle, shoulder",,"Girdle, shoulder",,false,false,,true
3492,144,G,8936/1,morphology,GIST,,NOS,,false,false,,false
3493,144,G,8936/0,morphology,GIST,,benign,,false,false,,false
3494,144,G,8936/3,morphology,GIST,,malignant,,false,false,,false
3495,144,G,C74.9,topography,Gland,,adrenal,,false,false,,false
3496,144,G,C51.0,topography,Gland,,Bartholin,,false,false,,false
3497,144,G,C44.2,topography,Gland,,ceruminal,,false,false,,false
3498,144,G,C68.0,topography,Gland,,Cowper,,false,false,,false
3499,144,G,C53.0,topography,Gland,,endocervical,,false,false,,false
3500,144,G,C75.8,topography,Gland,,"endocrine, multiple",,false,false,,false
3501,144,G,C75.9,topography,Gland,,"endocrine, NOS",,false,false,,false
3502,144,G,C54.1,topography,Gland,,endometrial,,false,false,,false
3503,144,G,C69.5,topography,Gland,,lacrimal,,false,false,,false
3504,144,G,C50.9,topography,Gland,,mammary,,false,false,,false
3505,144,G,C44.1,topography,Gland,,Meibomian,,false,false,,false
3506,144,G,C53.0,topography,Gland,,Nabothian,,false,false,,false
3507,144,G,C75.0,topography,Gland,,parathyroid,,false,false,,false
3508,144,G,C68.1,topography,Gland,,paraurethral,,false,false,,false
3509,144,G,C07.9,topography,Gland,,parotid,,false,false,,false
3510,144,G,C07.9,topography,Gland,,"parotid, duct",,false,false,,false
3511,144,G,C75.3,topography,Gland,,pineal,,false,false,,false
3512,144,G,C75.1,topography,Gland,,pituitary,,false,false,,false
3513,144,G,C61.9,topography,Gland,,prostate,,false,false,,false
3514,144,G,C08.9,topography,Gland,,"salivary, major, NOS",,false,false,,false
3515,144,G,C06.9,topography,Gland,,"salivary, minor, NOS (see coding guidelines, section 4.3.5, pseudo- topographic morphology terms, and note under C08)",,false,false,,false
3516,145,G,C08.9,topography,Gland,,"salivary, NOS (excludes minor salivary 9380/3 NOS (except nasal glioma—not gland, NOS C06.9; see coding guidelines section 4.3.5, pseudo- topographic morphology terms, and 9400/3 astrocytic (C71._) note under C08)",,false,false,,false
3517,145,G,C08.1,topography,Gland,,sublingual,,false,false,,false
3518,145,G,C08.1,topography,Gland,,"sublingual, duct",,false,false,,false
3519,145,G,C08.0,topography,Gland,,submandibular,,false,false,,false
3520,145,G,C08.0,topography,Gland,,submaxillary,,false,false,,false
3521,145,G,C08.0,topography,Gland,,"submaxillary, duct",,false,false,,false
3522,145,G,C74.9,topography,Gland,,suprarenal,,false,false,,false
3523,145,G,C73.9,topography,Gland,,thyroid,,false,false,,false
3524,145,G,C68.0,topography,Gland,,urethral,,false,false,,false
3525,145,G,C75.8,topography,"Glands, endocrine, multiple",,"Glands, endocrine, multiple",,false,false,,true
3526,145,G,,,Glandular,,and stromal hyperplasia (see SNOMED),,false,true,,false
3527,145,G,9540/3,morphology,Glandular,,"differentiation, MPNST with glandular",,false,false,,false
3528,145,G,8148/2,morphology,Glandular,,"dysplasia, esophageal high grade (C15._)",,false,false,,false
3529,145,G,8148/0,morphology,Glandular,,"dysplasia, esophageal low grade (C15._)",,false,false,,false
3530,145,G,8148/2,morphology,Glandular,,"esophageal dysplasia, high grade (C15._)",,false,false,,false
3531,145,G,8148/0,morphology,Glandular,,"esophageal dysplasia, low grade (C15._)",,false,false,,false
3532,145,G,8148/2,morphology,Glandular,,"high grade dysplasia, esophageal (C15._)",,false,false,,false
3533,145,G,,,Glandular,,hyperplasia (see SNOMED),,false,true,,false
3534,145,G,8148/0,morphology,Glandular,Intraepithelial neoplasia,"esophageal, low grade (C15._)",,false,false,,false
3535,145,G,8148/0,morphology,Glandular,Intraepithelial neoplasia,grade I,,false,false,,false
3536,145,G,8148/0,morphology,Glandular,Intraepithelial neoplasia,grade II,,false,false,,false
3537,145,G,8148/2,morphology,Glandular,Intraepithelial neoplasia,grade III,,false,false,,false
3538,145,G,8148/2,morphology,Glandular,Intraepithelial neoplasia,high grade,,false,false,,false
3539,145,G,8148/0,morphology,Glandular,Intraepithelial neoplasia,low grade,,false,false,,false
3540,145,G,8148/0,morphology,Glandular,Intraepithelial neoplasia,low grade esohageal (C15._),,false,false,,false
3541,145,G,8148/0,morphology,Glandular,,"low grade dysplasia, esophageal (C15._)",,false,false,,false
3542,145,G,,,Glandular,,metaplasia (see SNOMED),,false,true,,false
3543,145,G,8260/0,morphology,Glandular,,papilloma,,false,false,,false
3544,145,G,8560/0,morphology,Glandular,,"papilloma, squamous cell and, mixed",,false,false,,false
3545,145,G,8264/0,morphology,Glandular,,papillomatosis,,false,false,,false
3546,145,G,C60.1,topography,Glans penis,,Glans penis,,false,false,,true
3547,145,G,8015/3,morphology,Glassy cell carcinoma,,Glassy cell carcinoma,,false,false,,true
3548,145,G,,,Glassy cell carcinoma,,"Glial heterotopia, nasal (see SNOMED)",,false,true,,false
3549,145,G,9440/3,morphology,Glioblastoma,,NOS (C71._),,false,false,,false
3550,145,G,9441/3,morphology,Glioblastoma,,giant cell (C71._),,false,false,,false
3551,145,G,9440/3,morphology,Glioblastoma,,multiforme (C71._),,false,false,,false
3552,145,G,9442/3,morphology,Glioblastoma,,with sarcomatous component (C71._),,false,false,,false
3553,145,G,9442/1,morphology,Gliofibroma (C71._),,Gliofibroma (C71._),,false,false,,true
3554,145,G,9431/1,morphology,Glioma neoplastic) (C71._),,angiocentric,,false,false,,false
3555,145,G,9444/1,morphology,Glioma neoplastic) (C71._),,chordoid (C71._),,false,false,,false
3556,145,G,9444/1,morphology,Glioma neoplastic) (C71._),,"chordoid, third ventricle (C71.5)",C71.5,false,false,,false
3557,145,G,9380/3,morphology,Glioma neoplastic) (C71._),,malignant (C71._),,false,false,,false
3558,145,G,9382/3,morphology,Glioma neoplastic) (C71._),,mixed (C71._),,false,false,,false
3559,145,G,,,Glioma neoplastic) (C71._),,nasal (see SNOMED),,false,true,,false
3560,145,G,9383/1,morphology,Glioma neoplastic) (C71._),,subependymal (C71._),,false,false,,false
3561,145,G,9381/3,morphology,Gliomatosis cerebri (C71._),,Gliomatosis cerebri (C71._),,false,false,,true
3562,145,G,9505/1,morphology,Glioneuroma,,Glioneuroma [obs],,true,false,,true
3563,145,G,9509/1,morphology,"Glioneuronal tumor, papillary",,"Glioneuronal tumor, papillary",,false,false,,true
3564,145,G,9509/1,morphology,"Glioneuronal tumor, rosette-forming",,"Glioneuronal tumor, rosette-forming",,false,false,,true
3565,145,G,9442/3,morphology,Gliosarcoma (C71._),,Gliosarcoma (C71._),,false,false,,true
3566,145,G,C71.0,topography,Globus pallidus,,Globus pallidus,,false,false,,true
3567,145,G,8712/0,morphology,Glomangioma,,Glomangioma,,false,false,,true
3568,145,G,8713/0,morphology,Glomangiomyoma,,Glomangiomyoma,,false,false,,true
3569,145,G,8710/3,morphology,Glomangiosarcoma,,Glomangiosarcoma,,false,false,,true
3570,145,G,8374/0,morphology,Glomerulosa cell adrenal cortical adenoma,,Glomerulosa cell adrenal cortical adenoma (C74.0),C74.0,false,false,,true
3571,145,G,8710/3,morphology,Glomoid sarcoma,,Glomoid sarcoma,,false,false,,true
3572,145,G,8690/1,morphology,Glomus,,"jugulare tumor, NOS (C75.5)",C75.5,false,false,,false
3573,145,G,8711/3,morphology,Glomus,,"tumor, malignant",,false,false,,false
3574,145,G,8711/0,morphology,Glomus,,"tumor, NOS",,false,false,,false
3575,145,G,C75.5,topography,"Glomus, coccygeal",,"Glomus, coccygeal",,false,false,,true
3576,145,G,C75.5,topography,Glomus jugulare,,Glomus jugulare,,false,false,,true
3577,145,G,C09.1,topography,Glossopalatine fold,,Glossopalatine fold,,false,false,,true
3578,145,G,C72.5,topography,Glossopharyngeal nerve,,Glossopharyngeal nerve,,false,false,,true
3579,145,G,C32.0,topography,Glottis,,Glottis,,false,false,,true
3580,145,G,8152/1,morphology,Glucagon-like peptide-producing tumor,,Glucagon-like peptide-producing tumor,,false,false,,true
3581,145,G,8152/3,morphology,"Glucagonoma, malignant (C25._)",,"Glucagonoma, malignant (C25._)",,false,false,,true
3582,145,G,8152/1,morphology,"Glucagonoma, NOS (C25._)",,"Glucagonoma, NOS (C25._)",,false,false,,true
3583,145,G,C76.3,topography,Gluteal region,,NOS,,false,false,,false
3584,145,G,C44.5,topography,Gluteal region,,"NOS (carcinoma, melanoma, nevus)",,false,false,,false
3585,145,G,C49.5,topography,Gluteal region,,"NOS (sarcoma, lipoma)",,false,false,,false
3586,145,G,C49.5,topography,Gluteal region,,adipose tissue,,false,false,,false
3587,145,G,C47.5,topography,Gluteal region,,autonomic nervous system,,false,false,,false
3588,145,G,C49.5,topography,Gluteal region,,connective tissue,,false,false,,false
3589,145,G,C49.5,topography,Gluteal region,,fatty tissue,,false,false,,false
3590,145,G,C49.5,topography,Gluteal region,,fibrous tissue,,false,false,,false
3591,145,G,C49.5,topography,Gluteal region,,muscle,,false,false,,false
3592,145,G,C47.5,topography,Gluteal region,,peripheral nerve,,false,false,,false
3593,145,G,C49.5,topography,Gluteal region,,skeletal muscle,,false,false,,false
3594,145,G,C44.5,topography,Gluteal region,,skin,,false,false,,false
3595,145,G,C49.5,topography,Gluteal region,,soft tissue,,false,false,,false
3596,145,G,C49.5,topography,Gluteal region,,subcutaneous tissue,,false,false,,false
3597,145,G,C49.5,topography,Gluteus maximus muscle,,Gluteus maximus muscle,,false,false,,true
3598,145,G,8904/0,morphology,Glycogenic rhabdomyoma,,Glycogenic rhabdomyoma,,false,false,,true
3599,145,G,8315/3,morphology,Glycogen-rich carcinoma (C50._),,Glycogen-rich carcinoma (C50._),,false,false,,true
3600,146,G,8243/3,morphology,Goblet cell,,carcinoid,,false,false,,false
3601,146,G,8253/3,morphology,Goblet cell,,"type, bronchiolo-alveolar carcinoma (C34._)",,false,false,,false
3602,146,G,8254/3,morphology,Goblet cell,,"type, bronchiolo-alveolar carcinoma,",,false,false,,false
3603,146,G,8254/3,morphology,Goblet cell,,"type, bronchiolo-alveolar carcinoma, type II pneumocyte and (C34._)",,false,false,,false
3604,146,G,,,Goiter,,NOS (see SNOMED),,false,true,,false
3605,146,G,,,Goiter,,adenomatous (see SNOMED),,false,true,,false
3606,146,G,,,Goiter,,colloid (see SNOMED),,false,true,,false
3607,146,G,,,Goiter,,endemic (see SNOMED),,false,true,,false
3608,146,G,8590/1,morphology,Gonadal stromal tumor,,NOS,,false,false,,false
3609,146,G,8590/1,morphology,Gonadal stromal tumor,,and sex cord tumor,,false,false,,false
3610,146,G,8591/1,morphology,Gonadal stromal tumor,,"sex cord, incompletely differentiated",,false,false,,false
3611,146,G,8592/1,morphology,Gonadal stromal tumor,,"sex cord, mixed forms",,false,false,,false
3612,146,G,9073/1,morphology,Gonadoblastoma,,Gonadoblastoma,,false,false,,true
3613,146,G,9073/1,morphology,Gonocytoma,,Gonocytoma,,false,false,,true
3614,146,G,8240/3,morphology,Grade 1 neuroendocrine tumor,,Grade 1 neuroendocrine tumor,,false,false,,true
3615,146,G,8249/3,morphology,Grade 2 neuroendocrine tumor,,Grade 2 neuroendocrine tumor,,false,false,,true
3616,146,G,8148/2,morphology,Grade 3 biliary intraepithelial neoplasia,,Grade 3 biliary intraepithelial neoplasia (BilIN-3),,false,false,,true
3617,146,G,8148/0,morphology,Grade I,,glandular intraepithelial neoplasia,,false,false,,false
3618,146,G,8077/0,morphology,Grade I,,squamous intraepithelial neoplasia,,false,false,,false
3619,146,G,8148/0,morphology,Grade II,,glandular intraepithelial neoplasia,,false,false,,false
3620,146,G,8077/0,morphology,Grade II,,squamous intraepithelial neoplasia,,false,false,,false
3621,146,G,8077/2,morphology,Grade III,Intraepithelial neoplasia,anal (C21.1),C21.1,false,false,,false
3622,146,G,8077/2,morphology,Grade III,Intraepithelial neoplasia,cervical (C53._),,false,false,,false
3623,146,G,8148/2,morphology,Grade III,Intraepithelial neoplasia,glandular,,false,false,,false
3624,146,G,8077/2,morphology,Grade III,Intraepithelial neoplasia,squamous,,false,false,,false
3625,146,G,8077/2,morphology,Grade III,Intraepithelial neoplasia,vaginal (C52._),,false,false,,false
3626,146,G,8077/2,morphology,Grade III,Intraepithelial neoplasia,vulvar (C51._),,false,false,,false
3627,146,G,,,"Grade (see grading code, section 4.3.2)",,/-1 I,,false,false,,false
3628,146,G,,,"Grade (see grading code, section 4.3.2)",,/-2 II,,false,false,,false
3629,146,G,,,"Grade (see grading code, section 4.3.2)",,/-3 III,,false,false,,false
3630,146,G,,,"Grade (see grading code, section 4.3.2)",,/-4 IV,,false,false,,false
3631,146,G,,,"Grade (see grading code, section 4.3.2)",,"/-9 not determined, not stated or not C49.5 subcutaneous tissue applicable",,false,false,,false
3632,146,G,8320/3,morphology,Granular cell,,adenocarcinoma,,false,false,,false
3633,146,G,8320/3,morphology,Granular cell,,carcinoma,,false,false,,false
3634,146,G,9580/3,morphology,Granular cell,,"myoblastoma, malignant",,false,false,,false
3635,146,G,9580/0,morphology,Granular cell,,"myoblastoma, NOS",,false,false,,false
3636,146,G,9580/0,morphology,Granular cell,Tumor,NOS,,false,false,,false
3637,146,G,9580/3,morphology,Granular cell,Tumor,malignant,,false,false,,false
3638,146,G,9582/0,morphology,Granular cell,Tumor,sellar region (C75.1),C75.1,false,false,,false
3639,146,G,9831/3,morphology,"Granular lymphocytosis, T-cell large",,"Granular lymphocytosis, T-cell large",,false,false,,true
3640,146,G,,,"Granular lymphocytosis, T-cell large",,Granulation tissue type hemangioma (see SNOMED),,false,true,,false
3641,146,G,9930/3,morphology,Granulocytic sarcoma,,Granulocytic sarcoma,,false,false,,true
3642,146,G,,,Granuloma,,NOS (see SNOMED),,false,true,,false
3643,146,G,,,Granuloma,,central giant cell (see SNOMED),,false,true,,false
3644,146,G,9751/3,morphology,Granuloma,,eosinophilic [obs],,true,false,,false
3645,146,G,,,Granuloma,,giant cell reparative (see SNOMED),,false,true,,false
3646,146,G,9661/3,morphology,Granuloma,,Hodgkin,,false,false,,false
3647,146,G,,,Granuloma,,plasma cell (see SNOMED),,false,true,,false
3648,146,G,,,Granuloma,,pyogenic (see SNOMED),,false,true,,false
3649,146,G,,,Granuloma,,reticulohistiocytic (see SNOMED),,false,true,,false
3650,146,G,,,Granuloma,,sarcoid (see SNOMED),,false,true,,false
3651,146,G,9751/3,morphology,Granulomatosis,,"Langerhans cell, NOS [obs]",,true,false,,false
3652,146,G,9751/3,morphology,Granulomatosis,,"Langerhans cell, unifocal [obs]",,true,false,,false
3653,146,G,9766/1,morphology,Granulomatosis,,lymphomatoid,,false,false,,false
3654,146,G,8620/3,morphology,Granulosa cell,,carcinoma (C56.9),C56.9,false,false,,false
3655,146,G,8620/1,morphology,Granulosa cell,Tumor,NOS (C56.9),C56.9,false,false,,false
3656,146,G,8620/1,morphology,Granulosa cell,Tumor,adult type (C56.9),C56.9,false,false,,false
3657,146,G,8622/1,morphology,Granulosa cell,Tumor,juvenile (C56.9),C56.9,false,false,,false
3658,146,G,8620/3,morphology,Granulosa cell,Tumor,malignant (C56.9),C56.9,false,false,,false
3659,146,G,8620/3,morphology,Granulosa cell,Tumor,sarcomatoid (C56.9),C56.9,false,false,,false
3660,146,G,8621/1,morphology,Granulosa cell-theca cell tumor,,Granulosa cell-theca cell tumor (C56.9),C56.9,false,false,,true
3661,146,G,8312/3,morphology,Grawitz tumor,,Grawitz tumor (C64.9) [obs],C64.9,true,false,,true
3662,146,G,C16.6,topography,"Greater curvature of stomach, NOS (not",,"Greater curvature of stomach, NOS (not classifiable to C16.0 to C16.4)",,false,false,,true
3663,146,G,C76.3,topography,Groin,,NOS,,false,false,,false
3664,146,G,C44.5,topography,Groin,,"NOS (carcinoma, melanoma, nevus)",,false,false,,false
3665,146,G,C49.5,topography,Groin,,"NOS (sarcoma, lipoma)",,false,false,,false
3666,146,G,C49.5,topography,Groin,,adipose tissue,,false,false,,false
3667,146,G,C47.5,topography,Groin,,autonomic nervous system,,false,false,,false
3668,146,G,C49.5,topography,Groin,,connective tissue,,false,false,,false
3669,146,G,C49.5,topography,Groin,,fatty tissue,,false,false,,false
3670,146,G,C49.5,topography,Groin,,fibrous tissue,,false,false,,false
3671,146,G,C77.4,topography,Groin,,lymph node,,false,false,,false
3672,146,G,C47.5,topography,Groin,,peripheral nerve,,false,false,,false
3673,146,G,C44.5,topography,Groin,,skin,,false,false,,false
3674,146,G,C49.5,topography,Groin,,soft tissue,,false,false,,false
3675,146,G,C03.9,topography,Gum,,NOS,,false,false,,false
3676,146,G,C03.1,topography,Gum,,lower,,false,false,,false
3677,146,G,C03.0,topography,Gum,,upper,,false,false,,false
3678,146,G,8632/1,morphology,Gynandroblastoma,,Gynandroblastoma (C56.9),C56.9,false,false,,true
3679,146,G,,,Gynandroblastoma,,Gynecomastia (see SNOMED),,false,true,,false
3680,147,H,9940/3,morphology,Hairy cell leukemia,,Hairy cell leukemia (C42.1),C42.1,false,false,,true
3681,147,H,9591/3,morphology,Hairy cell leukemia variant,,Hairy cell leukemia variant,,false,false,,true
3682,147,H,8720/0,morphology,Hairy nevus (C44._),,Hairy nevus (C44._),,false,false,,true
3683,147,H,8723/0,morphology,Halo nevus (C44._),,Halo nevus (C44._),,false,false,,true
3684,147,H,,,Hamartoma,,NOS (see SNOMED),,false,true,,false
3685,147,H,,,Hamartoma,,angiomatous lymphoid (see SNOMED),,false,true,,false
3686,147,H,,,Hamartoma,,mesenchymal (see SNOMED),,false,true,,false
3687,147,H,8587/0,morphology,"Hamartomatous thymoma, ectopic",,"Hamartomatous thymoma, ectopic",,false,false,,true
3688,147,H,C76.4,topography,Hand,,NOS,,false,false,,false
3689,147,H,C44.6,topography,Hand,,"NOS (carcinoma, melanoma, nevus)",,false,false,,false
3690,147,H,C49.1,topography,Hand,,"NOS (sarcoma, lipoma)",,false,false,,false
3691,147,H,C49.1,topography,Hand,,adipose tissue,,false,false,,false
3692,147,H,C47.1,topography,Hand,,autonomic nervous system,,false,false,,false
3693,147,H,C40.1,topography,Hand,,bone,,false,false,,false
3694,147,H,C49.1,topography,Hand,,connective tissue,,false,false,,false
3695,147,H,C49.1,topography,Hand,,fatty tissue,,false,false,,false
3696,147,H,C49.1,topography,Hand,,fibrous tissue,,false,false,,false
3697,147,H,C40.1,topography,Hand,,joint,,false,false,,false
3698,147,H,C49.1,topography,Hand,,muscle,,false,false,,false
3699,147,H,C47.1,topography,Hand,,peripheral nerve,,false,false,,false
3700,147,H,C40.1,topography,Hand,,phalanx,,false,false,,false
3701,147,H,C49.1,topography,Hand,,skeletal muscle,,false,false,,false
3702,147,H,C44.6,topography,Hand,,skin,,false,false,,false
3703,147,H,C49.1,topography,Hand,,soft tissue,,false,false,,false
3704,147,H,C49.1,topography,Hand,,subcutaneous tissue,,false,false,,false
3705,147,H,C49.1,topography,Hand,,tendon,,false,false,,false
3706,147,H,C49.1,topography,Hand,,tendon sheath,,false,false,,false
3707,147,H,9751/3,morphology,Hand-Schuller-Christian disease,,Hand-Schuller-Christian disease [obs],,true,false,,true
3708,147,H,C05.0,topography,Hard palate,,Hard palate,,false,false,,true
3709,147,H,C05.8,topography,"Hard palate and soft palate, junction",,"Hard palate and soft palate, junction",,false,false,,true
3710,147,H,C76.0,topography,Head,,NOS,,false,false,,false
3711,147,H,C44.4,topography,Head,,"NOS (carcinoma, melanoma, nevus)",,false,false,,false
3712,147,H,C49.0,topography,Head,,"NOS (sarcoma, lipoma)",,false,false,,false
3713,147,H,C49.0,topography,Head,,adipose tissue,,false,false,,false
3714,147,H,C47.0,topography,Head,,autonomic nervous system,,false,false,,false
3715,147,H,C49.0,topography,Head,,connective tissue,,false,false,,false
3716,147,H,C49.0,topography,Head,,fatty tissue,,false,false,,false
3717,147,H,C49.0,topography,Head,,fibrous tissue,,false,false,,false
3718,147,H,C77.0,topography,Head,,lymph node,,false,false,,false
3719,147,H,C49.0,topography,Head,,muscle,,false,false,,false
3720,147,H,C47.0,topography,Head,,peripheral nerve,,false,false,,false
3721,147,H,C49.0,topography,Head,,skeletal muscle,,false,false,,false
3722,147,H,C44.4,topography,Head,,"skin, NOS",,false,false,,false
3723,147,H,C49.0,topography,Head,,soft tissue,,false,false,,false
3724,147,H,C49.0,topography,Head,,subcutaneous tissue,,false,false,,false
3725,147,H,C25.0,topography,Head of pancreas,,Head of pancreas,,false,false,,true
3726,147,H,C38.0,topography,Heart,,Heart,,false,false,,true
3727,147,H,9762/3,morphology,Heavy chain disease,,NOS,,false,false,,false
3728,147,H,9762/3,morphology,Heavy chain disease,,alpha,,false,false,,false
3729,147,H,9762/3,morphology,Heavy chain disease,,gamma,,false,false,,false
3730,147,H,9762/3,morphology,Heavy chain disease,,mu,,false,false,,false
3731,147,H,C76.5,topography,Heel,,NOS,,false,false,,false
3732,147,H,C44.7,topography,Heel,,"NOS (carcinoma, melanoma, nevus)",,false,false,,false
3733,147,H,C49.2,topography,Heel,,"NOS (sarcoma, lipoma)",,false,false,,false
3734,147,H,C47.2,topography,Heel,,autonomic nervous system,,false,false,,false
3735,147,H,C40.3,topography,Heel,,bone,,false,false,,false
3736,147,H,C49.2,topography,Heel,,connective tissue,,false,false,,false
3737,147,H,C49.2,topography,Heel,,fibrous tissue,,false,false,,false
3738,147,H,C47.2,topography,Heel,,peripheral nerve,,false,false,,false
3739,147,H,C44.7,topography,Heel,,skin,,false,false,,false
3740,147,H,C49.2,topography,Heel,,soft tissue,,false,false,,false
3741,147,H,C49.2,topography,Heel,,subcutaneous tissue,,false,false,,false
3742,147,H,C49.2,topography,Heel,,tendon sheath,,false,false,,false
3743,147,H,C44.2,topography,Helix,,Helix,,false,false,,true
3744,147,H,9535/0,morphology,Hemangioblastic meningioma (C70._),,Hemangioblastic meningioma (C70._),,false,false,,true
3745,147,H,9161/1,morphology,Hemangioblastoma,,Hemangioblastoma,,false,false,,true
3746,147,H,9130/3,morphology,Hemangioendothelial sarcoma,,Hemangioendothelial sarcoma,,false,false,,true
3747,147,H,9130/1,morphology,Hemangioendothelioma,,NOS,,false,false,,false
3748,147,H,9130/0,morphology,Hemangioendothelioma,,benign,,false,false,,false
3749,147,H,9133/3,morphology,Hemangioendothelioma,,"epithelioid, malignant",,false,false,,false
3750,147,H,9133/1,morphology,Hemangioendothelioma,,"epithelioid, NOS",,false,false,,false
3751,147,H,9130/1,morphology,Hemangioendothelioma,,Kaposiform,,false,false,,false
3752,147,H,9130/3,morphology,Hemangioendothelioma,,malignant,,false,false,,false
3753,147,H,9136/1,morphology,Hemangioendothelioma,,spindle cell,,false,false,,false
3754,147,H,9120/0,morphology,Hemangioma,,NOS,,false,false,,false
3755,147,H,9161/0,morphology,Hemangioma,,acquired tufted,,false,false,,false
3756,147,H,9123/0,morphology,Hemangioma,,arteriovenous,,false,false,,false
3757,147,H,9131/0,morphology,Hemangioma,,capillary,,false,false,,false
3758,147,H,9121/0,morphology,Hemangioma,,cavernous,,false,false,,false
3759,147,H,9125/0,morphology,Hemangioma,,epithelioid,,false,false,,false
3760,147,H,,,Hemangioma,,granulation tissue type (see SNOMED),,false,true,,false
3761,147,H,9125/0,morphology,Hemangioma,,histiocytoid,,false,false,,false
3762,147,H,9131/0,morphology,Hemangioma,,infantile,,false,false,,false
3763,147,H,9132/0,morphology,Hemangioma,,intramuscular,,false,false,,false
3764,147,H,9131/0,morphology,Hemangioma,,juvenile,,false,false,,false
3765,147,H,9131/0,morphology,Hemangioma,,plexiform,,false,false,,false
3766,147,H,9123/0,morphology,Hemangioma,,racemose,,false,false,,false
3767,147,H,8832/0,morphology,Hemangioma,,sclerosing (C44._),,false,false,,false
3768,147,H,9131/0,morphology,Hemangioma,,simplex,,false,false,,false
3769,147,H,9122/0,morphology,Hemangioma,,venous,,false,false,,false
3770,147,H,9142/0,morphology,Hemangioma,,verrucous keratotic,,false,false,,false
3771,147,H,,,Hemangioma,,"Hemangiomatosis, NOS (see SNOMED)",,false,true,,false
3772,147,H,,,Hemangioma,,"Hemangiomatosis, systemic (see SNOMED)",,false,true,,false
3773,147,H,9150/1,morphology,Hemangiopericytic meningioma (C70._),,Hemangiopericytic meningioma (C70._),,false,false,,true
3774,148,H,9150/1,morphology,Hemangiopericytoma,,NOS,,false,false,,false
3775,148,H,9150/0,morphology,Hemangiopericytoma,,benign,,false,false,,false
3776,148,H,9150/3,morphology,Hemangiopericytoma,,malignant,,false,false,,false
3777,148,H,9120/3,morphology,Hemangiosarcoma,,Hemangiosarcoma,,false,false,,true
3778,148,H,9741/3,morphology,Hematological clonal non-mast cell,,"Hematological clonal non-mast cell disorder, systemic mastocytosis with associated",,false,false,,true
3779,148,H,,,Hematological clonal non-mast cell,,"Hematoma, NOS (see SNOMED)",,false,true,,false
3780,148,H,C42.4,topography,"Hematopoietic system, NOS",,"Hematopoietic system, NOS",,false,false,,true
3781,148,H,C71.0,topography,"Hemisphere, cerebral",,"Hemisphere, cerebral",,false,false,,true
3782,148,H,9175/0,morphology,Hemolymphangioma,,Hemolymphangioma,,false,false,,true
3783,148,H,9140/3,morphology,Hemorrhagic,,"sarcoma, multiple",,false,false,,false
3784,148,H,9962/3,morphology,Hemorrhagic,,"thrombocythemia, essential (C42.1)",C42.1,false,false,,false
3785,148,H,9962/3,morphology,Hemorrhagic,,"thrombocythemia, idiopathic (C42.1)",C42.1,false,false,,false
3786,148,H,C22.0,topography,Hepatic,,NOS,,false,false,,false
3787,148,H,C24.0,topography,Hepatic,,bile duct,,false,false,,false
3788,148,H,C24.0,topography,Hepatic,,duct,,false,false,,false
3789,148,H,C18.3,topography,Hepatic,,flexure of colon,,false,false,,false
3790,148,H,C77.2,topography,Hepatic,,lymph node,,false,false,,false
3791,148,H,8172/3,morphology,"Hepatic carcinoma, sclerosing",,"Hepatic carcinoma, sclerosing (C22.0)",C22.0,false,false,,true
3792,148,H,8970/3,morphology,Hepatoblastoma (C22.0),,NOS,,false,false,,false
3793,148,H,8970/3,morphology,Hepatoblastoma (C22.0),,epithelioid,,false,false,,false
3794,148,H,8970/3,morphology,Hepatoblastoma (C22.0),,mixed epithelial-mesenchymal,,false,false,,false
3795,148,H,8170/3,morphology,Hepatocarcinoma,,Hepatocarcinoma (C22.0),C22.0,false,false,,true
3796,148,H,8170/0,morphology,Hepatocellular,,adenoma (C22.0),C22.0,false,false,,false
3797,148,H,8180/3,morphology,Hepatocellular,,"and bile duct carcinoma, mixed (C22.0)",C22.0,false,false,,false
3798,148,H,8170/3,morphology,Hepatocellular,Carcinoma,NOS (C22.0),C22.0,false,false,,false
3799,148,H,8180/3,morphology,Hepatocellular,Carcinoma,"and cholangiocarcinoma, combined (C22.0)",C22.0,false,false,,false
3800,148,H,8174/3,morphology,Hepatocellular,Carcinoma,clear cell type (C22.0),C22.0,false,false,,false
3801,148,H,8171/3,morphology,Hepatocellular,Carcinoma,fibrolamellar (C22.0),C22.0,false,false,,false
3802,148,H,8175/3,morphology,Hepatocellular,Carcinoma,pleomorphic type (C22.0),C22.0,false,false,,false
3803,148,H,8173/3,morphology,Hepatocellular,Carcinoma,sarcomatoid (C22.0),C22.0,false,false,,false
3804,148,H,8172/3,morphology,Hepatocellular,Carcinoma,scirrhous (C22.0),C22.0,false,false,,false
3805,148,H,8173/3,morphology,Hepatocellular,Carcinoma,spindle cell variant (C22.0),C22.0,false,false,,false
3806,148,H,8180/3,morphology,Hepatocholangiocarcinoma,,Hepatocholangiocarcinoma (C22.0),C22.0,false,false,,true
3807,148,H,8576/3,morphology,Hepatoid,,adenocarcinoma,,false,false,,false
3808,148,H,8576/3,morphology,Hepatoid,,carcinoma,,false,false,,false
3809,148,H,9071/3,morphology,Hepatoid,,yolk sac tumor,,false,false,,false
3810,148,H,8170/3,morphology,Hepatoma,,NOS (C22.0),C22.0,false,false,,false
3811,148,H,8170/0,morphology,Hepatoma,,benign (C22.0),C22.0,false,false,,false
3812,148,H,8970/3,morphology,Hepatoma,,embryonal (C22.0),C22.0,false,false,,false
3813,148,H,8170/3,morphology,Hepatoma,,malignant (C22.0),C22.0,false,false,,false
3814,148,H,8634/1,morphology,Heterologous elements,Sertoli-Leydig cell tumor,"intermediate differentiation, with",,false,false,,false
3815,148,H,8634/3,morphology,Heterologous elements,Sertoli-Leydig cell tumor,"poorly differentiated, with",,false,false,,false
3816,148,H,8634/1,morphology,Heterologous elements,Sertoli-Leydig cell tumor,"retiform, with",,false,false,,false
3817,148,H,,,Heterologous elements,,"Heterotopia, nasal glial (see SNOMED)",,false,true,,false
3818,148,H,,,Heterologous elements,,"Heterotopia, NOS (see SNOMED)",,false,true,,false
3819,148,H,8880/0,morphology,Hibernoma,,Hibernoma,,false,false,,true
3820,148,H,8402/3,morphology,Hidradenocarcinoma (C44._),,Hidradenocarcinoma (C44._),,false,false,,true
3821,148,H,8400/0,morphology,Hidradenoma,,NOS (C44._),,false,false,,false
3822,148,H,8402/0,morphology,Hidradenoma,,clear cell (C44._),,false,false,,false
3823,148,H,8402/0,morphology,Hidradenoma,,nodular (C44._),,false,false,,false
3824,148,H,8402/3,morphology,Hidradenoma,,"nodular, malignant (C44._)",,false,false,,false
3825,148,H,8405/0,morphology,Hidradenoma,,papillary (C44._),,false,false,,false
3826,148,H,8405/0,morphology,Hidradenoma,,papilliferum (C44._),,false,false,,false
3827,148,H,8404/0,morphology,Hidrocystoma (C44._),,Hidrocystoma (C44._),,false,false,,true
3828,148,H,8148/2,morphology,High grade,,esophageal glandular dysplasia (C15._),,false,false,,false
3829,148,H,8503/2,morphology,High grade,,intraductal tubular-papillary neoplasm,,false,false,,false
3830,148,H,8503/2,morphology,High grade,,"neoplasm, intraductal tubular-papillary",,false,false,,false
3831,148,H,8503/2,morphology,High grade,,"tubular-papillary neoplasm, intraductal",,false,false,,false
3832,148,H,8470/2,morphology,High grade dysplasia (with),,"cystic neoplasm, mucinous (C25._)",,false,false,,false
3833,148,H,8470/2,morphology,High grade dysplasia (with),,"cystic tumor, mucinous (C25._)",,false,false,,false
3834,148,H,8148/2,morphology,High grade dysplasia (with),,flat,,false,false,,false
3835,148,H,8503/2,morphology,High grade dysplasia (with),,intracystic papillary tumor (C23.9),C23.9,false,false,,false
3836,148,H,8453/2,morphology,High grade dysplasia (with),,intraductal papillary-mucinous neoplasm (C25._),,false,false,,false
3837,148,H,8503/2,morphology,High grade dysplasia (with),,intraductal papillary neoplasm,,false,false,,false
3838,148,H,8503/2,morphology,High grade dysplasia (with),,intraductal papillary tumor,,false,false,,false
3839,148,H,8470/2,morphology,High grade dysplasia (with),,mucinous cystic neoplasm (25._),,false,false,,false
3840,148,H,8470/2,morphology,High grade dysplasia (with),,mucinous cystic tumor (C25._),,false,false,,false
3841,148,H,8470/2,morphology,High grade dysplasia (with),,"neoplasm, mucinous cystic (C25._)",,false,false,,false
3842,148,H,8163/2,morphology,High grade dysplasia (with),,non-invasive pancreatobiliary papillary neoplasm (C24.1),C24.1,false,false,,false
3843,148,H,8453/2,morphology,High grade dysplasia (with),,"papillary-mucinous neoplasm, intraductal (C25._)",,false,false,,false
3844,148,H,8503/2,morphology,High grade dysplasia (with),,"tumor, intraductal papillary",,false,false,,false
3845,148,H,8470/2,morphology,High grade dysplasia (with),,"tumor, mucinous cystic (C25._)",,false,false,,false
3846,148,H,8148/2,morphology,High grade intraepithelial neoplasia (with),,biliary,,false,false,,false
3847,148,H,8470/2,morphology,High grade intraepithelial neoplasia (with),,"cystic neoplasm, mucinous (C25._)",,false,false,,false
3848,148,H,8148/2,morphology,High grade intraepithelial neoplasia (with),,esophageal,,false,false,,false
3849,148,H,8148/2,morphology,High grade intraepithelial neoplasia (with),,esophageal glandular (C15._),,false,false,,false
3850,148,H,8077/2,morphology,High grade intraepithelial neoplasia (with),,esophageal squamous (C15._),,false,false,,false
3851,148,H,8148/2,morphology,High grade intraepithelial neoplasia (with),,flat,,false,false,,false
3852,148,H,8148/2,morphology,High grade intraepithelial neoplasia (with),,flat glandular (C24.1),C24.1,false,false,,false
3853,149,H,8148/2,morphology,"High grade intraepithelial neoplasia (with), continued",,glandular,,false,false,,false
3854,149,H,8503/2,morphology,"High grade intraepithelial neoplasia (with), continued",,intracystic papillary neoplasm,,false,false,,false
3855,149,H,8503/2,morphology,"High grade intraepithelial neoplasia (with), continued",,intracystic papillary tumor,,false,false,,false
3856,149,H,8503/2,morphology,"High grade intraepithelial neoplasia (with), continued",,intraductal papillary neoplasm,,false,false,,false
3857,149,H,8503/2,morphology,"High grade intraepithelial neoplasia (with), continued",,intraductal papillary tumor,,false,false,,false
3858,149,H,8470/2,morphology,"High grade intraepithelial neoplasia (with), continued",,mucinous cystic neoplasm (25._),,false,false,,false
3859,149,H,8470/2,morphology,"High grade intraepithelial neoplasia (with), continued",,"neoplasm, mucinous cystic (C25._)",,false,false,,false
3860,149,H,8163/2,morphology,"High grade intraepithelial neoplasia (with), continued",,"non-invasive pancreatobiliary papillary neoplasm, with (C24.1)",C24.1,false,false,,false
3861,149,H,8163/2,morphology,"High grade intraepithelial neoplasia (with), continued",,"pancreatobiliary-type papillary neoplasm, with (C24.1)",C24.1,false,false,,false
3862,149,H,8163/2,morphology,"High grade intraepithelial neoplasia (with), continued",,"papillary neoplasm, pancreatobiliary type, with (C24.1)",C24.1,false,false,,false
3863,149,H,8077/2,morphology,"High grade intraepithelial neoplasia (with), continued",,squamous,,false,false,,false
3864,149,H,8077/2,morphology,"High grade intraepithelial neoplasia (with), continued",,squamous esophageal (C15._),,false,false,,false
3865,149,H,8660/0,morphology,Hilar cell tumor,,Hilar cell tumor (C56.9),C56.9,false,false,,true
3866,149,H,C77.1,topography,Hilar lymph node,,NOS,,false,false,,false
3867,149,H,C77.1,topography,Hilar lymph node,,pulmonary,,false,false,,false
3868,149,H,C77.2,topography,Hilar lymph node,,splenic,,false,false,,false
3869,149,H,8660/0,morphology,Hilus cell tumor,,Hilus cell tumor (C56.9),C56.9,false,false,,true
3870,149,H,C34.0,topography,Hilus of lung,,Hilus of lung,,false,false,,true
3871,149,H,C76.5,topography,Hip,,NOS,,false,false,,false
3872,149,H,C44.7,topography,Hip,,"NOS (carcinoma, melanoma, nevus)",,false,false,,false
3873,149,H,C49.2,topography,Hip,,"NOS (sarcoma, lipoma)",,false,false,,false
3874,149,H,C49.2,topography,Hip,,adipose tissue,,false,false,,false
3875,149,H,C47.2,topography,Hip,,autonomic nervous system,,false,false,,false
3876,149,H,C41.4,topography,Hip,,bone,,false,false,,false
3877,149,H,C49.2,topography,Hip,,connective tissue,,false,false,,false
3878,149,H,C49.2,topography,Hip,,fatty tissue,,false,false,,false
3879,149,H,C49.2,topography,Hip,,fibrous tissue,,false,false,,false
3880,149,H,C41.4,topography,Hip,,joint,,false,false,,false
3881,149,H,C47.2,topography,Hip,,peripheral nerve,,false,false,,false
3882,149,H,C44.7,topography,Hip,,skin,,false,false,,false
3883,149,H,C49.2,topography,Hip,,soft tissue,,false,false,,false
3884,149,H,C49.2,topography,Hip,,subcutaneous tissue,,false,false,,false
3885,149,H,C49.2,topography,Hip,,tendon,,false,false,,false
3886,149,H,C49.2,topography,Hip,,tendon sheath,,false,false,,false
3887,149,H,C71.2,topography,Hippocampus,,Hippocampus,,false,false,,true
3888,149,H,9680/3,morphology,Histiocytic,,"lymphoma, NOS (see also lymphoma)",,false,false,lymphoma,false
3889,149,H,9755/3,morphology,Histiocytic,,"lymphoma, true",,false,false,,false
3890,149,H,9750/3,morphology,Histiocytic,,medullary reticulosis [obs],,true,false,,false
3891,149,H,9755/3,morphology,Histiocytic,,sarcoma,,false,false,,false
3892,149,H,9125/0,morphology,Histiocytoid hemangioma,,Histiocytoid hemangioma,,false,false,,true
3893,149,H,8831/0,morphology,Histiocytoma,,NOS (C44._),,false,false,,false
3894,149,H,8832/0,morphology,Histiocytoma,,"cutaneous, NOS (C44._)",,false,false,,false
3895,149,H,8831/0,morphology,Histiocytoma,,deep,,false,false,,false
3896,149,H,8830/0,morphology,Histiocytoma,Fibrous,NOS,,false,false,,false
3897,149,H,8836/1,morphology,Histiocytoma,Fibrous,angiomatoid,,false,false,,false
3898,149,H,8830/1,morphology,Histiocytoma,Fibrous,atypical,,false,false,,false
3899,149,H,8830/0,morphology,Histiocytoma,Fibrous,benign,,false,false,,false
3900,149,H,8830/3,morphology,Histiocytoma,Fibrous,malignant,,false,false,,false
3901,149,H,9252/0,morphology,Histiocytoma,Fibrous,tendon sheath (C49._),,false,false,,false
3902,149,H,8831/0,morphology,Histiocytoma,,juvenile,,false,false,,false
3903,149,H,,,Histiocytosis,,NOS (see SNOMED),,false,true,,false
3904,149,H,9751/3,morphology,Histiocytosis,Langerhans cell,NOS,,false,false,,false
3905,149,H,9751/3,morphology,Histiocytosis,Langerhans cell,disseminated [obs],,true,false,,false
3906,149,H,9751/3,morphology,Histiocytosis,Langerhans cell,generalized [obs],,true,false,,false
3907,149,H,9751/3,morphology,Histiocytosis,Langerhans cell,mono-ostotic [obs],,true,false,,false
3908,149,H,9751/3,morphology,Histiocytosis,Langerhans cell,multifocal [obs],,true,false,,false
3909,149,H,9751/3,morphology,Histiocytosis,Langerhans cell,poly-ostotic [obs],,true,false,,false
3910,149,H,9751/3,morphology,Histiocytosis,Langerhans cell,unifocal [obs],,true,false,,false
3911,149,H,9750/3,morphology,Histiocytosis,,malignant,,false,false,,false
3912,149,H,,,Histiocytosis,,"sinus, with massive lymphadenopathy (see SNOMED)",,false,true,,false
3913,149,H,9751/3,morphology,Histiocytosis,,"X, acute progressive [obs]",,true,false,,false
3914,149,H,9751/3,morphology,Histiocytosis,,"X, NOS [obs]",,true,false,,false
3915,149,H,9650/3,morphology,Hodgkin disease (see also Hodgkin lymphoma),,NOS,,false,false,,false
3916,149,H,9651/3,morphology,Hodgkin disease (see also Hodgkin lymphoma),,"lymphocyte predominance, diffuse",,false,false,,false
3917,149,H,9651/3,morphology,Hodgkin disease (see also Hodgkin lymphoma),,"lymphocyte predominance, NOS [obs]",,true,false,,false
3918,149,H,9651/3,morphology,Hodgkin disease (see also Hodgkin lymphoma),,lymphocytic-histiocytic predominance,,false,false,,false
3919,149,H,9663/3,morphology,Hodgkin disease (see also Hodgkin lymphoma),Nodular sclerosis,NOS,,false,false,,false
3920,149,H,9667/3,morphology,Hodgkin disease (see also Hodgkin lymphoma),Nodular sclerosis,lymphocyte depletion,,false,false,,false
3921,149,H,9665/3,morphology,Hodgkin disease (see also Hodgkin lymphoma),Nodular sclerosis,lymphocyte predominance,,false,false,,false
3922,149,H,9665/3,morphology,Hodgkin disease (see also Hodgkin lymphoma),Nodular sclerosis,mixed cellularity,,false,false,,false
3923,149,H,9667/3,morphology,Hodgkin disease (see also Hodgkin lymphoma),Nodular sclerosis,syncytial variant,,false,false,,false
3924,149,H,9661/3,morphology,Hodgkin granuloma,,Hodgkin granuloma [obs],,true,false,,true
3925,149,H,9650/3,morphology,Hodgkin lymphoma,,NOS,,false,false,,false
3926,149,H,9596/3,morphology,Hodgkin lymphoma,,"and non-Hodgkin lymphoma, composite",,false,false,,false
3927,149,H,9596/3,morphology,Hodgkin lymphoma,Classical,"B-cell lymphoma, unclassifiable, with features intermediate between diffuse large B-cell lymphoma and",,false,false,,false
3928,149,H,9654/3,morphology,Hodgkin lymphoma,Classical,"lymphocyte depletion, diffuse fibrosis",,false,false,,false
3929,149,H,9653/3,morphology,Hodgkin lymphoma,Classical,"lymphocyte depletion, NOS",,false,false,,false
3930,149,H,9655/3,morphology,Hodgkin lymphoma,Classical,"lymphocyte depletion, reticular",,false,false,,false
3931,149,H,9651/3,morphology,Hodgkin lymphoma,Classical,lymphocyte-rich,,false,false,,false
3932,149,H,9652/3,morphology,Hodgkin lymphoma,Classical,"mixed cellularity, NOS",,false,false,,false
3933,150,H,9664/3,morphology,Hodgkin lymphoma,Classical,"nodular sclerosis, cellular phase -------- adenomatous (see SNOMED)",,false,true,,false
3934,150,H,9665/3,morphology,Hodgkin lymphoma,Classical,"nodular sclerosis, grade 1",,false,false,,false
3935,150,H,9667/3,morphology,Hodgkin lymphoma,Classical,"nodular sclerosis, grade 2",,false,false,,false
3936,150,H,9663/3,morphology,Hodgkin lymphoma,Classical,"nodular sclerosis, NOS",,false,false,,false
3937,150,H,9653/3,morphology,Hodgkin lymphoma,Lymphocyte depletion,NOS,,false,false,,false
3938,150,H,9655/3,morphology,Hodgkin lymphoma,Lymphocyte depletion,"depletion, reticular",,false,false,,false
3939,150,H,9654/3,morphology,Hodgkin lymphoma,Lymphocyte depletion,diffuse fibrosis,,false,false,,false
3940,150,H,9659/3,morphology,Hodgkin lymphoma,,"lymphocyte predominance, nodular",,false,false,,false
3941,150,H,9651/3,morphology,Hodgkin lymphoma,,lymphocyte-rich,,false,false,,false
3942,150,H,9652/3,morphology,Hodgkin lymphoma,,"mixed cellularity, NOS",,false,false,,false
3943,150,H,9659/3,morphology,Hodgkin lymphoma,,nodular lymphocyte predominance,,false,false,,false
3944,150,H,9663/3,morphology,Hodgkin lymphoma,Nodular sclerosis,NOS,,false,false,,false
3945,150,H,9664/3,morphology,Hodgkin lymphoma,Nodular sclerosis,cellular phase,,false,false,,false
3946,150,H,9665/3,morphology,Hodgkin lymphoma,Nodular sclerosis,grade 1,,false,false,,false
3947,150,H,9667/3,morphology,Hodgkin lymphoma,Nodular sclerosis,grade 2,,false,false,,false
3948,150,H,9659/3,morphology,"Hodgkin paragranuloma, nodular",,"Hodgkin paragranuloma, nodular [obs]",,true,false,,true
3949,150,H,9659/3,morphology,"Hodgkin paragranuloma, NOS",,"Hodgkin paragranuloma, NOS [obs]",,true,false,,true
3950,150,H,9662/3,morphology,Hodgkin sarcoma,,Hodgkin sarcoma [obs],,true,false,,true
3951,150,H,8078/3,morphology,"Horn formation, squamous cell carcinoma",,"Horn formation, squamous cell carcinoma with",,false,false,,true
3952,150,H,9827/3,morphology,"HTLV-1 positive, adult T-cell leukemia/",,"HTLV-1 positive, adult T-cell leukemia/ lymphoma (includes all variants)",,false,false,,true
3953,150,H,C40.0,topography,Humerus,,Humerus,,false,false,,true
3954,150,H,8290/3,morphology,Hurthle cell,,adenocarcinoma (C73.9),C73.9,false,false,,false
3955,150,H,8290/0,morphology,Hurthle cell,,adenoma (C73.9),C73.9,false,false,,false
3956,150,H,8290/3,morphology,Hurthle cell,,carcinoma (C73.9),C73.9,false,false,,false
3957,150,H,8290/0,morphology,Hurthle cell,,tumor (C73.9),C73.9,false,false,,false
3958,150,H,8742/3,morphology,"Hutchinson melanotic freckle, malignant",,"Hutchinson melanotic freckle, malignant melanoma in (C44._)",,false,false,,true
3959,150,H,8742/2,morphology,"Hutchinson melanotic freckle, NOS (C44._)",,"Hutchinson melanotic freckle, NOS (C44._)",,false,false,,true
3960,150,H,8336/0,morphology,Hyalinizing trabecular adenoma,,Hyalinizing trabecular adenoma (C73.9),C73.9,false,false,,true
3961,150,H,9100/0,morphology,Hydatidiform mole,,NOS (C58.9),C58.9,false,false,,false
3962,150,H,9100/0,morphology,Hydatidiform mole,,complete (C58.9),C58.9,false,false,,false
3963,150,H,9100/1,morphology,Hydatidiform mole,,invasive (C58.9),C58.9,false,false,,false
3964,150,H,9100/1,morphology,Hydatidiform mole,,malignant (C58.9),C58.9,false,false,,false
3965,150,H,9103/0,morphology,Hydatidiform mole,,partial (C58.9),C58.9,false,false,,false
3966,150,H,9100/0,morphology,Hydatid mole,,Hydatid mole (C58.9),C58.9,false,false,,true
3967,150,H,9173/0,morphology,"Hygroma, cystic",,"Hygroma, cystic",,false,false,,true
3968,150,H,9173/0,morphology,"Hygroma, NOS",,"Hygroma, NOS",,false,false,,true
3969,150,H,C52.9,topography,Hymen,,Hymen,,false,false,,true
3970,150,H,C41.0,topography,Hyoid bone,,Hyoid bone,,false,false,,true
3971,150,H,9964/3,morphology,Hypereosinophilic syndrome,,Hypereosinophilic syndrome,,false,false,,true
3972,150,H,8311/1,morphology,Hypernephroid tumor,,Hypernephroid tumor [obs],,true,false,,true
3973,150,H,8312/3,morphology,Hypernephroma,,Hypernephroma (C64.9) [obs],C64.9,true,false,,true
3974,150,H,,,Hyperplasia,,NOS (see SNOMED),,false,true,,false
3975,150,H,,,Hyperplasia,,adenomyomatous (see SNOMED),,false,true,,false
3976,150,H,,,Hyperplasia,,"angiofollicular, benign (see SNOMED)",,false,true,,false
3977,150,H,,,Hyperplasia,,atypical (see SNOMED),,false,true,,false
3978,150,H,,,Hyperplasia,,glandular and stromal (see SNOMED),,false,true,,false
3979,150,H,,,Hyperplasia,,glandular (see SNOMED),,false,true,,false
3980,150,H,,,Hyperplasia,,lobular (see SNOMED),,false,true,,false
3981,150,H,,,Hyperplasia,,"lymphoid, NOS (see SNOMED)",,false,true,,false
3982,150,H,,,Hyperplasia,,nodular focal (see SNOMED),,false,true,,false
3983,150,H,,,Hyperplasia,,"nodular, NOS (see SNOMED)",,false,true,,false
3984,150,H,,,Hyperplasia,,papilliferous (see SNOMED),,false,true,,false
3985,150,H,,,Hyperplasia,,pseudoepitheliomatous (see SNOMED),,false,true,,false
3986,150,H,,,Hyperplasia,,stromal and glandular (see SNOMED),,false,true,,false
3987,150,H,,,Hyperplasia,,stromal (see SNOMED),,false,true,,false
3988,150,H,8213/0,morphology,Hyperplastic,,"and adenomatous polyp, mixed (C18._)",,false,false,,false
3989,150,H,,,Hyperplastic,,polyp (see SNOMED),,false,true,,false
3990,150,H,,,Hyperplastic,,scar (see SNOMED),,false,true,,false
3991,150,H,8508/3,morphology,"Hypersecretory carcinoma, cystic (C50._)",,"Hypersecretory carcinoma, cystic (C50._)",,false,false,,true
3992,150,H,,,"Hypersecretory carcinoma, cystic (C50._)",,Hyperthecosis (see SNOMED),,false,true,,false
3993,150,H,,,"Hypersecretory carcinoma, cystic (C50._)",,"Hypertrophy, giant rugal (see SNOMED)",,false,true,,false
3994,150,H,,,"Hypersecretory carcinoma, cystic (C50._)",,"Hypertrophy, NOS (see SNOMED)",,false,true,,false
3995,150,H,C77.5,topography,Hypogastric lymph node,,Hypogastric lymph node,,false,false,,true
3996,150,H,C72.5,topography,Hypoglossal nerve,,Hypoglossal nerve,,false,false,,true
3997,150,H,C13.1,topography,Hypopharyngeal aspect of aryepiglottic fold,,Hypopharyngeal aspect of aryepiglottic fold,,false,false,,true
3998,150,H,C13.9,topography,Hypopharyngeal wall,,Hypopharyngeal wall,,false,false,,true
3999,150,H,C13.9,topography,"Hypopharynx, NOS",,"Hypopharynx, NOS",,false,false,,true
4000,150,H,C13.2,topography,"Hypopharynx, posterior wall",,"Hypopharynx, posterior wall",,false,false,,true
4001,150,H,C75.1,topography,Hypophysis,,Hypophysis,,false,false,,true
4002,150,H,C71.0,topography,Hypothalamus,,Hypothalamus,,false,false,,true
4003,150,I,9961/3,morphology,Idiopathic,,"myelofibrosis, chronic",,false,false,,false
4004,150,I,9962/3,morphology,Idiopathic,,thrombocythemia (C42.1),C42.1,false,false,,false
4005,150,I,9962/3,morphology,Idiopathic,,"thrombocythemia, hemorrhagic (C42.1)",C42.1,false,false,,false
4006,150,I,C18.0,topography,Ileocecal junction,,Ileocecal junction,,false,false,,true
4007,150,I,C18.0,topography,Ileocecal valve,,Ileocecal valve,,false,false,,true
4008,150,I,C77.2,topography,Ileocolic lymph node,,Ileocolic lymph node,,false,false,,true
4009,150,I,C17.2,topography,Ileum (excludes ileocecal valve C18.0),,Ileum (excludes ileocecal valve C18.0),,false,false,,true
4010,150,I,C49.5,topography,Iliac,,artery,,false,false,,false
4011,150,I,C77.5,topography,Iliac,,lymph node,,false,false,,false
4012,150,I,C49.5,topography,Iliac,,vein,,false,false,,false
4013,150,I,C49.4,topography,Iliopsoas muscle,,Iliopsoas muscle,,false,false,,true
4014,150,I,C41.4,topography,Ilium,,Ilium,,false,false,,true
4015,150,I,9080/3,morphology,"Immature teratoma, malignant",,"Immature teratoma, malignant",,false,false,,true
4016,151,I,9080/3,morphology,"Immature teratoma, NOS",,"Immature teratoma, NOS",,false,false,,true
4017,151,I,9767/1,morphology,Immunoblastic lymphadenopathy (IBL),,Immunoblastic lymphadenopathy (IBL),,false,false,,true
4018,151,I,9684/3,morphology,Immunoblastic sarcoma,,Immunoblastic sarcoma [obs],,true,false,,true
4019,151,I,9671/3,morphology,Immunocytoma,,Immunocytoma [obs],,true,false,,true
4020,151,I,9769/1,morphology,Immunoglobulin deposition disease,,Immunoglobulin deposition disease,,false,false,,true
4021,151,I,9766/1,morphology,Immunoproliferative,,angiocentric lesion,,false,false,,false
4022,151,I,9760/3,morphology,Immunoproliferative,,"disease, NOS",,false,false,,false
4023,151,I,9764/3,morphology,Immunoproliferative,,"disease, small intestinal (C17._)",,false,false,,false
4024,151,I,9766/1,morphology,Immunoproliferative,,"lesion, angiocentric",,false,false,,false
4025,151,I,9764/3,morphology,Immunoproliferative,,small intestinal disease (C17._),,false,false,,false
4026,151,I,8591/1,morphology,Incompletely differentiated sex cord-,,Incompletely differentiated sex cord- gonadal stromal tumor,,false,false,,true
4027,151,I,9757/3,morphology,Indeterminate dendritic cell tumor,,Indeterminate dendritic cell tumor,,false,false,,true
4028,151,I,8254/3,morphology,Indeterminate type bronchiolo-alveolar,,Indeterminate type bronchiolo-alveolar carcinoma (C34._),,false,false,,true
4029,151,I,9741/1,morphology,Indolent mastocytosis,,Indolent mastocytosis,,false,false,,true
4030,151,I,9741/1,morphology,Indolent systemic mastocytosis,,Indolent systemic mastocytosis,,false,false,,true
4031,151,I,9412/1,morphology,"Infancy, desmoplastic astrocytoma of",,"Infancy, desmoplastic astrocytoma of",,false,false,,true
4032,151,I,9412/1,morphology,Infantile,,"astrocytoma, desmoplastic (C71._)",,false,false,,false
4033,151,I,9071/3,morphology,Infantile,,embryonal carcinoma,,false,false,,false
4034,151,I,8814/3,morphology,Infantile,,fibrosarcoma,,false,false,,false
4035,151,I,9412/1,morphology,Infantile,,"ganglioglioma, desmoplastic",,false,false,,false
4036,151,I,9131/0,morphology,Infantile,,hemangioma,,false,false,,false
4037,151,I,8824/1,morphology,Infantile,,myofibromatosis,,false,false,,false
4038,151,I,C77.5,topography,Inferior,,epigastric lymph node,,false,false,,false
4039,151,I,C77.2,topography,Inferior,,mesenteric lymph node,,false,false,,false
4040,151,I,C49.4,topography,Inferior,,vena cava,,false,false,,false
4041,151,I,8503/3,morphology,Infiltrating,,and papillary adenocarcinoma (C50._),,false,false,,false
4042,151,I,8856/0,morphology,Infiltrating,,angiolipoma,,false,false,,false
4043,151,I,8092/3,morphology,Infiltrating,Basal cell carcinoma,NOS (C44._),,false,false,,false
4044,151,I,8092/3,morphology,Infiltrating,Basal cell carcinoma,non-sclerosing (C44._),,false,false,,false
4045,151,I,8092/3,morphology,Infiltrating,Basal cell carcinoma,sclerosing (C44._),,false,false,,false
4046,151,I,8500/3,morphology,Infiltrating,Duct,adenocarcinoma (C50._),,false,false,,false
4047,151,I,8523/3,morphology,Infiltrating,Duct,and colloid carcinoma (C50._),,false,false,,false
4048,151,I,8523/3,morphology,Infiltrating,Duct,and cribriform carcinoma (C50._),,false,false,,false
4049,151,I,8522/3,morphology,Infiltrating,Duct,and lobular carcinoma (C50._),,false,false,,false
4050,151,I,8522/3,morphology,Infiltrating,Duct,and lobular carcinoma in situ (C50._),,false,false,,false
4051,151,I,8523/3,morphology,Infiltrating,Duct,and mucinous carcinoma (C50._),,false,false,,false
4052,151,I,8523/3,morphology,Infiltrating,Duct,and tubular carcinoma (C50._),,false,false,,false
4053,151,I,8541/3,morphology,Infiltrating,Duct,"carcinoma and Paget disease, breast (C50._)",,false,false,,false
4054,151,I,8500/3,morphology,Infiltrating,Duct,carcinoma (C50._),,false,false,,false
4055,151,I,8523/3,morphology,Infiltrating,Duct,mixed with other types of carcinoma (C50._),,false,false,,false
4056,151,I,8521/3,morphology,Infiltrating,,ductular carcinoma,,false,false,,false
4057,151,I,8856/0,morphology,Infiltrating,,lipoma,,false,false,,false
4058,151,I,8522/3,morphology,Infiltrating,Lobular,carcinoma and ductal carcinoma in situ (C50._),,false,false,,false
4059,151,I,8520/3,morphology,Infiltrating,Lobular,"carcinoma, NOS (C50._)",,false,false,,false
4060,151,I,8524/3,morphology,Infiltrating,Lobular,mixed with other types of carcinoma (C50._),,false,false,,false
4061,151,I,8503/3,morphology,Infiltrating,,papillary adenocarcinoma,,false,false,,false
4062,151,I,,,Infiltrating,,Infiltrative fasciitis (see SNOMED),,false,true,,false
4063,151,I,8530/3,morphology,Inflammatory,,adenocarcinoma (C50._),,false,false,,false
4064,151,I,8530/3,morphology,Inflammatory,,carcinoma (C50._),,false,false,,false
4065,151,I,8851/3,morphology,Inflammatory,,liposarcoma,,false,false,,false
4066,151,I,8825/1,morphology,Inflammatory,,myofibroblastic tumor,,false,false,,false
4067,151,I,,,Inflammatory,,polyp (see SNOMED),,false,true,,false
4068,151,I,,,Inflammatory,,pseudotumor (see SNOMED),,false,true,,false
4069,151,I,C77.3,topography,Infraclavicular lymph node,,Infraclavicular lymph node,,false,false,,true
4070,151,I,C76.1,topography,Infraclavicular region,,NOS,,false,false,,false
4071,151,I,C44.5,topography,Infraclavicular region,,"NOS (carcinoma, melanoma, nevus)",,false,false,,false
4072,151,I,C49.3,topography,Infraclavicular region,,"NOS (sarcoma, lipoma)",,false,false,,false
4073,151,I,C49.3,topography,Infraclavicular region,,adipose tissue,,false,false,,false
4074,151,I,C47.3,topography,Infraclavicular region,,autonomic nervous system,,false,false,,false
4075,151,I,C49.3,topography,Infraclavicular region,,connective tissue,,false,false,,false
4076,151,I,C49.3,topography,Infraclavicular region,,fatty tissue,,false,false,,false
4077,151,I,C49.3,topography,Infraclavicular region,,fibrous tissue,,false,false,,false
4078,151,I,C77.3,topography,Infraclavicular region,,lymph node,,false,false,,false
4079,151,I,C47.3,topography,Infraclavicular region,,peripheral nerve,,false,false,,false
4080,151,I,C44.5,topography,Infraclavicular region,,skin,,false,false,,false
4081,151,I,C49.3,topography,Infraclavicular region,,soft tissue,,false,false,,false
4082,151,I,C49.3,topography,Infraclavicular region,,subcutaneous tissue,,false,false,,false
4083,151,I,C71.7,topography,"Infratentorial brain, NOS (see also brain)",,"Infratentorial brain, NOS (see also brain)",,false,false,brain,true
4084,151,I,C77.4,topography,Inguinal lymph node,,Inguinal lymph node,,false,false,,true
4085,151,I,C76.3,topography,Inguinal region,,NOS,,false,false,,false
4086,151,I,C44.5,topography,Inguinal region,,"NOS (carcinoma, melanoma, nevus)",,false,false,,false
4087,151,I,C49.5,topography,Inguinal region,,"NOS (sarcoma, lipoma)",,false,false,,false
4088,151,I,C49.5,topography,Inguinal region,,adipose tissue,,false,false,,false
4089,151,I,C47.5,topography,Inguinal region,,autonomic nervous system,,false,false,,false
4090,151,I,C49.5,topography,Inguinal region,,connective tissue,,false,false,,false
4091,151,I,C49.5,topography,Inguinal region,,fatty tissue,,false,false,,false
4092,151,I,C49.5,topography,Inguinal region,,fibrous tissue,,false,false,,false
4093,151,I,C77.4,topography,Inguinal region,,lymph node,,false,false,,false
4094,151,I,C47.5,topography,Inguinal region,,peripheral nerve,,false,false,,false
4095,151,I,C44.5,topography,Inguinal region,,skin,,false,false,,false
4096,151,I,C49.5,topography,Inguinal region,,soft tissue,,false,false,,false
4097,151,I,C49.5,topography,Inguinal region,,subcutaneous tissue,,false,false,,false
4098,151,I,C50.8,topography,Inner,,breast,,false,false,,false
4099,151,I,C44.1,topography,Inner,,canthus,,false,false,,false
4100,151,I,C30.1,topography,Inner,,ear,,false,false,,false
4101,152,I,C00.5,topography,Inner aspect of lip,,NOS,,false,false,,false
4102,152,I,C00.4,topography,Inner aspect of lip,,lower,,false,false,,false
4103,152,I,C00.3,topography,Inner aspect of lip,,upper,,false,false,,false
4104,152,I,C41.4,topography,Innominate bone,,Innominate bone,,false,false,,true
4105,152,I,C77.1,topography,Innominate lymph node,,Innominate lymph node,,false,false,,true
4106,152,I,,,Innominate lymph node,,"/2 In situ (see behavior code, section 4.3.3)",,false,false,,false
4107,152,I,8140/2,morphology,4.3.2),Adenocarcinoma,NOS,,false,false,,false
4108,152,I,8210/2,morphology,4.3.2),Adenocarcinoma,in adenomatous polyp,,false,false,,false
4109,152,I,8210/2,morphology,4.3.2),Adenocarcinoma,"in a polyp, NOS",,false,false,,false
4110,152,I,8210/2,morphology,4.3.2),Adenocarcinoma,in polypoid adenoma,,false,false,,false
4111,152,I,8210/2,morphology,4.3.2),Adenocarcinoma,in tubular adenoma,,false,false,,false
4112,152,I,8263/2,morphology,4.3.2),Adenocarcinoma,in tubulovillous adenoma,,false,false,,false
4113,152,I,8261/2,morphology,4.3.2),Adenocarcinoma,in villous adenoma,,false,false,,false
4114,152,I,8010/2,morphology,4.3.2),Carcinoma,NOS,,false,false,,false
4115,152,I,8070/2,morphology,4.3.2),Carcinoma,"epidermoid, NOS",,false,false,,false
4116,152,I,8210/2,morphology,4.3.2),Carcinoma,in adenomatous polyp,,false,false,,false
4117,152,I,8210/2,morphology,4.3.2),Carcinoma,"in a polyp, NOS",,false,false,,false
4118,152,I,8201/2,morphology,4.3.2),,cribriform carcinoma (C50._),,false,false,,false
4119,152,I,8500/2,morphology,4.3.2),Ductal carcinoma,NOS (C50._),,false,false,,false
4120,152,I,8522/3,morphology,4.3.2),Ductal carcinoma,and infiltrating lobular carcinoma (C50._),,false,false,,false
4121,152,I,8501/2,morphology,4.3.2),Ductal carcinoma,comedo type (C50._),,false,false,,false
4122,152,I,8201/2,morphology,4.3.2),Ductal carcinoma,cribriform type (C50._),,false,false,,false
4123,152,I,8507/2,morphology,4.3.2),Ductal carcinoma,micropapillary (C50._),,false,false,,false
4124,152,I,8503/2,morphology,4.3.2),Ductal carcinoma,papillary (C50._),,false,false,,false
4125,152,I,8230/2,morphology,4.3.2),Ductal carcinoma,solid type (C50._),,false,false,,false
4126,152,I,8070/2,morphology,4.3.2),,"epidermoid carcinoma, NOS",,false,false,,false
4127,152,I,8076/2,morphology,4.3.2),,epidermoid carcinoma with questionable stromal invasion,,false,false,,false
4128,152,I,8520/2,morphology,4.3.2),Lobular carcinoma,NOS (C50._),,false,false,,false
4129,152,I,8522/3,morphology,4.3.2),Lobular carcinoma,and infiltrating duct (C50._),,false,false,,false
4130,152,I,8522/2,morphology,4.3.2),Lobular carcinoma,and intraductal carcinoma (C50._) -------- Internal endometriosis (see SNOMED),,false,true,,false
4131,152,I,8720/2,morphology,4.3.2),,melanoma,,false,false,,false
4132,152,I,8050/2,morphology,4.3.2),,papillary carcinoma,,false,false,,false
4133,152,I,8052/2,morphology,4.3.2),,papillary squamous cell carcinoma,,false,false,,false
4134,152,I,8070/2,morphology,4.3.2),Squamous cell carcinoma,NOS,,false,false,,false
4135,152,I,8052/2,morphology,4.3.2),Squamous cell carcinoma,papillary,,false,false,,false
4136,152,I,8076/2,morphology,4.3.2),Squamous cell carcinoma,with questionable stromal invasion,,false,false,,false
4137,152,I,8120/2,morphology,4.3.2),,transitional cell carcinoma,,false,false,,false
4138,152,I,C71.0,topography,Insula,,Insula,,false,false,,true
4139,152,I,8337/3,morphology,Insular carcinoma,,Insular carcinoma (C73.9),C73.9,false,false,,true
4140,152,I,8151/3,morphology,"Insulinoma, malignant (C25._)",,"Insulinoma, malignant (C25._)",,false,false,,true
4141,152,I,8151/0,morphology,"Insulinoma, NOS (C25._)",,"Insulinoma, NOS (C25._)",,false,false,,true
4142,152,I,C77.1,topography,Intercostal,,lymph node,,false,false,,false
4143,152,I,C49.3,topography,Intercostal,,muscle,,false,false,,false
4144,152,I,C47.3,topography,Intercostal,,nerve,,false,false,,false
4145,152,I,9757/3,morphology,Interdigitating cell sarcoma,,Interdigitating cell sarcoma,,false,false,,true
4146,152,I,9757/3,morphology,Interdigitating dendritic cell sarcoma,,Interdigitating dendritic cell sarcoma,,false,false,,true
4147,152,I,8761/1,morphology,Intermediate,,and giant congenital nevus (C44._),,false,false,,false
4148,152,I,8044/3,morphology,Intermediate,,"cell, small cell carcinoma",,false,false,,false
4149,152,I,8453/0,morphology,Intermediate,,"dysplasia, intraductal papillary- mucinous tumor with (C25._)",,false,false,,false
4150,152,I,8470/0,morphology,Intermediate,,"dysplasia, mucinous cystic tumor with (C25._)",,false,false,,false
4151,152,I,8503/0,morphology,Intermediate,,"grade neoplasia, intracystic papillary neoplasm with (C23.9)",C23.9,false,false,,false
4152,152,I,8503/0,morphology,Intermediate,,"grade neoplasia, intraductal papillary neoplasm with (C22._, C24.0)",,false,false,,false
4153,152,I,9083/3,morphology,Intermediate,,malignant teratoma,,false,false,,false
4154,152,I,9362/3,morphology,Intermediate differentiation,,pineal parenchymal tumor of (C75.3),C75.3,false,false,,false
4155,152,I,8631/1,morphology,Intermediate differentiation,,Sertoli-Leydig cell tumor of,,false,false,,false
4156,152,I,8634/1,morphology,Intermediate differentiation,,"Sertoli-Leydig cell tumor of, with heterologous elements",,false,false,,false
4157,152,I,,,Intermediate differentiation,,"/-2 Intermediate differentiation (see grading code, section 4.3.4)",,false,false,,false
4158,152,I,8470/0,morphology,"Intermediate grade dysplasia, mucinous",,"Intermediate grade dysplasia, mucinous cystic neoplasm with (C25._)",,false,false,,true
4159,152,I,8470/0,morphology,Intermediate grade intraepithelial,,"Intermediate grade intraepithelial neoplasia, mucinous cystic neoplasm with (C22._)",,false,false,,true
4160,152,I,C71.0,topography,Internal,,capsule,,false,false,,false
4161,152,I,C06.0,topography,Internal,,cheek,,false,false,,false
4162,152,I,C00.5,topography,Internal,,"lip, NOS",,false,false,,false
4163,152,I,C49.3,topography,Internal,,mammary artery,,false,false,,false
4164,152,I,C30.0,topography,Internal,,nose,,false,false,,false
4165,152,I,C53.0,topography,Internal,,os,,false,false,,false
4166,152,I,C67.5,topography,Internal,,urethral orifice,,false,false,,false
4167,152,I,8650/1,morphology,Interstitial cell tumor,,NOS,,false,false,,false
4168,152,I,8650/0,morphology,Interstitial cell tumor,,benign,,false,false,,false
4169,152,I,8650/3,morphology,Interstitial cell tumor,,malignant,,false,false,,false
4170,152,I,8966/0,morphology,Interstitial cell tumor,,renomedullary (C64.9),C64.9,false,false,,false
4171,152,I,C41.2,topography,Intervertebral disc,,Intervertebral disc,,false,false,,true
4172,152,I,9764/3,morphology,Intestinal,,"small, immunoproliferative disease (C17._)",,false,false,,false
4173,152,I,8144/3,morphology,Intestinal,,type adenocarcinoma (C16._),,false,false,,false
4174,152,I,8144/3,morphology,Intestinal,,type carcinoma (C16._),,false,false,,false
4175,152,I,C77.2,topography,Intestinal lymph node,,Intestinal lymph node,,false,false,,true
4176,152,I,C26.0,topography,"Intestinal tract, NOS",,"Intestinal tract, NOS",,false,false,,true
4177,153,I,C26.0,topography,Intestine,,NOS,,false,false,,false
4178,153,I,C18.9,topography,Intestine,,"large (excludes rectum, NOS C20.9 and 8503/2 noninfiltrating, papillary (C50._) rectosigmoid junction C19.9)",,false,false,,false
4179,153,I,C17.9,topography,Intestine,,"small, NOS",,false,false,,false
4180,153,I,C77.2,topography,Intra-abdominal lymph nodes,,Intra-abdominal lymph nodes,,false,false,,true
4181,153,I,C76.2,topography,"Intra-abdominal site, NOS",,"Intra-abdominal site, NOS",,false,false,,true
4182,153,I,9011/0,morphology,Intracanalicular fibroadenoma (C50._),,Intracanalicular fibroadenoma (C50._),,false,false,,true
4183,153,I,9195/3,morphology,"Intracortical osteosarcoma (C40._, C41._)",,"Intracortical osteosarcoma (C40._, C41._)",,false,false,,true
4184,153,I,C70.0,topography,Intracranial,,arachnoid,,false,false,,false
4185,153,I,C70.0,topography,Intracranial,,meninges,,false,false,,false
4186,153,I,C71.9,topography,Intracranial,,site,,false,false,,false
4187,153,I,8504/2,morphology,Intracystic,,"carcinoma, noninfiltrating",,false,false,,false
4188,153,I,8504/3,morphology,Intracystic,,"carcinoma, NOS",,false,false,,false
4189,153,I,8504/3,morphology,Intracystic,,"carcinoma, papillary",,false,false,,false
4190,153,I,8504/3,morphology,Intracystic,Papillary,adenocarcinoma,,false,false,,false
4191,153,I,8504/0,morphology,Intracystic,Papillary,adenoma,,false,false,,false
4192,153,I,8503/2,morphology,Intracystic,Papillary,tumor with high grade dysplasia (C23.9),C23.9,false,false,,false
4193,153,I,8503/2,morphology,Intracystic,Papillary,tumor with high grade intraepithelial neoplasia (C23.9),C23.9,false,false,,false
4194,153,I,8504/3,morphology,Intracystic,Papillary neoplasm,carcinoma,,false,false,,false
4195,153,I,8503/3,morphology,Intracystic,Papillary neoplasm,with associated invasive carcinoma (C23.9),C23.9,false,false,,false
4196,153,I,8503/2,morphology,Intracystic,Papillary neoplasm,with high grade intraepithelial neoplasia (C23.9),C23.9,false,false,,false
4197,153,I,8503/0,morphology,Intracystic,Papillary neoplasm,with intermediate grade intraepithelial neoplasia (C23.9),C23.9,false,false,,false
4198,153,I,8503/0,morphology,Intracystic,Papillary neoplasm,with low grade intraepithelial neoplasia (C23.9),C23.9,false,false,,false
4199,153,I,8504/0,morphology,Intracystic,,papilloma,,false,false,,false
4200,153,I,8750/0,morphology,Intradermal nevus (C44._),,Intradermal nevus (C44._),,false,false,,true
4201,153,I,8500/2,morphology,Intraductal,Adenocarcinoma,"noninfiltrating, NOS",,false,false,,false
4202,153,I,8503/2,morphology,Intraductal,Adenocarcinoma,noninfiltrating papillary (C50._),,false,false,,false
4203,153,I,8503/2,morphology,Intraductal,Adenocarcinoma,"papillary, noninfiltrating (C50._)",,false,false,,false
4204,153,I,8503/2,morphology,Intraductal,Adenocarcinoma,"papillary, NOS (C50._)",,false,false,,false
4205,153,I,8503/3,morphology,Intraductal,Adenocarcinoma,"papillary, with invasion (C50._)",,false,false,,false
4206,153,I,8522/3,morphology,Intraductal,,and lobular carcinoma (C50._),,false,false,,false
4207,153,I,8500/2,morphology,Intraductal,Carcinoma,NOS (C50._),,false,false,,false
4208,153,I,8522/2,morphology,Intraductal,Carcinoma,and lobular carcinoma in situ (C50._),,false,false,,false
4209,153,I,8543/3,morphology,Intraductal,Carcinoma,"and Paget disease, breast (C50._)",,false,false,,false
4210,153,I,8507/2,morphology,Intraductal,Carcinoma,clinging (C50._),,false,false,,false
4211,153,I,8507/2,morphology,Intraductal,Carcinoma,micropapillary (C50._),,false,false,,false
4212,153,I,8500/2,morphology,Intraductal,Carcinoma,"noninfiltrating, NOS",,false,false,,false
4213,153,I,8230/2,morphology,Intraductal,Carcinoma,solid type,,false,false,,false
4214,153,I,8503/2,morphology,Intraductal,,"neoplasm, tubular-papillary, high grade",,false,false,,false
4215,153,I,8503/0,morphology,Intraductal,,"neoplasm, tubular-papillary, low grade",,false,false,,false
4216,153,I,8503/2,morphology,Intraductal,Papillary,"carcinoma, NOS (C50._)",,false,false,,false
4217,153,I,8503/2,morphology,Intraductal,Papillary,tumor with high grade dysplasia,,false,false,,false
4218,153,I,8503/2,morphology,Intraductal,Papillary,tumor with high grade intraepithelial neoplasia,,false,false,,false
4219,153,I,8503/2,morphology,Intraductal,Papillary adenocarcinoma,NOS (C50._),,false,false,,false
4220,153,I,8503/2,morphology,Intraductal,Papillary adenocarcinoma,noninfiltrating (C50._),,false,false,,false
4221,153,I,8503/3,morphology,Intraductal,Papillary adenocarcinoma,with invasion (C50._),,false,false,,false
4222,153,I,8453/0,morphology,Intraductal,Papillary-mucinous,adenoma (C25._),,false,false,,false
4223,153,I,8453/3,morphology,Intraductal,Papillary-mucinous,"carcinoma, invasive (C25._)",,false,false,,false
4224,153,I,8453/2,morphology,Intraductal,Papillary-mucinous,"carcinoma, non-invasive (C25._)",,false,false,,false
4225,153,I,8453/0,morphology,Intraductal,Papillary-mucinous,tumor with low grade dysplasia,,false,false,,false
4226,153,I,8453/0,morphology,Intraductal,Papillary-mucinous,tumor with moderate dysplasia (C25._),,false,false,,false
4227,153,I,8453/3,morphology,Intraductal,Papillary-mucinous neoplasm,with an associated invasive carcinoma,,false,false,,false
4228,153,I,8453/2,morphology,Intraductal,Papillary-mucinous neoplasm,with high grade dysplasia,,false,false,,false
4229,153,I,8453/0,morphology,Intraductal,Papillary-mucinous neoplasm,with low grade dysplasia (C25._),,false,false,,false
4230,153,I,8453/0,morphology,Intraductal,Papillary-mucinous neoplasm,with moderate dysplasia (C25._),,false,false,,false
4231,153,I,8503/0,morphology,Intraductal,Papillary neoplasm,NOS,,false,false,,false
4232,153,I,8503/3,morphology,Intraductal,Papillary neoplasm,with associated invasive carcinoma,,false,false,,false
4233,153,I,8503/2,morphology,Intraductal,Papillary neoplasm,with high grade dysplasia,,false,false,,false
4234,153,I,8503/2,morphology,Intraductal,Papillary neoplasm,with high grade intraepithelial neoplasia,,false,false,,false
4235,153,I,8503/0,morphology,Intraductal,Papillary neoplasm,"with intermediate grade neoplasia (C22._, C24.0)",,false,false,,false
4236,153,I,8503/0,morphology,Intraductal,Papillary neoplasm,"with low grade intraepithelial neoplasia (C22._, C24.0)",,false,false,,false
4237,153,I,8503/0,morphology,Intraductal,,papilloma,,false,false,,false
4238,153,I,8505/0,morphology,Intraductal,,"papillomatosis, diffuse",,false,false,,false
4239,153,I,8505/0,morphology,Intraductal,,"papillomatosis, NOS",,false,false,,false
4240,153,I,8503/2,morphology,Intraductal,,"tubular-papillary neoplasm, high grade",,false,false,,false
4241,153,I,8503/0,morphology,Intraductal,,"tubular-papillary neoplasm, low grade",,false,false,,false
4242,153,I,8070/2,morphology,Intraepidermal,,"carcinoma, NOS",,false,false,,false
4243,153,I,8096/0,morphology,Intraepidermal,,epithelioma of Jadassohn (C44._),,false,false,,false
4244,153,I,8740/0,morphology,Intraepidermal,,nevus (C44._),,false,false,,false
4245,153,I,8081/2,morphology,Intraepidermal,,"squamous cell carcinoma, Bowen type (C44._)",,false,false,,false
4246,153,I,8010/2,morphology,"Intraepithelial carcinoma, NOS",,"Intraepithelial carcinoma, NOS",,false,false,,true
4247,153,I,8077/0,morphology,Intraepithelial neoplasia,,"anal, low grade (C21.1)",C21.1,false,false,,false
4248,154,I,8148/2,morphology,Intraepithelial neoplasia,Biliary,grade 3 (BilIN-3),,false,false,,false
4249,154,I,8148/2,morphology,Intraepithelial neoplasia,Biliary,high grade,,false,false,,false
4250,154,I,8148/0,morphology,Intraepithelial neoplasia,Biliary,low grade,,false,false,,false
4251,154,I,8077/0,morphology,Intraepithelial neoplasia,,"cervical, low grade (C53._)",,false,false,,false
4252,154,I,8148/2,morphology,Intraepithelial neoplasia,,"esophageal, high grade (C15._)",,false,false,,false
4253,154,I,8148/2,morphology,Intraepithelial neoplasia,,"flat, high grade",,false,false,,false
4254,154,I,8148/2,morphology,Intraepithelial neoplasia,Glandular,"esophageal, high grade (C15._)",,false,false,,false
4255,154,I,8148/2,morphology,Intraepithelial neoplasia,Glandular,"flat, high grade (C24.1)",C24.1,false,false,,false
4256,154,I,8148/0,morphology,Intraepithelial neoplasia,Glandular,grade I,,false,false,,false
4257,154,I,8148/0,morphology,Intraepithelial neoplasia,Glandular,grade II,,false,false,,false
4258,154,I,8148/2,morphology,Intraepithelial neoplasia,Glandular,grade III,,false,false,,false
4259,154,I,8148/2,morphology,Intraepithelial neoplasia,Glandular,high grade,,false,false,,false
4260,154,I,8148/0,morphology,Intraepithelial neoplasia,Glandular,low grade,,false,false,,false
4261,154,I,8148/2,morphology,Intraepithelial neoplasia,,grade 3 biliary (BilIN-3),,false,false,,false
4262,154,I,8148/2,morphology,Intraepithelial neoplasia,,high grade biliary,,false,false,,false
4263,154,I,8077/0,morphology,Intraepithelial neoplasia,Low grade,anal (C21.1),C21.1,false,false,,false
4264,154,I,8148/0,morphology,Intraepithelial neoplasia,Low grade,biliary,,false,false,,false
4265,154,I,8077/0,morphology,Intraepithelial neoplasia,Low grade,cervical (C53._),,false,false,,false
4266,154,I,8470/2,morphology,Intraepithelial neoplasia,Mucinous cystic neoplasm,with high grade (C22._),,false,false,,false
4267,154,I,8470/0,morphology,Intraepithelial neoplasia,Mucinous cystic neoplasm,with intermediate grade (C22._),,false,false,,false
4268,154,I,8470/0,morphology,Intraepithelial neoplasia,Mucinous cystic neoplasm,with low grade (C22._),,false,false,,false
4269,154,I,8503/2,morphology,Intraepithelial neoplasia,Papillary neoplasm,"intracystic, with high grade (C23.9)",C23.9,false,false,,false
4270,154,I,8503/0,morphology,Intraepithelial neoplasia,Papillary neoplasm,"intracystic, with intermediate grade (C23.9)",C23.9,false,false,,false
4271,154,I,8503/2,morphology,Intraepithelial neoplasia,Papillary neoplasm,"intraductal, with high grade",,false,false,,false
4272,154,I,8503/0,morphology,Intraepithelial neoplasia,Papillary neoplasm,"intraductal, with low grade (C22._, C24.0)",,false,false,,false
4273,154,I,8503/0,morphology,Intraepithelial neoplasia,Papillary neoplasm,"intraglandular, with low grade (C22.1, C24.0)",,false,false,,false
4274,154,I,8077/2,morphology,Intraepithelial neoplasia,Squamous,"esophageal, high grade (C15._)",,false,false,,false
4275,154,I,8077/0,morphology,Intraepithelial neoplasia,Squamous,"esophageal, low grade (C15._)",,false,false,,false
4276,154,I,8077/0,morphology,Intraepithelial neoplasia,Squamous,grade I,,false,false,,false
4277,154,I,8077/0,morphology,Intraepithelial neoplasia,Squamous,grade II,,false,false,,false
4278,154,I,8077/2,morphology,Intraepithelial neoplasia,Squamous,high grade,,false,false,,false
4279,154,I,8077/2,morphology,Intraepithelial neoplasia,Squamous,high grade esophageal (C15._),,false,false,,false
4280,154,I,8077/0,morphology,Intraepithelial neoplasia,Squamous,low grade,,false,false,,false
4281,154,I,8077/0,morphology,Intraepithelial neoplasia,Squamous,low grade esophageal (C15._),,false,false,,false
4282,154,I,8503/2,morphology,Intraepithelial neoplasia,,"tumor, intracystic papillary, with high grade (C23.9)",C23.9,false,false,,false
4283,154,I,8500/2,morphology,"Intraepithelial neoplasia 3, ductal (C50._)",,"Intraepithelial neoplasia 3, ductal (C50._)",,false,false,,true
4284,154,I,8077/2,morphology,"Intraepithelial neoplasia, grade III",,anal (C21.1),C21.1,false,false,,false
4285,154,I,8077/2,morphology,"Intraepithelial neoplasia, grade III",,cervical (C53._),,false,false,,false
4286,154,I,8148/2,morphology,"Intraepithelial neoplasia, grade III",,glandular,,false,false,,false
4287,154,I,8148/2,morphology,"Intraepithelial neoplasia, grade III",,prostatic (C61.9),C61.9,false,false,,false
4288,154,I,8077/2,morphology,"Intraepithelial neoplasia, grade III, continued",,squamous,,false,false,,false
4289,154,I,8077/2,morphology,"Intraepithelial neoplasia, grade III, continued",,vaginal (C52._),,false,false,,false
4290,154,I,8077/2,morphology,"Intraepithelial neoplasia, grade III, continued",,vulvar (C51._),,false,false,,false
4291,154,I,,,"Intraepithelial neoplasia, grade III, continued",,"/2 Intraepithelial (see behavior code, section 4.3.3)",,false,false,,false
4292,154,I,8070/2,morphology,Intraepithelial squamous cell carcinoma,,Intraepithelial squamous cell carcinoma,,false,false,,true
4293,154,I,8503/0,morphology,Intraglandular papillary neoplasm with low,,"Intraglandular papillary neoplasm with low grade intraepithelial neoplasia (C22.1, C24.0)",,false,false,,true
4294,154,I,C22.1,topography,Intrahepatic bile duct,,Intrahepatic bile duct,,false,false,,true
4295,154,I,9132/0,morphology,Intramuscular hemangioma,,Intramuscular hemangioma,,false,false,,true
4296,154,I,8856/0,morphology,Intramuscular lipoma,,Intramuscular lipoma,,false,false,,true
4297,154,I,9571/0,morphology,Intraneural perineurioma,,Intraneural perineurioma,,false,false,,true
4298,154,I,C69.4,topography,Intraocular,,Intraocular,,false,false,,true
4299,154,I,9270/3,morphology,Intraosseous,,"carcinoma, primary (C41.1)",C41.1,false,false,,false
4300,154,I,9187/3,morphology,Intraosseous,,"osteosarcoma, low grade (C40._, C41._)",,false,false,,false
4301,154,I,9187/3,morphology,Intraosseous,,"osteosarcoma, well differentiated (C40._, C41._)",,false,false,,false
4302,154,I,C77.5,topography,Intrapelvic lymph node,,Intrapelvic lymph node,,false,false,,true
4303,154,I,C77.1,topography,Intrathoracic lymph node,,Intrathoracic lymph node,,false,false,,true
4304,154,I,C76.1,topography,"Intrathoracic site, NOS",,"Intrathoracic site, NOS",,false,false,,true
4305,154,I,9064/2,morphology,Intratubular germ cell neoplasia (C62._),,Intratubular germ cell neoplasia (C62._),,false,false,,true
4306,154,I,9064/2,morphology,Intratubular malignant germ cells (C62._),,Intratubular malignant germ cells (C62._),,false,false,,true
4307,154,I,9133/3,morphology,Intravascular bronchial alveolar tumor,,Intravascular bronchial alveolar tumor (C34._) [obs],,true,false,,true
4308,154,I,8890/1,morphology,Intravascular leiomyomatosis,,Intravascular leiomyomatosis,,false,false,,true
4309,154,I,C32.0,topography,Intrinsic larynx,,Intrinsic larynx,,false,false,,true
4310,154,I,8503/3,morphology,"Invasion, intraductal papillary",,"Invasion, intraductal papillary adenocarcinoma with (C50._)",,false,false,,true
4311,154,I,8821/1,morphology,Invasive,,fibroma,,false,false,,false
4312,154,I,9100/1,morphology,Invasive,,hydatidiform mole (C58.9),C58.9,false,false,,false
4313,154,I,8453/3,morphology,Invasive,,intraductal papillary-mucinous carcinoma (C25._),,false,false,,false
4314,154,I,9100/1,morphology,Invasive,,"mole, NOS (C58.9)",C58.9,false,false,,false
4315,154,I,8503/3,morphology,Invasive carcinoma,,intracystic papillary tumor with associated (C23.9),C23.9,false,false,,false
4316,154,I,8453/3,morphology,Invasive carcinoma,,intraductal papillary-mucinous neoplasm with associated,,false,false,,false
4317,154,I,8503/3,morphology,Invasive carcinoma,,intraductal papillary neoplasm with associated,,false,false,,false
4318,154,I,,,Inverted,,follicular keratosis (see SNOMED),,false,true,,false
4319,154,I,8053/0,morphology,Inverted,,"papilloma, squamous cell",,false,false,,false
4320,154,I,8121/1,morphology,Inverted,,"Schneiderian papilloma (C30.0, C31._)",,false,false,,false
4321,154,I,8121/0,morphology,Inverted,,"transitional cell papilloma, benign",,false,false,,false
4322,154,I,8121/1,morphology,Inverted,,"transitional cell papilloma, NOS",,false,false,,false
4323,155,I,8121/1,morphology,Inverted,,"transitional papilloma, NOS",,false,false,,false
4324,155,I,9160/0,morphology,Involuting nevus (C44._),,Involuting nevus (C44._) [obs],,true,false,,true
4325,155,I,C69.4,topography,Iris,,Iris,,false,false,,true
4326,155,I,C76.3,topography,Ischiorectal fossa,,Ischiorectal fossa,,false,false,,true
4327,155,I,C41.4,topography,Ischium,,Ischium,,false,false,,true
4328,155,I,C71.0,topography,Island of Reil,,Island of Reil,,false,false,,true
4329,155,I,C25.4,topography,Islands of Langerhans,,Islands of Langerhans,,false,false,,true
4330,155,I,8150/3,morphology,Islet cell,,adenocarcinoma (C25._),,false,false,,false
4331,155,I,8150/0,morphology,Islet cell,,adenoma (C25._),,false,false,,false
4332,155,I,8150/0,morphology,Islet cell,,adenomatosis (C25._),,false,false,,false
4333,155,I,8154/3,morphology,Islet cell,,"and exocrine adenocarcinoma, mixed (C25._)",,false,false,,false
4334,155,I,8150/3,morphology,Islet cell,,carcinoma (C25._),,false,false,,false
4335,155,I,8150/0,morphology,Islet cell,,"tumor, benign (C25._)",,false,false,,false
4336,155,I,8150/1,morphology,Islet cell,,"tumor, NOS (C25._)",,false,false,,false
4337,155,I,C25.4,topography,Islets of Langerhans,,Islets of Langerhans,,false,false,,true
4338,155,I,9986/3,morphology,"Isolated del (5q), myelodysplastic syndrome",,"Isolated del (5q), myelodysplastic syndrome with",,false,false,,true
4339,155,I,C54.0,topography,Isthmus uteri,,Isthmus uteri,,false,false,,true
4340,155,J,8780/0,morphology,Jadassohn,,blue nevus (C44._),,false,false,,false
4341,155,J,8096/0,morphology,Jadassohn,,intraepidermal epithelioma (C44._),,false,false,,false
4342,155,J,,,Jadassohn,,nevus sebaceus (see SNOMED),,false,true,,false
4343,155,J,C76.0,topography,Jaw,,NOS,,false,false,,false
4344,155,J,C41.1,topography,Jaw,,"bone, lower",,false,false,,false
4345,155,J,C41.1,topography,Jaw,,"bone, NOS",,false,false,,false
4346,155,J,C41.0,topography,Jaw,,"bone, upper",,false,false,,false
4347,155,J,C44.3,topography,Jaw,,skin,,false,false,,false
4348,155,J,C17.1,topography,Jejunum,,Jejunum,,false,false,,true
4349,155,J,,,Jejunum,,"Jessner, benign lymphocytic infiltrate (see SNOMED)",,false,true,,false
4350,155,J,C41.9,topography,Joint,,NOS,,false,false,,false
4351,155,J,C40.0,topography,Joint,,acromioclavicular,,false,false,,false
4352,155,J,C40.3,topography,Joint,,ankle,,false,false,,false
4353,155,J,C41.3,topography,Joint,,costovertebral,,false,false,,false
4354,155,J,C40.0,topography,Joint,,elbow,,false,false,,false
4355,155,J,C40.3,topography,Joint,,foot,,false,false,,false
4356,155,J,C40.1,topography,Joint,,hand,,false,false,,false
4357,155,J,C41.4,topography,Joint,,hip,,false,false,,false
4358,155,J,C40.2,topography,Joint,,"knee, lateral meniscus",,false,false,,false
4359,155,J,C40.2,topography,Joint,,"knee, medial meniscus",,false,false,,false
4360,155,J,C40.2,topography,Joint,,"knee, NOS",,false,false,,false
4361,155,J,C40.9,topography,Joint,,"limb, NOS",,false,false,,false
4362,155,J,C40.0,topography,Joint,,shoulder,,false,false,,false
4363,155,J,C41.3,topography,Joint,,sternocostal,,false,false,,false
4364,155,J,C41.1,topography,Joint,,temporomandibular,,false,false,,false
4365,155,J,C40.1,topography,Joint,,wrist,,false,false,,false
4366,155,J,8690/1,morphology,"Jugulare tumor, glomus, NOS",,"Jugulare tumor, glomus, NOS (C75.5)",C75.5,false,false,,true
4367,155,J,C77.0,topography,Jugular lymph node,,Jugular lymph node,,false,false,,true
4368,155,J,8690/1,morphology,Jugular paraganglioma,,Jugular paraganglioma (C75.5),C75.5,false,false,,true
4369,155,J,8690/1,morphology,Jugulotympanic paraganglioma,,Jugulotympanic paraganglioma (C75.5),C75.5,false,false,,true
4370,155,J,C21.8,topography,Junction,,anorectal,,false,false,,false
4371,155,J,C16.0,topography,Junction,,cardioesophageal,,false,false,,false
4372,155,J,C16.0,topography,Junction,,esophagogastric,,false,false,,false
4373,155,J,C16.0,topography,Junction,,gastroesophageal,,false,false,,false
4374,155,J,C05.8,topography,Junction,,hard and soft palate,,false,false,,false
4375,155,J,C18.0,topography,Junction,,ileocecal,,false,false,,false
4376,155,J,C19.9,topography,Junction,,pelvirectal,,false,false,,false
4377,155,J,C65.9,topography,Junction,,pelviureteric,,false,false,,false
4378,155,J,C19.9,topography,Junction,,rectosigmoid,,false,false,,false
4379,155,J,C05.8,topography,Junction,,soft and hard palate,,false,false,,false
4380,155,J,C53.8,topography,Junction,,squamocolumnar of cervix,,false,false,,false
4381,155,J,8740/3,morphology,"Junctional nevus, malignant melanoma in",,"Junctional nevus, malignant melanoma in (C44._)",,false,false,,true
4382,155,J,8740/0,morphology,"Junctional nevus, NOS (C44._)",,"Junctional nevus, NOS (C44._)",,false,false,,true
4383,155,J,C10.8,topography,Junctional region of oropharynx,,Junctional region of oropharynx,,false,false,,true
4384,155,J,C02.8,topography,Junctional zone of tongue,,Junctional zone of tongue,,false,false,,true
4385,155,J,8740/0,morphology,Junction nevus (C44._),,Junction nevus (C44._),,false,false,,true
4386,155,J,9160/0,morphology,Juvenile,,angiofibroma,,false,false,,false
4387,155,J,,,Juvenile,,aponeurotic fibroma (see SNOMED),,false,true,,false
4388,155,J,9421/1,morphology,Juvenile,,astrocytoma (C71._),,false,false,,false
4389,155,J,8502/3,morphology,Juvenile,,"carcinoma, breast (C50._)",,false,false,,false
4390,155,J,9030/0,morphology,Juvenile,,fibroadenoma (C50._),,false,false,,false
4391,155,J,8622/1,morphology,Juvenile,,granulosa cell tumor (C56.9),C56.9,false,false,,false
4392,155,J,9131/0,morphology,Juvenile,,hemangioma,,false,false,,false
4393,155,J,8831/0,morphology,Juvenile,,histiocytoma,,false,false,,false
4394,155,J,8770/0,morphology,Juvenile,,melanoma (C44._),,false,false,,false
4395,155,J,8770/0,morphology,Juvenile,,nevus (C44._),,false,false,,false
4396,155,J,,,Juvenile,,polyp (see SNOMED),,false,true,,false
4397,155,J,,,Juvenile,,xanthogranuloma (see SNOMED),,false,true,,false
4398,155,J,9221/0,morphology,Juxtacortical,,"chondroma (C40._, C41._)",,false,false,,false
4399,155,J,9221/3,morphology,Juxtacortical,,"chondrosarcoma (C40._, C41._)",,false,false,,false
4400,155,J,9192/3,morphology,Juxtacortical,,"osteosarcoma (C40._, C41._)",,false,false,,false
4401,155,J,8361/0,morphology,Juxtaglomerular tumor,,Juxtaglomerular tumor (C64.9),C64.9,false,false,,true
4402,156,K,9130/1,morphology,Kaposiform hemangioendothelioma,,Kaposiform hemangioendothelioma,,false,false,,true
4403,156,K,9140/3,morphology,Kaposi sarcoma,,Kaposi sarcoma,,false,false,,true
4404,156,K,,,Kaposi sarcoma,,Keloid (see SNOMED),,false,true,,false
4405,156,K,8071/3,morphology,Keratinizing,,epidermoid carcinoma,,false,false,,false
4406,156,K,8071/3,morphology,Keratinizing,,"squamous cell carcinoma, large cell",,false,false,,false
4407,156,K,8071/3,morphology,Keratinizing,,"squamous cell carcinoma, NOS",,false,false,,false
4408,156,K,,,Keratinizing,,"Keratoacanthoma, NOS (see SNOMED)",,false,true,,false
4409,156,K,,,Keratinizing,,Keratocyst (see SNOMED),,false,true,,false
4410,156,K,,,Keratosis,,NOS (see SNOMED),,false,true,,false
4411,156,K,,,Keratosis,,actinic (see SNOMED),,false,true,,false
4412,156,K,,,Keratosis,,benign squamous (see SNOMED),,false,true,,false
4413,156,K,,,Keratosis,,inverted follicular (see SNOMED),,false,true,,false
4414,156,K,,,Keratosis,,obturans (see SNOMED),,false,true,,false
4415,156,K,,,Keratosis,,seborrheic (see SNOMED),,false,true,,false
4416,156,K,,,Keratosis,,senile (see SNOMED),,false,true,,false
4417,156,K,9142/0,morphology,"Keratotic hemangioma, verrucous",,"Keratotic hemangioma, verrucous",,false,false,,true
4418,156,K,8052/0,morphology,Keratotic papilloma,,Keratotic papilloma,,false,false,,true
4419,156,K,C64.9,topography,Kidney,,NOS,,false,false,,false
4420,156,K,C64.9,topography,Kidney,,parenchyma,,false,false,,false
4421,156,K,C65.9,topography,Kidney,,pelvis,,false,false,,false
4422,156,K,8162/3,morphology,"Klatskin tumor (C22.1, C24.0)",,"Klatskin tumor (C22.1, C24.0)",,false,false,,true
4423,156,K,C76.5,topography,Knee,,NOS,,false,false,,false
4424,156,K,C44.7,topography,Knee,,"NOS (carcinoma, melanoma, nevus)",,false,false,,false
4425,156,K,C49.2,topography,Knee,,"NOS (sarcoma, lipoma)",,false,false,,false
4426,156,K,C49.2,topography,Knee,,adipose tissue,,false,false,,false
4427,156,K,C47.2,topography,Knee,,autonomic nervous system,,false,false,,false
4428,156,K,C49.2,topography,Knee,,connective tissue,,false,false,,false
4429,156,K,C49.2,topography,Knee,,fatty tissue,,false,false,,false
4430,156,K,C49.2,topography,Knee,,fibrous tissue,,false,false,,false
4431,156,K,C40.2,topography,Knee,,"joint, lateral meniscus",,false,false,,false
4432,156,K,C40.2,topography,Knee,,"joint, medial meniscus",,false,false,,false
4433,156,K,C40.2,topography,Knee,,"joint, NOS",,false,false,,false
4434,156,K,C40.3,topography,Knee,,patella,,false,false,,false
4435,156,K,C47.2,topography,Knee,,peripheral nerve,,false,false,,false
4436,156,K,C44.7,topography,Knee,,skin,,false,false,,false
4437,156,K,C49.2,topography,Knee,,soft tissue,,false,false,,false
4438,156,K,C49.2,topography,Knee,,subcutaneous tissue,,false,false,,false
4439,156,K,C49.2,topography,Knee,,tendon,,false,false,,false
4440,156,K,C49.2,topography,Knee,,tendon sheath,,false,false,,false
4441,156,K,8490/6,morphology,Krukenberg tumor,,Krukenberg tumor (C56.9),C56.9,false,false,,true
4442,156,K,9124/3,morphology,Kupffer cell sarcoma,,Kupffer cell sarcoma (C22.0),C22.0,false,false,,true
4443,156,L,C51.9,topography,Labia,,NOS,,false,false,,false
4444,156,L,C51.0,topography,Labia,,"majora, NOS",,false,false,,false
4445,156,L,C51.0,topography,Labia,,"majora, skin",,false,false,,false
4446,156,L,C51.1,topography,Labia,,minora,,false,false,,false
4447,156,L,C00.6,topography,Labial commissure,,Labial commissure,,false,false,,true
4448,156,L,C06.1,topography,Labial sulcus,,Labial sulcus,,false,false,,true
4449,156,L,C51.9,topography,Labium,,NOS,,false,false,,false
4450,156,L,C51.0,topography,Labium,,majus,,false,false,,false
4451,156,L,C51.1,topography,Labium,,minus,,false,false,,false
4452,156,L,C69.5,topography,Lacrimal,,"duct, nasal",,false,false,,false
4453,156,L,C69.5,topography,Lacrimal,,"duct, NOS",,false,false,,false
4454,156,L,C69.5,topography,Lacrimal,,gland,,false,false,,false
4455,156,L,C69.5,topography,Lacrimal,,sac,,false,false,,false
4456,156,L,8204/0,morphology,Lactating adenoma (C50._),,Lactating adenoma (C50._),,false,false,,true
4457,156,L,9751/3,morphology,Langerhans cell,,"granulomatosis, NOS [obs]",,true,false,,false
4458,156,L,9751/3,morphology,Langerhans cell,,"granulomatosis, unifocal [obs]",,true,false,,false
4459,156,L,9751/3,morphology,Langerhans cell,Histiocytosis,NOS,,false,false,,false
4460,156,L,9751/3,morphology,Langerhans cell,Histiocytosis,disseminated [obs],,true,false,,false
4461,156,L,9751/3,morphology,Langerhans cell,Histiocytosis,generalized [obs],,true,false,,false
4462,156,L,9751/3,morphology,Langerhans cell,Histiocytosis,mono-ostotic [obs],,true,false,,false
4463,156,L,9751/3,morphology,Langerhans cell,Histiocytosis,multifocal [obs],,true,false,,false
4464,156,L,9751/3,morphology,Langerhans cell,Histiocytosis,poly-ostotic [obs],,true,false,,false
4465,156,L,9751/3,morphology,Langerhans cell,Histiocytosis,unifocal [obs],,true,false,,false
4466,156,L,9756/3,morphology,Langerhans cell,,sarcoma,,false,false,,false
4467,156,L,C25.4,topography,"Langerhans, islands",,"Langerhans, islands",,false,false,,true
4468,156,L,C25.4,topography,"Langerhans, islets",,"Langerhans, islets",,false,false,,true
4469,156,L,C18.9,topography,"Large bowel, NOS",,"Large bowel, NOS",,false,false,,true
4470,156,L,8642/1,morphology,Large cell calcifying Sertoli cell tumor,,Large cell calcifying Sertoli cell tumor,,false,false,,true
4471,156,L,8012/3,morphology,Large cell carcinoma,,NOS,,false,false,,false
4472,156,L,8072/3,morphology,Large cell carcinoma,,"epidermoid, nonkeratinizing",,false,false,,false
4473,156,L,8013/3,morphology,Large cell carcinoma,,neuroendocrine,,false,false,,false
4474,156,L,8071/3,morphology,Large cell carcinoma,,"squamous cell, keratinizing",,false,false,,false
4475,156,L,8072/3,morphology,Large cell carcinoma,,"squamous cell, nonkeratinizing, NOS",,false,false,,false
4476,156,L,8014/3,morphology,Large cell carcinoma,,with rhabdoid phenotype,,false,false,,false
4477,156,L,9474/3,morphology,Large cell medulloblastoma,,Large cell medulloblastoma (C71.6),C71.6,false,false,,true
4478,156,L,8045/3,morphology,"Large cell-small cell carcinoma, combined",,"Large cell-small cell carcinoma, combined (C34._)",,false,false,,true
4479,156,L,9831/3,morphology,"Large granular lymphocytic leukemia, NK",,"Large granular lymphocytic leukemia, NK cell",,false,false,,true
4480,156,L,9831/3,morphology,"Large granular lymphocytic leukemia,",,"Large granular lymphocytic leukemia,",,false,false,,true
4481,157,L,9831/3,morphology,"Large granular lymphocytosis, T-cell",,"Large granular lymphocytosis, T-cell",,false,false,,true
4482,157,L,C18.9,topography,"Large intestine (excludes rectum, NOS C20.9",,"Large intestine (excludes rectum, NOS C20.9 and rectosigmoid junction C19.9)",,false,false,,true
4483,157,L,C32.1,topography,Laryngeal,,aspect of aryepiglottic fold,,false,false,,false
4484,157,L,C32.3,topography,Laryngeal,,cartilage,,false,false,,false
4485,157,L,C32.0,topography,Laryngeal,,commissure,,false,false,,false
4486,157,L,C13.9,topography,Laryngopharynx,,Laryngopharynx,,false,false,,true
4487,157,L,C32.9,topography,Larynx,,NOS,,false,false,,false
4488,157,L,C32.3,topography,Larynx,,arytenoid cartilage,,false,false,,false
4489,157,L,C32.3,topography,Larynx,,cricoid cartilage,,false,false,,false
4490,157,L,C32.3,topography,Larynx,,cuneiform cartilage,,false,false,,false
4491,157,L,C32.1,topography,Larynx,,"epiglottis, NOS (excludes anterior surface of epiglottis C10.1)",,false,false,,false
4492,157,L,C32.1,topography,Larynx,,"epiglottis, posterior surface",,false,false,,false
4493,157,L,C32.1,topography,Larynx,,extrinsic,,false,false,,false
4494,157,L,C32.1,topography,Larynx,,false cord,,false,false,,false
4495,157,L,C32.1,topography,Larynx,,false vocal cord,,false,false,,false
4496,157,L,C32.0,topography,Larynx,,glottis,,false,false,,false
4497,157,L,C32.0,topography,Larynx,,intrinsic,,false,false,,false
4498,157,L,C32.1,topography,Larynx,,laryngeal aspect of aryepiglottic fold,,false,false,,false
4499,157,L,C32.3,topography,Larynx,,laryngeal cartilage,,false,false,,false
4500,157,L,C32.0,topography,Larynx,,laryngeal commissure,,false,false,,false
4501,157,L,C32.2,topography,Larynx,,subglottis,,false,false,,false
4502,157,L,C32.1,topography,Larynx,,supraglottis,,false,false,,false
4503,157,L,C32.3,topography,Larynx,,thyroid cartilage,,false,false,,false
4504,157,L,C32.0,topography,Larynx,,true cord,,false,false,,false
4505,157,L,C32.0,topography,Larynx,,true vocal cord,,false,false,,false
4506,157,L,C32.1,topography,Larynx,,ventricular band,,false,false,,false
4507,157,L,C32.0,topography,Larynx,,"vocal cord, NOS",,false,false,,false
4508,157,L,C04.1,topography,Lateral,,floor of mouth,,false,false,,false
4509,157,L,C40.2,topography,Lateral,,meniscus of knee joint,,false,false,,false
4510,157,L,C71.5,topography,Lateral,,"ventricle, choroid plexus",,false,false,,false
4511,157,L,C71.5,topography,Lateral,,"ventricle, NOS",,false,false,,false
4512,157,L,C67.2,topography,Lateral wall,,bladder,,false,false,,false
4513,157,L,C10.2,topography,Lateral wall,,mesopharynx,,false,false,,false
4514,157,L,C11.2,topography,Lateral wall,,nasopharynx,,false,false,,false
4515,157,L,C10.2,topography,Lateral wall,,oropharynx,,false,false,,false
4516,157,L,C14.0,topography,Lateral wall,,"pharynx, NOS",,false,false,,false
4517,157,L,C49.3,topography,Latissimus dorsi muscle,,Latissimus dorsi muscle,,false,false,,true
4518,157,L,8152/1,morphology,L-cell tumor,,L-cell tumor,,false,false,,true
4519,157,L,8520/2,morphology,"LCIS, NOS (C50._)",,"LCIS, NOS (C50._)",,false,false,,true
4520,157,L,C18.6,topography,Left colon,,Left colon,,false,false,,true
4521,157,L,C76.5,topography,Leg,,NOS,,false,false,,false
4522,157,L,C44.7,topography,Leg,,"NOS (carcinoma, melanoma, nevus)",,false,false,,false
4523,157,L,C49.2,topography,Leg,,"NOS (sarcoma, lipoma)",,false,false,,false
4524,157,L,C49.2,topography,Leg,,adipose tissue,,false,false,,false
4525,157,L,C47.2,topography,Leg,,autonomic nervous system,,false,false,,false
4526,157,L,C40.2,topography,Leg,,bone,,false,false,,false
4527,157,L,C49.2,topography,Leg,,connective tissue,,false,false,,false
4528,157,L,C49.2,topography,Leg,,fatty tissue,,false,false,,false
4529,157,L,C49.2,topography,Leg,,fibrous tissue,,false,false,,false
4530,157,L,C77.4,topography,Leg,,lymph node,,false,false,,false
4531,157,L,C49.2,topography,Leg,,muscle,,false,false,,false
4532,157,L,C47.2,topography,Leg,,peripheral nerve,,false,false,,false
4533,157,L,C49.2,topography,Leg,,skeletal muscle,,false,false,,false
4534,157,L,C44.7,topography,Leg,,skin,,false,false,,false
4535,157,L,C49.2,topography,Leg,,soft tissue,,false,false,,false
4536,157,L,C49.2,topography,Leg,,subcutaneous tissue,,false,false,,false
4537,157,L,C49.2,topography,Leg,,tendon,,false,false,,false
4538,157,L,C49.2,topography,Leg,,tendon sheath,,false,false,,false
4539,157,L,8891/0,morphology,Leiomyoblastoma,,Leiomyoblastoma,,false,false,,true
4540,157,L,8890/0,morphology,Leiomyofibroma,,Leiomyofibroma,,false,false,,true
4541,157,L,8890/0,morphology,Leiomyoma,,NOS,,false,false,,false
4542,157,L,8893/0,morphology,Leiomyoma,,atypical,,false,false,,false
4543,157,L,8893/0,morphology,Leiomyoma,,bizarre,,false,false,,false
4544,157,L,8892/0,morphology,Leiomyoma,,cellular,,false,false,,false
4545,157,L,8891/0,morphology,Leiomyoma,,epithelioid,,false,false,,false
4546,157,L,8898/1,morphology,Leiomyoma,,metastasizing,,false,false,,false
4547,157,L,8893/0,morphology,Leiomyoma,,pleomorphic,,false,false,,false
4548,157,L,8890/0,morphology,Leiomyoma,,plexiform,,false,false,,false
4549,157,L,8893/0,morphology,Leiomyoma,,symplastic,,false,false,,false
4550,157,L,8894/0,morphology,Leiomyoma,,vascular,,false,false,,false
4551,157,L,8890/1,morphology,"Leiomyomatosis, intravascular",,"Leiomyomatosis, intravascular",,false,false,,true
4552,157,L,8890/1,morphology,"Leiomyomatosis, NOS",,"Leiomyomatosis, NOS",,false,false,,true
4553,157,L,8890/3,morphology,Leiomyosarcoma,,NOS,,false,false,,false
4554,157,L,8891/3,morphology,Leiomyosarcoma,,epithelioid,,false,false,,false
4555,157,L,8896/3,morphology,Leiomyosarcoma,,myxoid,,false,false,,false
4556,157,L,9702/3,morphology,Lennert lymphoma,,Lennert lymphoma,,false,false,,true
4557,157,L,C69.4,topography,"Lens, crystalline",,"Lens, crystalline",,false,false,,true
4558,157,L,8832/0,morphology,"Lenticulare, dermatofibroma (C44._)",,"Lenticulare, dermatofibroma (C44._)",,false,false,,true
4559,157,L,8744/3,morphology,"Lentiginous melanoma, acral, malignant",,"Lentiginous melanoma, acral, malignant (C44._)",,false,false,,true
4560,157,L,8746/3,morphology,"Lentiginous melanoma, mucosal",,"Lentiginous melanoma, mucosal",,false,false,,true
4561,157,L,,,Lentigo,,NOS (see SNOMED),,false,true,,false
4562,157,L,8742/2,morphology,Lentigo,,maligna (C44._),,false,false,,false
4563,157,L,8742/3,morphology,Lentigo,,maligna melanoma (C44._),,false,false,,false
4564,157,L,9530/3,morphology,Leptomeningeal sarcoma (C70._),,Leptomeningeal sarcoma (C70._),,false,false,,true
4565,157,L,9766/1,morphology,"Lesion, angiocentric immunoproliferative",,"Lesion, angiocentric immunoproliferative",,false,false,,true
4566,157,L,8762/1,morphology,"Lesion, proliferative dermal, in congenital",,"Lesion, proliferative dermal, in congenital nevus (C44._)",,false,false,,true
4567,157,L,C16.5,topography,"Lesser curvature of stomach, NOS (not",,"Lesser curvature of stomach, NOS (not classifiable to C16.1 to C16.4)",,false,false,,true
4568,157,L,9751/3,morphology,Letterer-Siwe disease,,Letterer-Siwe disease [obs],,true,false,,true
4569,157,L,,,Letterer-Siwe disease,,Leucokeratosis (see SNOMED),,false,true,,false
4570,157,L,,,Letterer-Siwe disease,,"Leucoplakia, NOS (see SNOMED)",,false,true,,false
4571,158,L,9800/3,morphology,Leukemia (C42.1),,NOS,,false,false,,false
4572,158,L,9897/3,morphology,Leukemia (C42.1),,"11q23 abnormalities, acute myeloid",,false,false,,false
4573,158,L,9801/3,morphology,Leukemia (C42.1),Acute,NOS,,false,false,,false
4574,158,L,9826/3,morphology,Leukemia (C42.1),Acute,B-ALL (see also 9687/3),,false,false,9687/3,false
4575,158,L,9870/3,morphology,Leukemia (C42.1),Acute,basophilic,,false,false,,false
4576,158,L,9805/3,morphology,Leukemia (C42.1),Acute,bilineal,,false,false,,false
4577,158,L,9805/3,morphology,Leukemia (C42.1),Acute,biphenotypic,,false,false,,false
4578,158,L,9808/3,morphology,Leukemia (C42.1),Acute,"B/myeloid, NOS, mixed phenotype",,false,false,,false
4579,158,L,9826/3,morphology,Leukemia (C42.1),Acute,Burkitt type (see also 9687/3) [obs],,true,false,9687/3,false
4580,158,L,9837/3,morphology,Leukemia (C42.1),Acute,cortical T ALL (see also 9729/3),,false,false,9729/3,false
4581,158,L,9840/3,morphology,Leukemia (C42.1),Acute,erythroid,,false,false,,false
4582,158,L,9861/3,morphology,Leukemia (C42.1),Acute,granulocytic (FAB or WHO type not specified),,false,false,,false
4583,158,L,9835/3,morphology,Leukemia (C42.1),Acute,"L2 type lymphoblastic, NOS (see also 9727/3)",,false,false,9727/3,false
4584,158,L,9835/3,morphology,Leukemia (C42.1),Acute,lymphatic (see also 9727/3) Lymphoblastic,,false,false,9727/3,false
4585,158,L,9835/3,morphology,Leukemia (C42.1),Acute,NOS (see also 9727/3),,false,false,9727/3,false
4586,158,L,9835/3,morphology,Leukemia (C42.1),Acute,"L2 type, NOS (see also 9727/3)",,false,false,9727/3,false
4587,158,L,9826/3,morphology,Leukemia (C42.1),Acute,mature B-cell type (see also 9687/3),,false,false,9687/3,false
4588,158,L,9835/3,morphology,Leukemia (C42.1),Acute,precursor-cell type (see also 9727/3),,false,false,9727/3,false
4589,158,L,9835/3,morphology,Leukemia (C42.1),Acute,lymphocytic (see also 9727/3),,false,false,9727/3,false
4590,158,L,9835/3,morphology,Leukemia (C42.1),Acute,lymphoid (see also 9727/3),,false,false,9727/3,false
4591,158,L,9837/3,morphology,Leukemia (C42.1),Acute,mature T ALL (see also 9729/3),,false,false,9729/3,false
4592,158,L,9910/3,morphology,Leukemia (C42.1),Acute,megakaryoblastic,,false,false,,false
4593,158,L,9805/3,morphology,Leukemia (C42.1),Acute,mixed lineage Mixed phenotype,,false,false,,false
4594,158,L,9808/3,morphology,Leukemia (C42.1),Acute,"B/myeloid, NOS",,false,false,,false
4595,158,L,9809/3,morphology,Leukemia (C42.1),Acute,"T/myeloid, NOS",,false,false,,false
4596,158,L,9806/3,morphology,Leukemia (C42.1),Acute,with t(9;22)(q34;q11.2); BCR-ABL1,,false,false,,false
4597,158,L,9807/3,morphology,Leukemia (C42.1),Acute,with T(v;11q23); MLL rearranged,,false,false,,false
4598,158,L,9891/3,morphology,Leukemia (C42.1),Acute,monoblastic and monocytic,,false,false,,false
4599,158,L,9891/3,morphology,Leukemia (C42.1),Acute,monoblastic (includes all variants) 9871/3 t(16;16)(p13;q11),,false,false,,false
4600,158,L,9891/3,morphology,Leukemia (C42.1),Acute,monocytic and monoblastic,,false,false,,false
4601,158,L,9891/3,morphology,Leukemia (C42.1),Acute,monocytic (includes all variants),,false,false,,false
4602,158,L,9872/3,morphology,Leukemia (C42.1),Acute,myeloblastic,,false,false,,false
4603,158,L,9861/3,morphology,Leukemia (C42.1),Acute,myelocytic (FAB or WHO type not specified),,false,false,,false
4604,158,L,9874/3,morphology,Leukemia (C42.1),Acute,"myelocytic, with maturation",,false,false,,false
4605,158,L,9861/3,morphology,Leukemia (C42.1),Acute,myelogenous (FAB or WHO type not specified) Myeloid,,false,false,,false
4606,158,L,9861/3,morphology,Leukemia (C42.1),Acute,NOS (FAB or WHO type not specified),,false,false,,false
4607,158,L,9897/3,morphology,Leukemia (C42.1),Acute,11q23 abnormalities,,false,false,,false
4608,158,L,9896/3,morphology,Leukemia (C42.1),Acute,AML1(CBF-alpha)/ETO,,false,false,,false
4609,158,L,9871/3,morphology,Leukemia (C42.1),Acute,CBF-beta/MYH11,,false,false,,false
4610,158,L,9895/3,morphology,Leukemia (C42.1),"Acute Myeloid, continued","changes, myelodysplasia- related",,false,false,,false
4611,158,L,9865/3,morphology,Leukemia (C42.1),"Acute Myeloid, continued",DEK-NUP214; t(6;9) (p23;q34),,false,false,,false
4612,158,L,9869/3,morphology,Leukemia (C42.1),"Acute Myeloid, continued",inv(3)(q21;q26.2) or t(3;3) (q21;q26.2); RPN1-EVI1,,false,false,,false
4613,158,L,9871/3,morphology,Leukemia (C42.1),"Acute Myeloid, continued",inv(16)(p13;q22),,false,false,,false
4614,158,L,9840/3,morphology,Leukemia (C42.1),"Acute Myeloid, continued",M6 type,,false,false,,false
4615,158,L,9911/3,morphology,Leukemia (C42.1),"Acute Myeloid, continued",megakaryoblastic with t(1;22)(p13;q13); RBM15- MKL1,,false,false,,false
4616,158,L,9872/3,morphology,Leukemia (C42.1),"Acute Myeloid, continued",minimal differentiation,,false,false,,false
4617,158,L,9897/3,morphology,Leukemia (C42.1),"Acute Myeloid, continued",MLL,,false,false,,false
4618,158,L,9897/3,morphology,Leukemia (C42.1),"Acute Myeloid, continued",MLLT3-MLL; t(9;11) (p22;q23),,false,false,,false
4619,158,L,9861/3,morphology,Leukemia (C42.1),"Acute Myeloid, continued",mutated CEBPA,,false,false,,false
4620,158,L,9861/3,morphology,Leukemia (C42.1),"Acute Myeloid, continued",mutated NPM1,,false,false,,false
4621,158,L,9895/3,morphology,Leukemia (C42.1),"Acute Myeloid, continued",myelodysplasia-related changes,,false,false,,false
4622,158,L,9866/3,morphology,Leukemia (C42.1),"Acute Myeloid, continued",PML/RAR-alpha,,false,false,,false
4623,158,L,9911/3,morphology,Leukemia (C42.1),"Acute Myeloid, continued","RBM15-MKL1; t(1;22)(p13;q13), megakaryoblastic",,false,false,,false
4624,158,L,9869/3,morphology,Leukemia (C42.1),"Acute Myeloid, continued",RPN1-EVI1; t(3;3) (q21;q26.2) or inv(3) (q21;q26.2),,false,false,,false
4625,158,L,9911/3,morphology,Leukemia (C42.1),"Acute Myeloid, continued","t(1;22)(p13;q13); RBM15- MKL1, megakaryoblastic",,false,false,,false
4626,158,L,9869/3,morphology,Leukemia (C42.1),"Acute Myeloid, continued",t(3;3)(q21;q26.2) or inv(3) (q21;q26.2); RPN1-EVI1,,false,false,,false
4627,158,L,9865/3,morphology,Leukemia (C42.1),"Acute Myeloid, continued",t(6;9)(p23;q34); DEK- NUP214,,false,false,,false
4628,158,L,9896/3,morphology,Leukemia (C42.1),"Acute Myeloid, continued",t(8;21)(q22;q22),,false,false,,false
4629,158,L,9896/3,morphology,Leukemia (C42.1),"Acute Myeloid, continued",t(8;21)(q22;q22); RUNX1- RUNX1T1,,false,false,,false
4630,158,L,9897/3,morphology,Leukemia (C42.1),"Acute Myeloid, continued",t(9;11)(p22;q23); MLLT3- MLL,,false,false,,false
4631,158,L,9866/3,morphology,Leukemia (C42.1),"Acute Myeloid, continued",t(15;17)(q22;q11-12),,false,false,,false
4632,158,L,9920/3,morphology,Leukemia (C42.1),"Acute Myeloid, continued","therapy related, alkylating agent related",,false,false,,false
4633,158,L,9920/3,morphology,Leukemia (C42.1),"Acute Myeloid, continued","therapy related, epipodophyllotoxin related",,false,false,,false
4634,158,L,9920/3,morphology,Leukemia (C42.1),"Acute Myeloid, continued","therapy related, NOS",,false,false,,false
4635,158,L,9871/3,morphology,Leukemia (C42.1),"Acute Myeloid, continued",with abnormal marrow eosinophils (includes all variants),,false,false,,false
4636,158,L,9874/3,morphology,Leukemia (C42.1),"Acute Myeloid, continued",with maturation,,false,false,,false
4637,158,L,9895/3,morphology,Leukemia (C42.1),"Acute Myeloid, continued",with multilineage dysplasia,,false,false,,false
4638,158,L,9895/3,morphology,Leukemia (C42.1),"Acute Myeloid, continued",with myelodysplasia-related changes,,false,false,,false
4639,158,L,9873/3,morphology,Leukemia (C42.1),"Acute Myeloid, continued",without maturation,,false,false,,false
4640,158,L,9895/3,morphology,Leukemia (C42.1),"Acute Myeloid, continued",without prior myelodysplastic syndrome,,false,false,,false
4641,159,L,9895/3,morphology,Leukemia (C42.1),"Acute Myeloid, continued",with prior myelodysplastic syndrome,,false,false,,false
4642,159,L,9867/3,morphology,Leukemia (C42.1),"Acute Myeloid, continued","myelomonocytic, NOS",,false,false,,false
4643,159,L,9871/3,morphology,Leukemia (C42.1),"Acute Myeloid, continued","myelomonocytic, with abnormal eosinophils",,false,false,,false
4644,159,L,9861/3,morphology,Leukemia (C42.1),"Acute Myeloid, continued",non-lymphocytic (FAB or WHO type not specified),,false,false,,false
4645,159,L,9836/3,morphology,Leukemia (C42.1),"Acute Myeloid, continued",pre-B ALL (see also 9728/3),,false,false,9728/3,false
4646,159,L,9836/3,morphology,Leukemia (C42.1),"Acute Myeloid, continued",pre-pre-B ALL (see also 9728/3),,false,false,9728/3,false
4647,159,L,9837/3,morphology,Leukemia (C42.1),"Acute Myeloid, continued",Pre-T ALL (see also 9729/3),,false,false,9729/3,false
4648,159,L,9836/3,morphology,Leukemia (C42.1),"Acute Myeloid, continued",pro-B ALL (see also 9728/3) Promyelocytic,,false,false,9728/3,false
4649,159,L,9866/3,morphology,Leukemia (C42.1),"Acute Myeloid, continued",NOS (includes variants),,false,false,,false
4650,159,L,9866/3,morphology,Leukemia (C42.1),"Acute Myeloid, continued",PML/RAR-alpha,,false,false,,false
4651,159,L,9866/3,morphology,Leukemia (C42.1),"Acute Myeloid, continued",t(15;17)(q22;q11-12),,false,false,,false
4652,159,L,9837/3,morphology,Leukemia (C42.1),"Acute Myeloid, continued",Pro-T ALL (see also 9729/3),,false,false,9729/3,false
4653,159,L,9809/3,morphology,Leukemia (C42.1),"Acute Myeloid, continued","T/myeloid, NOS, mixed phenotype",,false,false,,false
4654,159,L,9871/3,morphology,Leukemia (C42.1),"Acute Myeloid, continued","with abnormal marrow eosinophils, myeloid (includes all variants)",,false,false,,false
4655,159,L,9895/3,morphology,Leukemia (C42.1),"Acute Myeloid, continued","with multilineage dysplasia, myeloid",,false,false,,false
4656,159,L,9873/3,morphology,Leukemia (C42.1),"Acute Myeloid, continued","without maturation, myeloid",,false,false,,false
4657,159,L,9895/3,morphology,Leukemia (C42.1),"Acute Myeloid, continued","without prior myelodysplastic syndrome, myeloid",,false,false,,false
4658,159,L,9895/3,morphology,Leukemia (C42.1),"Acute Myeloid, continued","with prior myelodysplastic syndrome, myeloid",,false,false,,false
4659,159,L,9827/3,morphology,Leukemia (C42.1),Adult,T-cell (includes all variants),,false,false,,false
4660,159,L,9827/3,morphology,Leukemia (C42.1),Adult,T-cell leukemia/lymphoma (HTLV-1 positive) (includes all variants),,false,false,,false
4661,159,L,9827/3,morphology,Leukemia (C42.1),Adult,T-cell lymphoma/leukemia (includes all variants),,false,false,,false
4662,159,L,9948/3,morphology,Leukemia (C42.1),,aggressive NK-cell,,false,false,,false
4663,159,L,9800/3,morphology,Leukemia (C42.1),Aleukemic,NOS [obs],,true,false,,false
4664,159,L,9860/3,morphology,Leukemia (C42.1),Aleukemic,granulocytic [obs],,true,false,,false
4665,159,L,9820/3,morphology,Leukemia (C42.1),Aleukemic,lymphatic [obs],,true,false,,false
4666,159,L,9820/3,morphology,Leukemia (C42.1),Aleukemic,lymphocytic [obs],,true,false,,false
4667,159,L,9820/3,morphology,Leukemia (C42.1),Aleukemic,lymphoid [obs],,true,false,,false
4668,159,L,9860/3,morphology,Leukemia (C42.1),Aleukemic,monocytic [obs],,true,false,,false
4669,159,L,9860/3,morphology,Leukemia (C42.1),Aleukemic,myelogenous [obs],,true,false,,false
4670,159,L,9860/3,morphology,Leukemia (C42.1),Aleukemic,myeloid [obs],,true,false,,false
4671,159,L,9920/3,morphology,Leukemia (C42.1),,"Alkylating agent related, therapy related, acute myeloid",,false,false,,false
4672,159,L,9896/3,morphology,Leukemia (C42.1),,"AML1(CBF-alpha)/ETO, acute myeloid",,false,false,,false
4673,159,L,9896/3,morphology,Leukemia (C42.1),,"AML1(CBF-alpha)/ETO, FAB M2",,false,false,,false
4674,159,L,9840/3,morphology,Leukemia (C42.1),,AML M6,,false,false,,false
4675,159,L,9898/3,morphology,Leukemia (C42.1),,"associated with Down Syndrome, myeloid",,false,false,,false
4676,159,L,9876/3,morphology,Leukemia (C42.1),,"atypical chronic myeloid, BCR/ABL negative",,false,false,,false
4677,159,L,9876/3,morphology,Leukemia (C42.1),,"atypical chronic myeloid, Philadelphia chromosome Ph1 negative",,false,false,,false
4678,159,L,9826/3,morphology,Leukemia (C42.1),,B-ALL (see also 9687/3),,false,false,9687/3,false
4679,159,L,9870/3,morphology,Leukemia (C42.1),,"basophilic, acute",,false,false,,false
4680,159,L,9823/3,morphology,Leukemia (C42.1),B-cell,chronic lymphocytic leukemia/ small lymphocytic lymphoma (see also 9670/3),,false,false,9670/3,false
4681,159,L,9836/3,morphology,Leukemia (C42.1),B-cell,"lymphoblastic, precursor (see also 9728/3)",,false,false,9728/3,false
4682,159,L,9823/3,morphology,Leukemia (C42.1),B-cell,"type, chronic lymphocytic, (includes all variants of BCLL) (see also 9670/3)",,false,false,9670/3,false
4683,159,L,9826/3,morphology,Leukemia (C42.1),B-cell,"type, mature, acute lymphoblastic, (see also 9687/3)",,false,false,9687/3,false
4684,159,L,9833/3,morphology,Leukemia (C42.1),B-cell,"type, prolymphocytic",,false,false,,false
4685,159,L,9875/3,morphology,Leukemia (C42.1),BCR/ABL,chronic granulocytic,,false,false,,false
4686,159,L,9876/3,morphology,Leukemia (C42.1),BCR/ABL,"negative, atypical chronic myeloid",,false,false,,false
4687,159,L,9875/3,morphology,Leukemia (C42.1),BCR/ABL,"positive, chronic myelogenous",,false,false,,false
4688,159,L,9806/3,morphology,Leukemia (C42.1),,"BCR-ABL1, mixed phenotype acute, with t(9;22)(q34;q11.2)",,false,false,,false
4689,159,L,9805/3,morphology,Leukemia (C42.1),,"bilineal, acute",,false,false,,false
4690,159,L,9805/3,morphology,Leukemia (C42.1),,"biphenotypic, acute",,false,false,,false
4691,159,L,9801/3,morphology,Leukemia (C42.1),,blast cell,,false,false,,false
4692,159,L,9808/3,morphology,Leukemia (C42.1),,"B/myeloid, NOS, mixed phenotype, acute",,false,false,,false
4693,159,L,9826/3,morphology,Leukemia (C42.1),,Burkitt cell (see also 9687/3),,false,false,9687/3,false
4694,159,L,9826/3,morphology,Leukemia (C42.1),,"Burkitt type, acute (see also 9687/3)",,false,false,9687/3,false
4695,159,L,9836/3,morphology,Leukemia (C42.1),,C-ALL (see also 9728/3),,false,false,9728/3,false
4696,159,L,9871/3,morphology,Leukemia (C42.1),,"CBF-beta/MYH11, acute myeloid",,false,false,,false
4697,159,L,9861/3,morphology,Leukemia (C42.1),,"CEBPA, mutated",,false,false,,false
4698,159,L,9895/3,morphology,Leukemia (C42.1),,"changes, acute myeloid with myelodysplasia-related",,false,false,,false
4699,159,L,9800/3,morphology,Leukemia (C42.1),Chronic,NOS [obs],,true,false,,false
4700,159,L,9876/3,morphology,Leukemia (C42.1),Chronic,"atypical myeloid, BCR/ABL negative",,false,false,,false
4701,159,L,9876/3,morphology,Leukemia (C42.1),Chronic,"atypical myeloid, Philadelphia chromosome Ph1 negative",,false,false,,false
4702,159,L,9823/3,morphology,Leukemia (C42.1),Chronic,"B-cell, lymphocytic leukemia/ small lymphocytic lymphoma (see also 9670/3)",,false,false,9670/3,false
4703,159,L,9964/3,morphology,Leukemia (C42.1),Chronic,eosinophilic Granulocytic,,false,false,,false
4704,159,L,9863/3,morphology,Leukemia (C42.1),Chronic,NOS,,false,false,,false
4705,159,L,9875/3,morphology,Leukemia (C42.1),Chronic,BCR/ABL,,false,false,,false
4706,159,L,9875/3,morphology,Leukemia (C42.1),Chronic,Philadelphia chromosome Ph1 positive,,false,false,,false
4707,159,L,9875/3,morphology,Leukemia (C42.1),Chronic,t(9;22)(q34;q11),,false,false,,false
4708,160,L,9946/3,morphology,Leukemia (C42.1),Chronic,juvenile myelomonocytic,,false,false,,false
4709,160,L,9823/3,morphology,Leukemia (C42.1),Chronic,lymphatic (see also 9670/3) Lymphocytic,,false,false,9670/3,false
4710,160,L,9823/3,morphology,Leukemia (C42.1),Chronic,NOS (see also 9670/3),,false,false,9670/3,false
4711,160,L,9823/3,morphology,Leukemia (C42.1),Chronic,B-cell type (includes all variants of BCLL) (see also 9670/3),,false,false,9670/3,false
4712,160,L,9823/3,morphology,Leukemia (C42.1),Chronic,"leukemia/small lymphocytic lymphoma, B-cell (see also 9831/3 granular lymphocytic, NK cell large 9670/3)",,false,false,"9831/3 granular lymphocytic, NK cell large 9670/3",false
4713,160,L,9823/3,morphology,Leukemia (C42.1),Chronic,lymphoid (see also 9670/3),,false,false,9670/3,false
4714,160,L,9860/3,morphology,Leukemia (C42.1),Chronic,monocytic [obs],,true,false,,false
4715,160,L,9863/3,morphology,Leukemia (C42.1),Chronic,"myelocytic, NOS",,false,false,,false
4716,160,L,9874/3,morphology,Leukemia (C42.1),Chronic,"myelocytic, with maturation Myelogenous",,false,false,,false
4717,160,L,9863/3,morphology,Leukemia (C42.1),Chronic,NOS,,false,false,,false
4718,160,L,9875/3,morphology,Leukemia (C42.1),Chronic,BCR/ABL,,false,false,,false
4719,160,L,9875/3,morphology,Leukemia (C42.1),Chronic,Philadelphia chromosome Ph1 positive,,false,false,,false
4720,160,L,9875/3,morphology,Leukemia (C42.1),Chronic,t(9;22)(q34;q11) Myeloid,,false,false,,false
4721,160,L,9863/3,morphology,Leukemia (C42.1),Chronic,NOS,,false,false,,false
4722,160,L,9876/3,morphology,Leukemia (C42.1),Chronic,"BCR/ABL negative, atypical",,false,false,,false
4723,160,L,9876/3,morphology,Leukemia (C42.1),Chronic,"Philadelphia chromosome Ph1 negative, atypical Myelomonocytic",,false,false,,false
4724,160,L,9945/3,morphology,Leukemia (C42.1),Chronic,NOS,,false,false,,false
4725,160,L,9945/3,morphology,Leukemia (C42.1),Chronic,in transformation [obs],,true,false,,false
4726,160,L,9946/3,morphology,Leukemia (C42.1),Chronic,juvenile,,false,false,,false
4727,160,L,9945/3,morphology,Leukemia (C42.1),Chronic,Type I,,false,false,,false
4728,160,L,9945/3,morphology,Leukemia (C42.1),Chronic,Type II,,false,false,,false
4729,160,L,9963/3,morphology,Leukemia (C42.1),Chronic,neutrophilic,,false,false,,false
4730,160,L,9836/3,morphology,Leukemia (C42.1),,common ALL (see also 9728/3),,false,false,9728/3,false
4731,160,L,9836/3,morphology,Leukemia (C42.1),,common precursor ALL (see also 9728/3),,false,false,9728/3,false
4732,160,L,9837/3,morphology,Leukemia (C42.1),,cortical T ALL (see also 9729/3),,false,false,9729/3,false
4733,160,L,9865/3,morphology,Leukemia (C42.1),,"DEK-NUP214; t(6;9)(p23;q34), acute myeloid",,false,false,,false
4734,160,L,9898/3,morphology,Leukemia (C42.1),,"Down syndrome, myeloid associated with",,false,false,,false
4735,160,L,9860/3,morphology,Leukemia (C42.1),,eosinophilic,,false,false,,false
4736,160,L,9964/3,morphology,Leukemia (C42.1),,"eosinophilic, chronic, NOS",,false,false,,false
4737,160,L,9920/3,morphology,Leukemia (C42.1),,Epipodophyllotoxin related therapy related acute myeloid,,false,false,,false
4738,160,L,9840/3,morphology,Leukemia (C42.1),,"erythroid, acute",,false,false,,false
4739,160,L,9835/3,morphology,Leukemia (C42.1),FAB,L1 [obs] (see also 9727/3),,true,false,9727/3,false
4740,160,L,9835/3,morphology,Leukemia (C42.1),FAB,L2 (see also 9727/3),,false,false,9727/3,false
4741,160,L,9826/3,morphology,Leukemia (C42.1),FAB,L3 (see also 9687/3),,false,false,9687/3,false
4742,160,L,9872/3,morphology,Leukemia (C42.1),FAB,M0,,false,false,,false
4743,160,L,9873/3,morphology,Leukemia (C42.1),FAB,M1,,false,false,,false
4744,160,L,9896/3,morphology,Leukemia (C42.1),FAB,"M2, AML1(CBF-alpha)/ETO)",,false,false,,false
4745,160,L,9874/3,morphology,Leukemia (C42.1),FAB,"M2, NOS",,false,false,,false
4746,160,L,9896/3,morphology,Leukemia (C42.1),FAB,"M2, t(8;21)(q22;q22)",,false,false,,false
4747,160,L,9866/3,morphology,Leukemia (C42.1),FAB,M3 (includes all variants),,false,false,,false
4748,160,L,9867/3,morphology,Leukemia (C42.1),FAB,M4,,false,false,,false
4749,160,L,9871/3,morphology,Leukemia (C42.1),FAB,M4Eo,,false,false,,false
4750,160,L,9891/3,morphology,Leukemia (C42.1),FAB,M5 (includes all variants),,false,false,,false
4751,160,L,9840/3,morphology,Leukemia (C42.1),FAB,M6,,false,false,,false
4752,160,L,9910/3,morphology,Leukemia (C42.1),FAB,M7,,false,false,,false
4753,160,L,9831/3,morphology,Leukemia (C42.1),,"granular lymphocytic, T-cell large",,false,false,,false
4754,160,L,9860/3,morphology,Leukemia (C42.1),Granulocytic,NOS,,false,false,,false
4755,160,L,9861/3,morphology,Leukemia (C42.1),Granulocytic,acute (FAB or WHO type not specified),,false,false,,false
4756,160,L,9860/3,morphology,Leukemia (C42.1),Granulocytic,aleukemic [obs] Chronic,,true,false,,false
4757,160,L,9863/3,morphology,Leukemia (C42.1),Granulocytic,NOS,,false,false,,false
4758,160,L,9875/3,morphology,Leukemia (C42.1),Granulocytic,BCR/ABL,,false,false,,false
4759,160,L,9875/3,morphology,Leukemia (C42.1),Granulocytic,Philadelphia chromosome (Ph1) positive,,false,false,,false
4760,160,L,9875/3,morphology,Leukemia (C42.1),Granulocytic,t(9;22)(q34;q11),,false,false,,false
4761,160,L,9860/3,morphology,Leukemia (C42.1),Granulocytic,subacute [obs],,true,false,,false
4762,160,L,9940/3,morphology,Leukemia (C42.1),,hairy cell,,false,false,,false
4763,160,L,9591/3,morphology,Leukemia (C42.1),,"hairy cell, variant",,false,false,,false
4764,160,L,9869/3,morphology,Leukemia (C42.1),,inv(3)(q21;q26.2) or t(3;3)(q21;q26.2);,,false,false,,false
4765,160,L,9871/3,morphology,Leukemia (C42.1),,"inv(16)(p13:q22), acute myeloid",,false,false,,false
4766,160,L,9946/3,morphology,Leukemia (C42.1),,juvenile myelomonocytic,,false,false,,false
4767,160,L,9946/3,morphology,Leukemia (C42.1),,"juvenile myelomonocytic, chronic",,false,false,,false
4768,160,L,9835/3,morphology,Leukemia (C42.1),,"L2 type acute lymphoblastic, NOS",,false,false,,false
4769,160,L,9831/3,morphology,Leukemia (C42.1),,"large granular lymphocytic, NK cell",,false,false,,false
4770,160,L,9831/3,morphology,Leukemia (C42.1),,"large granular lymphocytic, T-cell",,false,false,,false
4771,160,L,9820/3,morphology,Leukemia (C42.1),Lymphatic,NOS [obs],,true,false,,false
4772,160,L,9835/3,morphology,Leukemia (C42.1),Lymphatic,acute (see also 9727/3),,false,false,9727/3,false
4773,160,L,9820/3,morphology,Leukemia (C42.1),Lymphatic,aleukemic [obs],,true,false,,false
4774,160,L,9823/3,morphology,Leukemia (C42.1),Lymphatic,chronic (see also 9670/3),,false,false,9670/3,false
4775,160,L,9820/3,morphology,Leukemia (C42.1),Lymphatic,subacute [obs],,true,false,,false
4776,160,L,9835/3,morphology,Leukemia (C42.1),Lymphoblastic,NOS (see also 9727/3) Acute,,false,false,9727/3,false
4777,160,L,9835/3,morphology,Leukemia (C42.1),Lymphoblastic,NOS (see also 9727/3),,false,false,9727/3,false
4778,160,L,9835/3,morphology,Leukemia (C42.1),Lymphoblastic,"L2 type, NOS",,false,false,,false
4779,160,L,9826/3,morphology,Leukemia (C42.1),Lymphoblastic,mature B-cell type (see also 9727/3),,false,false,9727/3,false
4780,160,L,9835/3,morphology,Leukemia (C42.1),Lymphoblastic,precursor-cell type (see also 9727/3) Precursor,,false,false,9727/3,false
4781,160,L,9836/3,morphology,Leukemia (C42.1),Lymphoblastic,B-cell (see also 9728/3),,false,false,9728/3,false
4782,160,L,9835/3,morphology,Leukemia (C42.1),Lymphoblastic,"cell, not phenotyped (see also 9727/3)",,false,false,9727/3,false
4783,160,L,9837/3,morphology,Leukemia (C42.1),Lymphoblastic,T-cell (see also 9729/3),,false,false,9729/3,false
4784,161,L,9820/3,morphology,Leukemia (C42.1),Lymphocytic,NOS [obs],,true,false,,false
4785,161,L,9835/3,morphology,Leukemia (C42.1),Lymphocytic,acute (see also 9727/3),,false,false,9727/3,false
4786,161,L,9820/3,morphology,Leukemia (C42.1),Lymphocytic,aleukemic [obs],,true,false,,false
4787,161,L,9826/3,morphology,Leukemia (C42.1),Lymphocytic,B-ALL (see also 9687/3),,false,false,9687/3,false
4788,161,L,9823/3,morphology,Leukemia (C42.1),Lymphocytic,"B-cell chronic, leukemia/small lymphocytic lymphoma (see also 9891/3 monoblastic and, acute 9670/3)",,false,false,"9891/3 monoblastic and, acute 9670/3",false
4789,161,L,9823/3,morphology,Leukemia (C42.1),Lymphocytic,"chronic, B-cell type (includes all variants of BCLL) (see also 9670/3)",,false,false,9670/3,false
4790,161,L,9823/3,morphology,Leukemia (C42.1),Lymphocytic,chronic (see also 9670/3),,false,false,9670/3,false
4791,161,L,9831/3,morphology,Leukemia (C42.1),Lymphocytic,NK cell large granular,,false,false,,false
4792,161,L,9836/3,morphology,Leukemia (C42.1),Lymphocytic,pre-B ALL (see also 9728/3),,false,false,9728/3,false
4793,161,L,9836/3,morphology,Leukemia (C42.1),Lymphocytic,pre-pre-B ALL (see also 9728/3),,false,false,9728/3,false
4794,161,L,9836/3,morphology,Leukemia (C42.1),Lymphocytic,pro-B ALL (see also 9728/3),,false,false,9728/3,false
4795,161,L,9820/3,morphology,Leukemia (C42.1),Lymphocytic,subacute [obs],,true,false,,false
4796,161,L,9831/3,morphology,Leukemia (C42.1),Lymphocytic,T-cell large granular,,false,false,,false
4797,161,L,9820/3,morphology,Leukemia (C42.1),Lymphoid,NOS,,false,false,,false
4798,161,L,9835/3,morphology,Leukemia (C42.1),Lymphoid,acute (see also 9727/3),,false,false,9727/3,false
4799,161,L,9820/3,morphology,Leukemia (C42.1),Lymphoid,aleukemic [obs],,true,false,,false
4800,161,L,9823/3,morphology,Leukemia (C42.1),Lymphoid,chronic (see also 9670/3),,false,false,9670/3,false
4801,161,L,9820/3,morphology,Leukemia (C42.1),Lymphoid,subacute [obs],,true,false,,false
4802,161,L,9820/3,morphology,Leukemia (C42.1),,lymphosarcoma cell [obs],,true,false,,false
4803,161,L,9840/3,morphology,Leukemia (C42.1),,M6A,,false,false,,false
4804,161,L,9840/3,morphology,Leukemia (C42.1),,M6B,,false,false,,false
4805,161,L,9840/3,morphology,Leukemia (C42.1),,M6 type acute myeloid,,false,false,,false
4806,161,L,9742/3,morphology,Leukemia (C42.1),,mast cell (C42.1),C42.1,false,false,,false
4807,161,L,9826/3,morphology,Leukemia (C42.1),,"mature B-cell type, lymphoblastic, acute (see also 9687/3)",,false,false,9687/3,false
4808,161,L,9910/3,morphology,Leukemia (C42.1),,"megakaryoblastic, acute",,false,false,,false
4809,161,L,9911/3,morphology,Leukemia (C42.1),,megakaryoblastic with t(1;22) (p13;q13); RBM15-MKL1; acute myeloid,,false,false,,false
4810,161,L,9910/3,morphology,Leukemia (C42.1),,megakaryocytic,,false,false,,false
4811,161,L,9872/3,morphology,Leukemia (C42.1),,"minimal differentiation, acute myeloid 9860/3 NOS",,false,false,,false
4812,161,L,9805/3,morphology,Leukemia (C42.1),,"mixed lineage, acute",,false,false,,false
4813,161,L,9808/3,morphology,Leukemia (C42.1),Mixed phenotype,"acute leukemia, B/myeloid, NOS 9896/3 AML1(CBF-alpha)/ETO",,false,false,,false
4814,161,L,9809/3,morphology,Leukemia (C42.1),Mixed phenotype,"acute leukemia, T/myeloid, NOS 9871/3 CBF-beta/MYH11",,false,false,,false
4815,161,L,9806/3,morphology,Leukemia (C42.1),Mixed phenotype,acute leukemia with t(9;22) (q34;q11.2); BCR-ABL1,,false,false,,false
4816,161,L,9807/3,morphology,Leukemia (C42.1),Mixed phenotype,acute leukemia with t(v;11q23); MLL rearranged,,false,false,,false
4817,161,L,9897/3,morphology,Leukemia (C42.1),,"MLL, acute myeloid",,false,false,,false
4818,161,L,9807/3,morphology,Leukemia (C42.1),,MLL rearranged; mixed phenotype with t(v;11q23),,false,false,,false
4819,161,L,9897/3,morphology,Leukemia (C42.1),,"MLLT3-MLL; t(9;11)(p22;q23), acute myeloid",,false,false,,false
4820,161,L,9891/3,morphology,Leukemia (C42.1),Monoblastic,NOS (includes all variants),,false,false,,false
4821,161,L,9891/3,morphology,Leukemia (C42.1),Monoblastic,acute,,false,false,,false
4822,161,L,9891/3,morphology,Leukemia (C42.1),Monoblastic,"and monocytic, acute",,false,false,,false
4823,161,L,9891/3,morphology,Leukemia (C42.1),Monoblastic,"monocytic and, acute",,false,false,,false
4824,161,L,9860/3,morphology,Leukemia (C42.1),Monocytic,NOS,,false,false,,false
4825,161,L,9891/3,morphology,Leukemia (C42.1),Monocytic,acute (includes all variants),,false,false,,false
4826,161,L,9860/3,morphology,Leukemia (C42.1),Monocytic,aleukemic [obs],,true,false,,false
4827,161,L,9891/3,morphology,Leukemia (C42.1),Monocytic,"and monoblastic, acute",,false,false,,false
4828,161,L,9860/3,morphology,Leukemia (C42.1),Monocytic,chronic [obs],,true,false,,false
4829,161,L,9860/3,morphology,Leukemia (C42.1),Monocytic,subacute [obs],,true,false,,false
4830,161,L,9895/3,morphology,Leukemia (C42.1),,"multilineage dysplasia, acute myeloid with",,false,false,,false
4831,161,L,9861/3,morphology,Leukemia (C42.1),,mutated CEBPA,,false,false,,false
4832,161,L,9861/3,morphology,Leukemia (C42.1),,mutated NPM1,,false,false,,false
4833,161,L,9872/3,morphology,Leukemia (C42.1),,"myeloblastic, acute",,false,false,,false
4834,161,L,9860/3,morphology,Leukemia (C42.1),Myelocytic,NOS,,false,false,,false
4835,161,L,9861/3,morphology,Leukemia (C42.1),Myelocytic,acute (FAB or WHO type not specified),,false,false,,false
4836,161,L,9874/3,morphology,Leukemia (C42.1),Myelocytic,"acute, with maturation",,false,false,,false
4837,161,L,9863/3,morphology,Leukemia (C42.1),Myelocytic,"chronic, NOS",,false,false,,false
4838,161,L,9895/3,morphology,Leukemia (C42.1),,"myelodysplasia-related changes, acute myeloid",,false,false,,false
4839,161,L,9860/3,morphology,Leukemia (C42.1),Myelogenous,NOS,,false,false,,false
4840,161,L,9861/3,morphology,Leukemia (C42.1),Myelogenous,acute (FAB or WHO type not specified),,false,false,,false
4841,161,L,9860/3,morphology,Leukemia (C42.1),Myelogenous,aleukemic [obs] Chronic,,true,false,,false
4842,161,L,9863/3,morphology,Leukemia (C42.1),Myelogenous,NOS,,false,false,,false
4843,161,L,9875/3,morphology,Leukemia (C42.1),Myelogenous,BCR/ABL,,false,false,,false
4844,161,L,9875/3,morphology,Leukemia (C42.1),Myelogenous,Philadelphia chromosome Ph1 positive,,false,false,,false
4845,161,L,9875/3,morphology,Leukemia (C42.1),Myelogenous,t(9;22)(q34;q11),,false,false,,false
4846,161,L,9860/3,morphology,Leukemia (C42.1),Myelogenous,subacute [obs],,true,false,,false
4847,161,L,9897/3,morphology,Leukemia (C42.1),Myeloid,"11q23 abnormalities, acute Acute",,false,false,,false
4848,161,L,9895/3,morphology,Leukemia (C42.1),Myeloid,"changes, myelodysplasia- related",,false,false,,false
4849,161,L,9865/3,morphology,Leukemia (C42.1),Myeloid,DEK-NUP214; t(6;9) (p23;q34),,false,false,,false
4850,161,L,9869/3,morphology,Leukemia (C42.1),Myeloid,inv(3)(q21;q26.2) or t(3;3) (q21;q26.2); RPN1-EVI1,,false,false,,false
4851,161,L,9871/3,morphology,Leukemia (C42.1),Myeloid,inv(16)(p13:q22),,false,false,,false
4852,161,L,9840/3,morphology,Leukemia (C42.1),Myeloid,M6 type,,false,false,,false
4853,161,L,9911/3,morphology,Leukemia (C42.1),Myeloid,megakaryoblastic with t(1;22)(p13;q13); RBM15- MKL1,,false,false,,false
4854,161,L,9872/3,morphology,Leukemia (C42.1),Myeloid,minimal differentiation,,false,false,,false
4855,161,L,9897/3,morphology,Leukemia (C42.1),Myeloid,MLL,,false,false,,false
4856,162,L,9897/3,morphology,Leukemia (C42.1),"Myeloid Acute, continued",MLLT3-MLL; t(9;11) (p22;q23),,false,false,,false
4857,162,L,9861/3,morphology,Leukemia (C42.1),"Myeloid Acute, continued",mutated CEBPA,,false,false,,false
4858,162,L,9861/3,morphology,Leukemia (C42.1),"Myeloid Acute, continued",mutated NPM1,,false,false,,false
4859,162,L,9895/3,morphology,Leukemia (C42.1),"Myeloid Acute, continued",myelodysplasia-related changes,,false,false,,false
4860,162,L,9866/3,morphology,Leukemia (C42.1),"Myeloid Acute, continued",PML/RAR-alpha,,false,false,,false
4861,162,L,9911/3,morphology,Leukemia (C42.1),"Myeloid Acute, continued","RBM15-MKL1; t(1;22)(p13;q13), megakaryoblastic",,false,false,,false
4862,162,L,9869/3,morphology,Leukemia (C42.1),"Myeloid Acute, continued",RPN1-EVI1; t(3;3) (q21;q26.2) or inv(3) (q21;q26.2),,false,false,,false
4863,162,L,9896/3,morphology,Leukemia (C42.1),"Myeloid Acute, continued",RUNX1-RUNX1T1; t(8;21) (q22;q22),,false,false,,false
4864,162,L,9911/3,morphology,Leukemia (C42.1),"Myeloid Acute, continued","t(1;22)(p13;q13); RBM15- MKL1, megakaryoblastic",,false,false,,false
4865,162,L,9869/3,morphology,Leukemia (C42.1),"Myeloid Acute, continued",t(3;3)(q21;q26.2) or inv(3) (q21;q26.2); RPN1-EVI1,,false,false,,false
4866,162,L,9865/3,morphology,Leukemia (C42.1),"Myeloid Acute, continued",t(6;9)(p23;q34); DEK- NUP214,,false,false,,false
4867,162,L,9896/3,morphology,Leukemia (C42.1),"Myeloid Acute, continued",t(8;21)(q22;q22),,false,false,,false
4868,162,L,9896/3,morphology,Leukemia (C42.1),"Myeloid Acute, continued",t(8;21)(q22;q22); RUNX1- RUNX1T1,,false,false,,false
4869,162,L,9897/3,morphology,Leukemia (C42.1),"Myeloid Acute, continued",t(9;11)(p22;q23); MLLT3- MLL,,false,false,,false
4870,162,L,9866/3,morphology,Leukemia (C42.1),"Myeloid Acute, continued",t(15;17)(q22;q11-12),,false,false,,false
4871,162,L,9871/3,morphology,Leukemia (C42.1),"Myeloid Acute, continued",t(16;16)(p13;q11),,false,false,,false
4872,162,L,9920/3,morphology,Leukemia (C42.1),"Myeloid Acute, continued","therapy related, alkylating agent related",,false,false,,false
4873,162,L,9920/3,morphology,Leukemia (C42.1),"Myeloid Acute, continued","therapy related, epipodophyllotoxin related",,false,false,,false
4874,162,L,9920/3,morphology,Leukemia (C42.1),"Myeloid Acute, continued","therapy related, NOS",,false,false,,false
4875,162,L,9871/3,morphology,Leukemia (C42.1),"Myeloid Acute, continued",with abnormal marrow eosinophils (includes all variants),,false,false,,false
4876,162,L,9874/3,morphology,Leukemia (C42.1),"Myeloid Acute, continued",with maturation,,false,false,,false
4877,162,L,9895/3,morphology,Leukemia (C42.1),"Myeloid Acute, continued",with multilineage dysplasia,,false,false,,false
4878,162,L,9895/3,morphology,Leukemia (C42.1),"Myeloid Acute, continued",with myelodysplasia-related changes,,false,false,,false
4879,162,L,9873/3,morphology,Leukemia (C42.1),"Myeloid Acute, continued",without maturation,,false,false,,false
4880,162,L,9895/3,morphology,Leukemia (C42.1),"Myeloid Acute, continued",without prior myelodysplastic syndrome,,false,false,,false
4881,162,L,9895/3,morphology,Leukemia (C42.1),"Myeloid Acute, continued",with prior myelodysplastic syndrome,,false,false,,false
4882,162,L,9861/3,morphology,Leukemia (C42.1),"Myeloid Acute, continued","acute, NOS (FAB or WHO type not 9876/3 negative, atypical chronic myeloid specified) (see also 9930/3)",,false,false,9930/3,false
4883,162,L,9860/3,morphology,Leukemia (C42.1),"Myeloid Acute, continued",aleukemic [obs],,true,false,,false
4884,162,L,9898/3,morphology,Leukemia (C42.1),"Myeloid Acute, continued",associated with Down Syndrome,,false,false,,false
4885,162,L,9876/3,morphology,Leukemia (C42.1),"Myeloid Acute, continued","atypical chronic, BCR/ABL negative",,false,false,,false
4886,162,L,9876/3,morphology,Leukemia (C42.1),"Myeloid Acute, continued","atypical chronic, Philadelphia chromosome Ph1 negative",,false,false,,false
4887,162,L,9863/3,morphology,Leukemia (C42.1),Myeloid Chronic,NOS,,false,false,,false
4888,162,L,9876/3,morphology,Leukemia (C42.1),Myeloid Chronic,"BCR/ABL negative, atypical",,false,false,,false
4889,162,L,9876/3,morphology,Leukemia (C42.1),Myeloid Chronic,"Philadelphia chromosome Ph1 negative, atypical",,false,false,,false
4890,162,L,9871/3,morphology,Leukemia (C42.1),Myeloid Chronic,"inv(16)(p13:q22), acute",,false,false,,false
4891,162,L,9895/3,morphology,Leukemia (C42.1),Myeloid Chronic,"myelodysplasia-related changes, acute",,false,false,,false
4892,162,L,9860/3,morphology,Leukemia (C42.1),Myeloid Chronic,subacute [obs],,true,false,,false
4893,162,L,9871/3,morphology,Leukemia (C42.1),Myeloid Chronic,"with abnormal marrow eosinophils, acute (includes all variants)",,false,false,,false
4894,162,L,9874/3,morphology,Leukemia (C42.1),Myeloid Chronic,"with maturation, acute",,false,false,,false
4895,162,L,9895/3,morphology,Leukemia (C42.1),Myeloid Chronic,"with multilineage dysplasia, acute",,false,false,,false
4896,162,L,9895/3,morphology,Leukemia (C42.1),Myeloid Chronic,"with myelodysplasia-related changes, acute",,false,false,,false
4897,162,L,9873/3,morphology,Leukemia (C42.1),Myeloid Chronic,"without maturation, acute",,false,false,,false
4898,162,L,9895/3,morphology,Leukemia (C42.1),Myeloid Chronic,"without prior myelodysplastic syndrome, acute",,false,false,,false
4899,162,L,9895/3,morphology,Leukemia (C42.1),Myeloid Chronic,"with prior myelodysplastic syndrome, acute",,false,false,,false
4900,162,L,9860/3,morphology,Leukemia (C42.1),Myelomonocytic,NOS,,false,false,,false
4901,162,L,9867/3,morphology,Leukemia (C42.1),Myelomonocytic,acute,,false,false,,false
4902,162,L,9871/3,morphology,Leukemia (C42.1),Myelomonocytic,"acute, with abnormal eosinophils Chronic",,false,false,,false
4903,162,L,9945/3,morphology,Leukemia (C42.1),Myelomonocytic,NOS,,false,false,,false
4904,162,L,9945/3,morphology,Leukemia (C42.1),Myelomonocytic,in transformation,,false,false,,false
4905,162,L,9946/3,morphology,Leukemia (C42.1),Myelomonocytic,juvenile,,false,false,,false
4906,162,L,9945/3,morphology,Leukemia (C42.1),Myelomonocytic,Type I,,false,false,,false
4907,162,L,9945/3,morphology,Leukemia (C42.1),Myelomonocytic,Type II,,false,false,,false
4908,162,L,9945/3,morphology,Leukemia (C42.1),Myelomonocytic,"in transformation, chronic",,false,false,,false
4909,162,L,9946/3,morphology,Leukemia (C42.1),Myelomonocytic,juvenile,,false,false,,false
4910,162,L,9946/3,morphology,Leukemia (C42.1),Myelomonocytic,"juvenile, chronic",,false,false,,false
4911,162,L,9871/3,morphology,Leukemia (C42.1),Myelomonocytic,"with abnormal eosinophils, acute (includes all variants)",,false,false,,false
4912,162,L,9963/3,morphology,Leukemia (C42.1),,"neutrophilic, chronic",,false,false,,false
4913,162,L,9948/3,morphology,Leukemia (C42.1),,"NK-cell, aggressive",,false,false,,false
4914,162,L,9831/3,morphology,Leukemia (C42.1),,NK-cell large granular lymphocytic,,false,false,,false
4915,162,L,9861/3,morphology,Leukemia (C42.1),,"non-lymphocytic, acute (FAB or WHO type not specified)",,false,false,,false
4916,162,L,9860/3,morphology,Leukemia (C42.1),,"non-lymphocytic, NOS",,false,false,,false
4917,162,L,9861/3,morphology,Leukemia (C42.1),,"NPM1, mutated",,false,false,,false
4918,162,L,9875/3,morphology,Leukemia (C42.1),Philadelphia chromosome Ph1,"positive, chronic granulocytic",,false,false,,false
4919,162,L,9875/3,morphology,Leukemia (C42.1),Philadelphia chromosome Ph1,"positive, chronic myelogenous",,false,false,,false
4920,162,L,9733/3,morphology,Leukemia (C42.1),,plasma cell (C42.1),C42.1,false,false,,false
4921,162,L,9733/3,morphology,Leukemia (C42.1),,plasmacytic (C42.1),C42.1,false,false,,false
4922,162,L,9836/3,morphology,Leukemia (C42.1),,pre-B ALL (see also 9728/3),,false,false,9728/3,false
4923,163,L,9836/3,morphology,Leukemia (C42.1),Precursor,"B-cell lymphoblastic (see also 9875/3 t(9;22)(q34;q11), chronic myelogenous 9728/3)",,false,false,9875/3 t(9;22,false
4924,163,L,9835/3,morphology,Leukemia (C42.1),Precursor,"cell, acute lymphoblastic, not 9866/3 t(15;17)(q22;q11-12), acute phenotyped (see also 9727/3)",,false,false,9727/3,false
4925,163,L,9835/3,morphology,Leukemia (C42.1),Precursor,"cell type, acute lymphoblastic (see 9871/3 t(16;16)(p13;q11), acute myeloid also 9727/3)",,false,false,,false
4926,163,L,9837/3,morphology,Leukemia (C42.1),Precursor,T-cell lymphoblastic (see also 9729/3),,false,false,9729/3,false
4927,163,L,9836/3,morphology,Leukemia (C42.1),,pre-pre-B ALL (see also 9728/3),,false,false,9728/3,false
4928,163,L,9837/3,morphology,Leukemia (C42.1),,pre-T ALL (see also 9729/3),,false,false,9729/3,false
4929,163,L,9895/3,morphology,Leukemia (C42.1),,"prior myelodysplastic syndrome, acute 9827/3 leukemia/lymphoma (HTLV-1 myeloid with",,false,false,,false
4930,163,L,9895/3,morphology,Leukemia (C42.1),,"prior myelodysplastic syndrome, acute myeloid without",,false,false,,false
4931,163,L,9836/3,morphology,Leukemia (C42.1),,pro-B ALL (see also 9728/3),,false,false,9728/3,false
4932,163,L,9832/3,morphology,Leukemia (C42.1),Prolymphocytic,NOS,,false,false,,false
4933,163,L,9833/3,morphology,Leukemia (C42.1),Prolymphocytic,B-cell type,,false,false,,false
4934,163,L,9834/3,morphology,Leukemia (C42.1),Prolymphocytic,T-cell type,,false,false,,false
4935,163,L,9866/3,morphology,Leukemia (C42.1),Promyelocytic Acute,NOS (includes variants),,false,false,,false
4936,163,L,9866/3,morphology,Leukemia (C42.1),Promyelocytic Acute,PML/RAR-alpha,,false,false,,false
4937,163,L,9866/3,morphology,Leukemia (C42.1),Promyelocytic Acute,t(15;17)(q22;q11-12),,false,false,,false
4938,163,L,9837/3,morphology,Leukemia (C42.1),,pro-T ALL (see also 9729/3),,false,false,9729/3,false
4939,163,L,9911/3,morphology,Leukemia (C42.1),,"RBM15-MKL1; t(1;22)(p13;q13), megakaryoblastic, acute myeloid",,false,false,,false
4940,163,L,9869/3,morphology,Leukemia (C42.1),,"RPN1-EVI1; t(3;3)(q21;q26.2) or inv(3)(q21;q26.2), acute myeloid",,false,false,,false
4941,163,L,9896/3,morphology,Leukemia (C42.1),,"RUNX1-RUNX1T1; t(8;21)(q22;q22), acute myeloid",,false,false,,false
4942,163,L,9801/3,morphology,Leukemia (C42.1),,stem cell,,false,false,,false
4943,163,L,9800/3,morphology,Leukemia (C42.1),Subacute,NOS [obs],,true,false,,false
4944,163,L,9860/3,morphology,Leukemia (C42.1),Subacute,granulocytic [obs],,true,false,,false
4945,163,L,9820/3,morphology,Leukemia (C42.1),Subacute,lymphatic [obs],,true,false,,false
4946,163,L,9820/3,morphology,Leukemia (C42.1),Subacute,lymphocytic [obs],,true,false,,false
4947,163,L,9820/3,morphology,Leukemia (C42.1),Subacute,lymphoid [obs],,true,false,,false
4948,163,L,9860/3,morphology,Leukemia (C42.1),Subacute,monocytic [obs],,true,false,,false
4949,163,L,9860/3,morphology,Leukemia (C42.1),Subacute,myelogenous [obs],,true,false,,false
4950,163,L,9860/3,morphology,Leukemia (C42.1),Subacute,myeloid [obs],,true,false,,false
4951,163,L,9898/3,morphology,Leukemia (C42.1),,"Syndrome, myeloid, associated with",,false,false,,false
4952,163,L,9911/3,morphology,Leukemia (C42.1),,"t(1;22)(p13;q13); RBM15-MKL1, megakaryoblastic, acute myeloid",,false,false,,false
4953,163,L,9869/3,morphology,Leukemia (C42.1),,t(3;3)(q21;q26.2) or inv(3)(q21;q26.2);,,false,false,,false
4954,163,L,9865/3,morphology,Leukemia (C42.1),,t(6;9)(p23;q34); DEK-NUP214,,false,false,,false
4955,163,L,9896/3,morphology,Leukemia (C42.1),,"t(8;21)(q22;q22), acute myeloid",,false,false,,false
4956,163,L,9896/3,morphology,Leukemia (C42.1),,"t(8;21)(q22;q22), FAB M2",,false,false,,false
4957,163,L,9897/3,morphology,Leukemia (C42.1),,t(9;11)(p22;q23); MLLT3-MLL,,false,false,,false
4958,163,L,9806/3,morphology,Leukemia (C42.1),,"t(9;22)(q34;q11.2); BCR-ABL1, mixed phenotype",,false,false,,false
4959,163,L,9875/3,morphology,Leukemia (C42.1),,"t(9;22)(q34;q11), chronic granulocytic",,false,false,,false
4960,163,L,9866/3,morphology,Leukemia (C42.1),,"t(15;17)(q22;q11-12), acute myeloid promyelocytic",,false,false,,false
4961,163,L,9896/3,morphology,Leukemia (C42.1),,"t(8:21)(q22;q22); RUNX1-RUNX1T1, acute myeloid",,false,false,,false
4962,163,L,9827/3,morphology,Leukemia (C42.1),T-cell,adult (includes all variants),,false,false,,false
4963,163,L,9831/3,morphology,Leukemia (C42.1),T-cell,"large granular lymphocytic positive), adult (includes all variants)",,false,false,,false
4964,163,L,9837/3,morphology,Leukemia (C42.1),T-cell,"lymphoblastic, precursor (see also 9729/3)",,false,false,9729/3,false
4965,163,L,9827/3,morphology,Leukemia (C42.1),T-cell,"lymphoma/leukemia, adult (includes all variants)",,false,false,,false
4966,163,L,9834/3,morphology,Leukemia (C42.1),T-cell,"type, prolymphocytic",,false,false,,false
4967,163,L,9920/3,morphology,Leukemia (C42.1),Therapy related acute myeloid,NOS,,false,false,,false
4968,163,L,9920/3,morphology,Leukemia (C42.1),Therapy related acute myeloid,alkylating agent related,,false,false,,false
4969,163,L,9920/3,morphology,Leukemia (C42.1),Therapy related acute myeloid,epipodophyllotoxin related,,false,false,,false
4970,163,L,9809/3,morphology,Leukemia (C42.1),,"T/myeloid, NOS, mixed phenotype acute",,false,false,,false
4971,163,L,9807/3,morphology,Leukemia (C42.1),,"t(v;11q23); MLL rearranged, mixed phenotype acute",,false,false,,false
4972,163,L,9801/3,morphology,Leukemia (C42.1),,undifferentiated,,false,false,,false
4973,163,L,9871/3,morphology,Leukemia (C42.1),,"with abnormal marrow eosinophils, acute myeloid (includes all variants)",,false,false,,false
4974,163,L,9871/3,morphology,Leukemia (C42.1),,"with abnormal marrow eosinophils, acute myelomonocytic (includes all variants)",,false,false,,false
4975,163,L,9874/3,morphology,Leukemia (C42.1),,"with maturation, acute myeloid",,false,false,,false
4976,163,L,9895/3,morphology,Leukemia (C42.1),,"with multilineage dysplasia, acute myeloid",,false,false,,false
4977,163,L,9873/3,morphology,Leukemia (C42.1),,"without maturation, acute myeloid",,false,false,,false
4978,163,L,9895/3,morphology,Leukemia (C42.1),,"without prior myelodysplastic syndrome, acute myeloid",,false,false,,false
4979,163,L,9895/3,morphology,Leukemia (C42.1),,"with prior myelodysplastic syndrome, acute myeloid",,false,false,,false
4980,163,L,9835/3,morphology,Leukemia-lymphoma (see also lymphoma/ leukemia),,"acute lymphoblastic, NOS (see also 9727/3)",,false,false,9727/3,false
4981,163,L,9827/3,morphology,Leukemia-lymphoma (see also lymphoma/ leukemia),,adult T-cell (HTLV-1 positive) (includes all variants),,false,false,,false
4982,163,L,9827/3,morphology,Leukemia-lymphoma (see also lymphoma/ leukemia),,adult T-cell (includes all variants),,false,false,,false
4983,163,L,9823/3,morphology,Leukemia-lymphoma (see also lymphoma/ leukemia),,B-cell chronic lymphocytic leukemia/ small lymphocytic lymphoma (see also 9670/3),,false,false,9670/3,false
4984,163,L,9812/3,morphology,Leukemia-lymphoma (see also lymphoma/ leukemia),,"BCR-ABL1; t(9;22)(q34;q11.2), B lymphoblastic",,false,false,,false
4985,164,L,9811/3,morphology,Leukemia-lymphoma,B lymphoblastic,NOS,,false,false,,false
4986,164,L,9812/3,morphology,Leukemia-lymphoma,B lymphoblastic,BCR-ABL1; t(9;22)(q34;q11.2),,false,false,,false
4987,164,L,9818/3,morphology,Leukemia-lymphoma,B lymphoblastic,E2A-PBX1 (TCF-PBX1); t(1;19) (q23;p13.3),,false,false,,false
4988,164,L,9816/3,morphology,Leukemia-lymphoma,B lymphoblastic,hypodiploid ALL; hypodiploidy,,false,false,,false
4989,164,L,9817/3,morphology,Leukemia-lymphoma,B lymphoblastic,IL3-IGH; t(5;14)(q31;q32),,false,false,,false
4990,164,L,9813/3,morphology,Leukemia-lymphoma,B lymphoblastic,MLL rearranged; t(v;11q23),,false,false,,false
4991,164,L,9818/3,morphology,Leukemia-lymphoma,B lymphoblastic,t(1;19)(q23;p13.3); E2A-PBX1 (TCF-PBX1),,false,false,,false
4992,164,L,9817/3,morphology,Leukemia-lymphoma,B lymphoblastic,t(5;14)(q31;q32); IL3-IGH,,false,false,,false
4993,164,L,9812/3,morphology,Leukemia-lymphoma,B lymphoblastic,t(9;22)(q34;q11.2); BCR-ABL1,,false,false,,false
4994,164,L,9814/3,morphology,Leukemia-lymphoma,B lymphoblastic,t(12;21)(p13;q22); TEL-AML1 (ETV6-RUNX1),,false,false,,false
4995,164,L,9814/3,morphology,Leukemia-lymphoma,B lymphoblastic,TEL-AML1 (ETV6-RUNX1); t(12;21)(p13;q22),,false,false,,false
4996,164,L,9813/3,morphology,Leukemia-lymphoma,B lymphoblastic,"t(v;11q23), MLL rearranged",,false,false,,false
4997,164,L,9815/3,morphology,Leukemia-lymphoma,B lymphoblastic,with hyperdiploidy,,false,false,,false
4998,164,L,9816/3,morphology,Leukemia-lymphoma,B lymphoblastic,with hypodiploidy (Hypodiploid ALL),,false,false,,false
4999,164,L,9818/3,morphology,Leukemia-lymphoma,,"E2A-PBX1 (TCF-PBX1); t(1;19) (q23;p13.3), B lymphoblastic",,false,false,,false
5000,164,L,9816/3,morphology,Leukemia-lymphoma,,"hypodiploid ALL; hypodiploidy, B lymphoblastic",,false,false,,false
5001,164,L,9817/3,morphology,Leukemia-lymphoma,,"IL3-IGH; t(5;14)(q31;q32), B lymphoblastic",,false,false,,false
5002,164,L,9837/3,morphology,Leukemia-lymphoma,,"lymphoblastic, T",,false,false,,false
5003,164,L,9813/3,morphology,Leukemia-lymphoma,,"MLL rearranged; t(v;11q23), B lymphoblastic",,false,false,,false
5004,164,L,9818/3,morphology,Leukemia-lymphoma,,"t(1;19)(q23;p13.3); E2A-PBX1 (TCF- PBX1), B lymphoblastic",,false,false,,false
5005,164,L,9817/3,morphology,Leukemia-lymphoma,,"t(5;14)(q31;q32); IL3-IGH, B lymphoblastic",,false,false,,false
5006,164,L,9812/3,morphology,Leukemia-lymphoma,,"t(9;22)(q34;q11.2); BCR-ABL1, B lymphoblastic",,false,false,,false
5007,164,L,9814/3,morphology,Leukemia-lymphoma,,"t(12;21)(p13;q22); TEL-AML1 (ETV6- RUNX1), B lymphoblastic",,false,false,,false
5008,164,L,9814/3,morphology,Leukemia-lymphoma,,"TEL-AML1 (ETV6-RUNX1); t(12;21) (p13;q22), B lymphoblastic",,false,false,,false
5009,164,L,9837/3,morphology,Leukemia-lymphoma,,T lymphoblastic,,false,false,,false
5010,164,L,9813/3,morphology,Leukemia-lymphoma,,"t(v;11q23), MLL rearranged, B lymphoblastic",,false,false,,false
5011,164,L,9815/3,morphology,Leukemia-lymphoma,,"with hyperdiploidy, B lymphoblastic",,false,false,,false
5012,164,L,9816/3,morphology,Leukemia-lymphoma,,"with hypodiploidy (Hypodiploid ALL),",,false,false,,false
5013,164,L,9940/3,morphology,Leukemic reticuloendotheliosis,,Leukemic reticuloendotheliosis,,false,false,,true
5014,164,L,8650/1,morphology,Leydig cell tumor,,NOS (C62._),,false,false,,false
5015,164,L,8650/0,morphology,Leydig cell tumor,,benign (C62._),,false,false,,false
5016,164,L,8650/3,morphology,Leydig cell tumor,,malignant (C62._),,false,false,,false
5017,164,L,8631/1,morphology,Leydig-Sertoli cell tumor,,NOS,,false,false,,false
5018,164,L,8631/1,morphology,Leydig-Sertoli cell tumor,,intermediate differentiation,,false,false,,false
5019,164,L,8634/1,morphology,Leydig-Sertoli cell tumor,,"intermediate differentiation, with heterologous elements",,false,false,,false
5020,164,L,8631/3,morphology,Leydig-Sertoli cell tumor,,poorly differentiated,,false,false,,false
5021,164,L,8634/3,morphology,Leydig-Sertoli cell tumor,,"poorly differentiated, with heterologous elements",,false,false,,false
5022,164,L,8633/1,morphology,Leydig-Sertoli cell tumor,,retiform,,false,false,,false
5023,164,L,8634/1,morphology,Leydig-Sertoli cell tumor,,"retiform, with heterologous elements",,false,false,,false
5024,164,L,8631/3,morphology,Leydig-Sertoli cell tumor,,sarcomatoid,,false,false,,false
5025,164,L,8631/0,morphology,Leydig-Sertoli cell tumor,,well differentiated,,false,false,,false
5026,164,L,9493/0,morphology,Lhermitte-Duclos dysplastic gangliocytoma,,Lhermitte-Duclos dysplastic gangliocytoma of cerebellum (C71.6),C71.6,false,false,,true
5027,164,L,C44.1,topography,Lid,,NOS,,false,false,,false
5028,164,L,C44.1,topography,Lid,,lower,,false,false,,false
5029,164,L,C44.1,topography,Lid,,upper,,false,false,,false
5030,164,L,C49.9,topography,Ligament,,NOS,,false,false,,false
5031,164,L,C57.1,topography,Ligament,,broad,,false,false,,false
5032,164,L,C57.2,topography,Ligament,,round,,false,false,,false
5033,164,L,C57.3,topography,Ligament,,uterine,,false,false,,false
5034,164,L,C57.3,topography,Ligament,,uterosacral,,false,false,,false
5035,164,L,9769/1,morphology,"Light chain disease, systemic",,"Light chain disease, systemic",,false,false,,true
5036,164,L,C69.1,topography,Limbus of cornea,,Limbus of cornea,,false,false,,true
5037,164,L,C02.9,topography,"Lingual, NOS",,"Lingual, NOS",,false,false,,true
5038,164,L,C02.4,topography,Lingual tonsil,,Lingual tonsil,,false,false,,true
5039,164,L,C34.1,topography,"Lingula, lung",,"Lingula, lung",,false,false,,true
5040,164,L,8142/3,morphology,Linitis plastica (C16._),,Linitis plastica (C16._),,false,false,,true
5041,164,L,C00.9,topography,Lip,,NOS (excludes skin of lip C44.0),,false,false,,false
5042,164,L,C00.6,topography,Lip,,commissure,,false,false,,false
5043,164,L,C00.6,topography,Lip,,"commissure, labial",,false,false,,false
5044,164,L,C00.2,topography,Lip,External,NOS,,false,false,,false
5045,164,L,C00.1,topography,Lip,External,lower,,false,false,,false
5046,164,L,C00.0,topography,Lip,External,upper,,false,false,,false
5047,164,L,C00.5,topography,Lip,Fenulum,NOS,,false,false,,false
5048,164,L,C00.5,topography,Lip,Fenulum,"labii, NOS",,false,false,,false
5049,164,L,C00.4,topography,Lip,Fenulum,lower,,false,false,,false
5050,164,L,C00.3,topography,Lip,Fenulum,upper,,false,false,,false
5051,164,L,C00.5,topography,Lip,Inner aspect,NOS,,false,false,,false
5052,164,L,C00.4,topography,Lip,Inner aspect,lower,,false,false,,false
5053,164,L,C00.3,topography,Lip,Inner aspect,upper,,false,false,,false
5054,164,L,C00.5,topography,Lip,,"internal, NOS",,false,false,,false
5055,164,L,C00.6,topography,Lip,,labial commissure,,false,false,,false
5056,165,L,C00.1,topography,Lip,Lower,NOS (excludes skin of lower lip -------- diffuse (see SNOMED) C44.0),,false,true,,false
5057,165,L,C00.1,topography,Lip,Lower,external,,false,false,,false
5058,165,L,C00.4,topography,Lip,Lower,frenulum,,false,false,,false
5059,165,L,C00.4,topography,Lip,Lower,inner aspect,,false,false,,false
5060,165,L,C00.4,topography,Lip,Lower,mucosa,,false,false,,false
5061,165,L,C44.0,topography,Lip,Lower,skin,,false,false,,false
5062,165,L,C00.1,topography,Lip,Lower,vermilion border,,false,false,,false
5063,165,L,C00.5,topography,Lip,Mucosa,NOS,,false,false,,false
5064,165,L,C00.4,topography,Lip,Mucosa,lower,,false,false,,false
5065,165,L,C00.3,topography,Lip,Mucosa,upper,,false,false,,false
5066,165,L,C44.0,topography,Lip,,"skin, NOS",,false,false,,false
5067,165,L,C00.0,topography,Lip,Upper,NOS (excludes skin of upper lip 8853/3 round cell C44.0),,false,false,,false
5068,165,L,C00.0,topography,Lip,Upper,external,,false,false,,false
5069,165,L,C00.3,topography,Lip,Upper,frenulum,,false,false,,false
5070,165,L,C00.3,topography,Lip,Upper,inner aspect,,false,false,,false
5071,165,L,C00.3,topography,Lip,Upper,mucosa,,false,false,,false
5072,165,L,C44.0,topography,Lip,Upper,skin,,false,false,,false
5073,165,L,C00.0,topography,Lip,Upper,vermilion border,,false,false,,false
5074,165,L,C00.2,topography,Lip,Vermilion border,NOS,,false,false,,false
5075,165,L,C00.1,topography,Lip,Vermilion border,lower,,false,false,,false
5076,165,L,C00.0,topography,Lip,Vermilion border,upper,,false,false,,false
5077,165,L,8670/0,morphology,Lipid,,cell tumor of ovary (C56.9),C56.9,false,false,,false
5078,165,L,8641/0,morphology,Lipid,,"storage, Sertoli cell tumor with (C56.9)",C56.9,false,false,,false
5079,165,L,8641/0,morphology,Lipid,,"storage, tubular androblastoma with (C56.9)",C56.9,false,false,,false
5080,165,L,8641/0,morphology,"Lipidique, folliculome",,"Lipidique, folliculome",,false,false,,true
5081,165,L,8314/3,morphology,Lipid-rich carcinoma (C50._),,Lipid-rich carcinoma (C50._),,false,false,,true
5082,165,L,8641/0,morphology,Lipid-rich Sertoli cell tumor,,Lipid-rich Sertoli cell tumor (C56.9),C56.9,false,false,,true
5083,165,L,8324/0,morphology,Lipoadenoma,,Lipoadenoma,,false,false,,true
5084,165,L,8881/0,morphology,Lipoblastoma,,Lipoblastoma,,false,false,,true
5085,165,L,8881/0,morphology,Lipoblastomatosis,,Lipoblastomatosis,,false,false,,true
5086,165,L,,,Lipoblastomatosis,,"Lipogranuloma, NOS (see SNOMED)",,false,true,,false
5087,165,L,8670/0,morphology,"Lipoid cell tumor, ovary",,"Lipoid cell tumor, ovary (C56.9)",C56.9,false,false,,true
5088,165,L,8890/0,morphology,Lipoleiomyoma,,Lipoleiomyoma,,false,false,,true
5089,165,L,8850/0,morphology,Lipoma,,NOS,,false,false,,false
5090,165,L,8850/1,morphology,Lipoma,,atypical,,false,false,,false
5091,165,L,8862/0,morphology,Lipoma,,chondroid,,false,false,,false
5092,165,L,8880/0,morphology,Lipoma,,fetal fat cell,,false,false,,false
5093,165,L,8881/0,morphology,Lipoma,,"fetal, NOS",,false,false,,false
5094,165,L,8856/0,morphology,Lipoma,,infiltrating,,false,false,,false
5095,165,L,8856/0,morphology,Lipoma,,intramuscular,,false,false,,false
5096,165,L,8854/0,morphology,Lipoma,,pleomorphic,,false,false,,false
5097,165,L,8857/0,morphology,Lipoma,,spindle cell,,false,false,,false
5098,165,L,8851/3,morphology,Lipoma-like liposarcoma,,Lipoma-like liposarcoma,,false,false,,true
5099,165,L,,,Lipomatosis,,NOS (see SNOMED),,false,true,,false
5100,165,L,8881/0,morphology,Lipomatosis,,fetal,,false,false,,false
5101,165,L,9506/1,morphology,Lipomatous medulloblastoma,,Lipomatous medulloblastoma (C71.6),C71.6,false,false,,true
5102,165,L,9506/1,morphology,"Liponeurocytoma, cerebellar",,"Liponeurocytoma, cerebellar",,false,false,,true
5103,165,L,8850/3,morphology,Liposarcoma,,NOS,,false,false,,false
5104,165,L,8858/3,morphology,Liposarcoma,,dedifferentiated,,false,false,,false
5105,165,L,8851/3,morphology,Liposarcoma,,differentiated,,false,false,,false
5106,165,L,8857/3,morphology,Liposarcoma,,fibroblastic,,false,false,,false
5107,165,L,8851/3,morphology,Liposarcoma,,inflammatory,,false,false,,false
5108,165,L,8851/3,morphology,Liposarcoma,,lipoma-like,,false,false,,false
5109,165,L,8855/3,morphology,Liposarcoma,,mixed,,false,false,,false
5110,165,L,8852/3,morphology,Liposarcoma,,myxoid,,false,false,,false
5111,165,L,8854/3,morphology,Liposarcoma,,pleomorphic,,false,false,,false
5112,165,L,8851/3,morphology,Liposarcoma,,sclerosing,,false,false,,false
5113,165,L,8850/1,morphology,Liposarcoma,,superficial well differentated,,false,false,,false
5114,165,L,8851/3,morphology,Liposarcoma,,well differentiated,,false,false,,false
5115,165,L,8850/1,morphology,Liposarcoma,,"well differentiated, superficial soft tissue",,false,false,,false
5116,165,L,C22.0,topography,Liver,,Liver,,false,false,,true
5117,165,L,8170/0,morphology,Liver cell adenoma,,Liver cell adenoma (C22.0),C22.0,false,false,,true
5118,165,L,8170/3,morphology,Liver cell carcinoma,,Liver cell carcinoma (C22.0),C22.0,false,false,,true
5119,165,L,C71.1,topography,Lobe,,frontal,,false,false,,false
5120,165,L,C34.3,topography,Lobe,,"lower, bronchus",,false,false,,false
5121,165,L,C34.3,topography,Lobe,,"lower, lung",,false,false,,false
5122,165,L,C34.2,topography,Lobe,,"middle, bronchus",,false,false,,false
5123,165,L,C34.2,topography,Lobe,,"middle, lung",,false,false,,false
5124,165,L,C71.4,topography,Lobe,,occipital,,false,false,,false
5125,165,L,C71.3,topography,Lobe,,parietal,,false,false,,false
5126,165,L,C71.2,topography,Lobe,,temporal,,false,false,,false
5127,165,L,C34.1,topography,Lobe,,"upper, bronchus",,false,false,,false
5128,165,L,C34.1,topography,Lobe,,"upper, lung",,false,false,,false
5129,165,L,8520/3,morphology,Lobular,,adenocarcinoma (C50._),,false,false,,false
5130,165,L,8522/3,morphology,Lobular,,and ductal carcinoma (C50._),,false,false,,false
5131,165,L,8522/3,morphology,Lobular,,and infiltrating duct carcinoma (C50._),,false,false,,false
5132,165,L,8522/3,morphology,Lobular,,and intraductal carcinoma (C50._),,false,false,,false
5133,165,L,8520/3,morphology,Lobular,Carcinoma,NOS (C50._),,false,false,,false
5134,165,L,8522/3,morphology,Lobular,Carcinoma,"infiltrating, and ductal carcinoma in situ (C50._)",,false,false,,false
5135,165,L,8520/3,morphology,Lobular,Carcinoma,infiltrating (C50._) In situ,,false,false,,false
5136,165,L,8520/2,morphology,Lobular,Carcinoma,NOS (C50._),,false,false,,false
5137,165,L,8522/3,morphology,Lobular,Carcinoma,and infiltrating duct (C50._),,false,false,,false
5138,165,L,8522/2,morphology,Lobular,Carcinoma,and intraductal carcinoma (C50._),,false,false,,false
5139,165,L,8520/2,morphology,Lobular,Carcinoma,noninfiltrating (C50._),,false,false,,false
5140,166,L,,,Lobular,,hyperplasia (see SNOMED),,false,true,,false
5141,166,L,8524/3,morphology,Lobular,,"infiltrating, mixed with other types of 8077/0 anal intraepithelial neoplasia (C21.1) carcinoma (C50._)",C21.1,false,false,,false
5142,166,L,C44.2,topography,"Lobule, ear",,"Lobule, ear",,false,false,,true
5143,166,L,8815/0,morphology,Localized fibrous tumor,,Localized fibrous tumor,,false,false,,true
5144,166,L,C03.1,topography,Lower,,alveolar mucosa,,false,false,,false
5145,166,L,C03.1,topography,Lower,,alveolar ridge mucosa,,false,false,,false
5146,166,L,C03.1,topography,Lower,,alveolus,,false,false,,false
5147,166,L,C50.8,topography,Lower,,breast,,false,false,,false
5148,166,L,C03.1,topography,Lower,,gingiva,,false,false,,false
5149,166,L,C03.1,topography,Lower,,gum,,false,false,,false
5150,166,L,C50.3,topography,Lower,,inner quadrant of breast,,false,false,,false
5151,166,L,C41.1,topography,Lower,,jaw bone,,false,false,,false
5152,166,L,C44.1,topography,Lower,,lid,,false,false,,false
5153,166,L,C00.1,topography,Lower,Lip,NOS (excludes skin of lower lip 8240/3 neuroendocrine carcinoma C44.0),,false,false,,false
5154,166,L,C00.1,topography,Lower,Lip,external,,false,false,,false
5155,166,L,C00.4,topography,Lower,Lip,frenulum,,false,false,,false
5156,166,L,C00.4,topography,Lower,Lip,inner aspect,,false,false,,false
5157,166,L,C00.4,topography,Lower,Lip,mucosa,,false,false,,false
5158,166,L,C44.0,topography,Lower,Lip,skin,,false,false,,false
5159,166,L,C00.1,topography,Lower,Lip,vermilion border,,false,false,,false
5160,166,L,C34.3,topography,Lower,,"lobe, bronchus",,false,false,,false
5161,166,L,C34.3,topography,Lower,,"lobe, lung",,false,false,,false
5162,166,L,C50.5,topography,Lower,,outer quadrant of breast,,false,false,,false
5163,166,L,C15.5,topography,Lower,,third of esophagus,,false,false,,false
5164,166,L,C54.0,topography,Lower,,uterine segment,,false,false,,false
5165,166,L,C76.5,topography,Lower limb,,NOS,,false,false,,false
5166,166,L,C44.7,topography,Lower limb,,"NOS (carcinoma, melanoma, nevus)",,false,false,,false
5167,166,L,C49.2,topography,Lower limb,,"NOS (sarcoma, lipoma)",,false,false,,false
5168,166,L,C49.2,topography,Lower limb,,adipose tissue,,false,false,,false
5169,166,L,C47.2,topography,Lower limb,,autonomic nervous system,,false,false,,false
5170,166,L,C49.2,topography,Lower limb,,connective tissue,,false,false,,false
5171,166,L,C49.2,topography,Lower limb,,fatty tissue,,false,false,,false
5172,166,L,C49.2,topography,Lower limb,,fibrous tissue,,false,false,,false
5173,166,L,C40.2,topography,Lower limb,,long bones,,false,false,,false
5174,166,L,C40.2,topography,Lower limb,,"long bones, joints",,false,false,,false
5175,166,L,C77.4,topography,Lower limb,,lymph node,,false,false,,false
5176,166,L,C49.2,topography,Lower limb,,muscle,,false,false,,false
5177,166,L,C47.2,topography,Lower limb,,peripheral nerve,,false,false,,false
5178,166,L,C40.3,topography,Lower limb,,short bones,,false,false,,false
5179,166,L,C40.3,topography,Lower limb,,"short bones, joints",,false,false,,false
5180,166,L,C49.2,topography,Lower limb,,skeletal muscle,,false,false,,false
5181,166,L,C44.7,topography,Lower limb,,skin,,false,false,,false
5182,166,L,C49.2,topography,Lower limb,,soft tissue,,false,false,,false
5183,166,L,C49.2,topography,Lower limb,,subcutaneous tissue,,false,false,,false
5184,166,L,C49.2,topography,Lower limb,,tendon,,false,false,,false
5185,166,L,C49.2,topography,Lower limb,,tendon sheath,,false,false,,false
5186,166,L,8525/3,morphology,Low grade,,"adenocarcinoma, polymorphous",,false,false,,false
5187,166,L,8480/1,morphology,Low grade,,appendiceal mucinous neoplasm (C18.1),C18.1,false,false,,false
5188,166,L,9400/3,morphology,Low grade,,astrocytoma (C71._),,false,false,,false
5189,166,L,8240/3,morphology,Low grade,,"carcinoma, neuroendocrine",,false,false,,false
5190,166,L,8077/0,morphology,Low grade,,cervical intraepithelial neoplasia (C53._),,false,false,,false
5191,166,L,9400/3,morphology,Low grade,,diffuse astrocytoma (C71._),,false,false,,false
5192,166,L,8931/3,morphology,Low grade,,endometrial stromal sarcoma (C54.1),C54.1,false,false,,false
5193,166,L,8077/0,morphology,Low grade,,esophagus squamous intraepithelial neoplasia (C15._),,false,false,,false
5194,166,L,8503/0,morphology,Low grade,,intraductal tubular-papillary neoplasm,,false,false,,false
5195,166,L,8480/1,morphology,Low grade,,"mucinous neoplasm, appendiceal (C18.1)",C18.1,false,false,,false
5196,166,L,8503/0,morphology,Low grade,,"neoplasm, intraductal tubular-papillary",,false,false,,false
5197,166,L,8480/1,morphology,Low grade,,"neoplasm, mucinous appendiceal (C18.1)",C18.1,false,false,,false
5198,166,L,9187/3,morphology,Low grade,,"osteosarcoma, intraosseous",,false,false,,false
5199,166,L,8077/0,morphology,Low grade,,squamous intraepithelial neoplasia,,false,false,,false
5200,166,L,8503/0,morphology,Low grade,,"tubular-papillary neoplasm, intraductal",,false,false,,false
5201,166,L,8470/0,morphology,Low grade dysplasia (with),,"cystic neoplasm, mucinous (C25._)",,false,false,,false
5202,166,L,8453/0,morphology,Low grade dysplasia (with),,intraductal papillary-mucinous neoplasm (C25._),,false,false,,false
5203,166,L,8453/0,morphology,Low grade dysplasia (with),,intraductal papillary-mucinous tumor (C25._),,false,false,,false
5204,166,L,8470/0,morphology,Low grade dysplasia (with),,mucinous cystic neoplasm (C25._),,false,false,,false
5205,166,L,8470/0,morphology,Low grade dysplasia (with),,mucinous cystic tumor (C25._),,false,false,,false
5206,166,L,8163/0,morphology,Low grade dysplasia (with),,"non-invasive pancreatobiliary papillary neoplasm, with (C24.1)",C24.1,false,false,,false
5207,166,L,8453/0,morphology,Low grade dysplasia (with),,"papillary-mucinous neoplasm, intraductal (C25._)",,false,false,,false
5208,166,L,8453/0,morphology,Low grade dysplasia (with),,"papillary-mucinous tumor, intraductal (C25._)",,false,false,,false
5209,166,L,8470/0,morphology,Low grade dysplasia (with),,"tumor, mucinous cystic (C25._)",,false,false,,false
5210,166,L,8077/0,morphology,Low grade intraepithelial neoplasia (with),,anal (C21.1),C21.1,false,false,,false
5211,166,L,8148/0,morphology,Low grade intraepithelial neoplasia (with),,biliary,,false,false,,false
5212,166,L,8077/0,morphology,Low grade intraepithelial neoplasia (with),,cervical (C53._),,false,false,,false
5213,166,L,8470/0,morphology,Low grade intraepithelial neoplasia (with),,"cystic neoplasm, mucinous (C22._)",,false,false,,false
5214,166,L,8148/0,morphology,Low grade intraepithelial neoplasia (with),,esophageal glandular (C15._),,false,false,,false
5215,166,L,8077/0,morphology,Low grade intraepithelial neoplasia (with),,esophageal squamous (C15._),,false,false,,false
5216,166,L,8148/0,morphology,Low grade intraepithelial neoplasia (with),,glandular,,false,false,,false
5217,166,L,8148/0,morphology,Low grade intraepithelial neoplasia (with),,glandular esophageal (C15._),,false,false,,false
5218,166,L,8503/0,morphology,Low grade intraepithelial neoplasia (with),,intracystic papillary neoplasm (C23.9),C23.9,false,false,,false
5219,166,L,8503/0,morphology,Low grade intraepithelial neoplasia (with),,"intraductal papillary neoplasm (C22._, C24.0)",,false,false,,false
5220,166,L,8503/0,morphology,Low grade intraepithelial neoplasia (with),,"intraglandular papillary neoplasm (C22.1, C24.0)",,false,false,,false
5221,166,L,8470/0,morphology,Low grade intraepithelial neoplasia (with),,mucinous cystic neoplasm (C22._),,false,false,,false
5222,166,L,8163/0,morphology,Low grade intraepithelial neoplasia (with),,"non-invasive pancreatobiliary papillary neoplasm, with",,false,false,,false
5223,166,L,8163/0,morphology,Low grade intraepithelial neoplasia (with),,"pancreatobiliary papillary neoplasm, non-invasive, with (AIL)",,false,false,,false
5224,167,L,8503/0,morphology,"Low grade intraepithelial neoplasia (with), 9767/1 Lymphadenopathy, angioimmunoblastic continued",Papillary,intracystic neoplasm (C23.9),C23.9,false,false,,false
5225,167,L,8503/0,morphology,"Low grade intraepithelial neoplasia (with), 9767/1 Lymphadenopathy, angioimmunoblastic continued",Papillary,"intraductal neoplasm (C22._, C24.0)",,false,false,,false
5226,167,L,8503/0,morphology,"Low grade intraepithelial neoplasia (with), 9767/1 Lymphadenopathy, angioimmunoblastic continued",Papillary,"intraglandular neoplasm (C22.1, C24.0)",,false,false,,false
5227,167,L,8077/0,morphology,"Low grade intraepithelial neoplasia (with), 9767/1 Lymphadenopathy, angioimmunoblastic continued",,squamous,,false,false,,false
5228,167,L,8077/0,morphology,"Low grade intraepithelial neoplasia (with), 9767/1 Lymphadenopathy, angioimmunoblastic continued",,squamous esophageal (C15._),,false,false,,false
5229,167,L,8380/1,morphology,Low malignant potential,,endometrioid tumor,,false,false,,false
5230,167,L,8472/1,morphology,Low malignant potential,,"mucinous tumor, NOS (C56.9)",C56.9,false,false,,false
5231,167,L,8473/1,morphology,Low malignant potential,,papillary mucinous tumor (C56.9),C56.9,false,false,,false
5232,167,L,8462/1,morphology,Low malignant potential,,papillary serous tumor (C56.9),C56.9,false,false,,false
5233,167,L,8130/1,morphology,Low malignant potential,,papillary transitional cell neoplasm (C67._),,false,false,,false
5234,167,L,8130/1,morphology,Low malignant potential,,papillary urothelial neoplasm (C67._),,false,false,,false
5235,167,L,8442/1,morphology,Low malignant potential,,"serous tumor, NOS (C56.9)",C56.9,false,false,,false
5236,167,L,,,Low malignant potential,,"/1 Low malignant potential (see grading code, section 4.3.2)",,false,false,,false
5237,167,L,,,Low malignant potential,,"L_ (see Leukemia, FAB, L_)",,false,false,,false
5238,167,L,C72.0,topography,Lumbar,,cord,,false,false,,false
5239,167,L,C77.2,topography,Lumbar,,lymph node,,false,false,,false
5240,167,L,C47.6,topography,Lumbar,,nerve,,false,false,,false
5241,167,L,C47.5,topography,Lumbosacral plexus,,Lumbosacral plexus,,false,false,,true
5242,167,L,C34.9,topography,Lung,,NOS,,false,false,,false
5243,167,L,C34.9,topography,Lung,,bronchiole,,false,false,,false
5244,167,L,C34.9,topography,Lung,,bronchogenic,,false,false,,false
5245,167,L,C34.9,topography,Lung,Bronchus,NOS,,false,false,,false
5246,167,L,C34.3,topography,Lung,Bronchus,lower lobe,,false,false,,false
5247,167,L,C34.0,topography,Lung,Bronchus,main,,false,false,,false
5248,167,L,C34.2,topography,Lung,Bronchus,middle lobe,,false,false,,false
5249,167,L,C34.1,topography,Lung,Bronchus,upper lobe,,false,false,,false
5250,167,L,C34.0,topography,Lung,,carina,,false,false,,false
5251,167,L,C34.0,topography,Lung,,hilus,,false,false,,false
5252,167,L,C34.1,topography,Lung,,lingula,,false,false,,false
5253,167,L,C34.3,topography,Lung,,lower lobe,,false,false,,false
5254,167,L,C34.3,topography,Lung,,"lower lobe, bronchus",,false,false,,false
5255,167,L,C34.0,topography,Lung,,main bronchus,,false,false,,false
5256,167,L,C34.2,topography,Lung,,middle lobe,,false,false,,false
5257,167,L,C34.2,topography,Lung,,"middle lobe, bronchus",,false,false,,false
5258,167,L,C34.9,topography,Lung,,"pulmonary, NOS",,false,false,,false
5259,167,L,C34.1,topography,Lung,,upper lobe,,false,false,,false
5260,167,L,C34.1,topography,Lung,,"upper lobe, bronchus",,false,false,,false
5261,167,L,8601/0,morphology,Luteinized thecoma,,Luteinized thecoma (C56.9),C56.9,false,false,,true
5262,167,L,8610/0,morphology,Luteinoma,,Luteinoma (C56.9),C56.9,false,false,,true
5263,167,L,8610/0,morphology,"Luteoma, NOS",,"Luteoma, NOS (C56.9)",C56.9,false,false,,true
5264,167,L,,,"Luteoma, NOS",,"Luteoma, pregnancy (see SNOMED)",,false,true,,false
5265,167,L,9705/3,morphology,"Lymphadenopathy, angioimmunoblastic,",,"Lymphadenopathy, angioimmunoblastic, with dysproteinemia (AILD), peripheral",,false,false,,true
5266,167,L,9767/1,morphology,"Lymphadenopathy, immunoblastic (IBL)",,"Lymphadenopathy, immunoblastic (IBL)",,false,false,,true
5267,167,L,9170/3,morphology,Lymphangioendothelial sarcoma,,Lymphangioendothelial sarcoma,,false,false,,true
5268,167,L,9170/3,morphology,"Lymphangioendothelioma, malignant",,"Lymphangioendothelioma, malignant",,false,false,,true
5269,167,L,9170/0,morphology,"Lymphangioendothelioma, NOS",,"Lymphangioendothelioma, NOS",,false,false,,true
5270,167,L,9174/1,morphology,Lymphangioleiomyomatosis,,Lymphangioleiomyomatosis,,false,false,,true
5271,167,L,9170/0,morphology,Lymphangioma,,NOS,,false,false,,false
5272,167,L,9171/0,morphology,Lymphangioma,,capillary,,false,false,,false
5273,167,L,9172/0,morphology,Lymphangioma,,cavernous,,false,false,,false
5274,167,L,9173/0,morphology,Lymphangioma,,cystic,,false,false,,false
5275,167,L,,,Lymphangioma,,"Lymphangiomatosis, systemic (see SNOMED)",,false,true,,false
5276,167,L,9174/0,morphology,Lymphangiomyoma,,Lymphangiomyoma,,false,false,,true
5277,167,L,9174/1,morphology,Lymphangiomyomatosis,,Lymphangiomyomatosis,,false,false,,true
5278,167,L,9170/3,morphology,Lymphangiosarcoma,,Lymphangiosarcoma,,false,false,,true
5279,167,L,C49.9,topography,"Lymphatic, NOS",,"Lymphatic, NOS",,false,false,,true
5280,167,L,C77.9,topography,Lymph node,,NOS,,false,false,,false
5281,167,L,C77.2,topography,Lymph node,,abdominal,,false,false,,false
5282,167,L,C77.2,topography,Lymph node,,aortic,,false,false,,false
5283,167,L,C77.3,topography,Lymph node,,arm,,false,false,,false
5284,167,L,C77.0,topography,Lymph node,,auricular,,false,false,,false
5285,167,L,C77.3,topography,Lymph node,,axilla,,false,false,,false
5286,167,L,C77.3,topography,Lymph node,,axillary,,false,false,,false
5287,167,L,C77.3,topography,Lymph node,,brachial,,false,false,,false
5288,167,L,C77.1,topography,Lymph node,,bronchial,,false,false,,false
5289,167,L,C77.1,topography,Lymph node,,bronchopulmonary,,false,false,,false
5290,167,L,C77.2,topography,Lymph node,,celiac,,false,false,,false
5291,167,L,C77.0,topography,Lymph node,,cervical,,false,false,,false
5292,167,L,C77.4,topography,Lymph node,,Cloquet,,false,false,,false
5293,167,L,C77.2,topography,Lymph node,,colic,,false,false,,false
5294,167,L,C77.2,topography,Lymph node,,common duct,,false,false,,false
5295,167,L,C77.3,topography,Lymph node,,cubital,,false,false,,false
5296,167,L,C77.1,topography,Lymph node,,diaphragmatic,,false,false,,false
5297,167,L,C77.5,topography,Lymph node,,"epigastric, inferior",,false,false,,false
5298,167,L,C77.3,topography,Lymph node,,epitrochlear,,false,false,,false
5299,167,L,C77.1,topography,Lymph node,,esophageal,,false,false,,false
5300,167,L,C77.0,topography,Lymph node,,face,,false,false,,false
5301,167,L,C77.0,topography,Lymph node,,facial,,false,false,,false
5302,167,L,C77.4,topography,Lymph node,,femoral,,false,false,,false
5303,167,L,C77.2,topography,Lymph node,,gastric,,false,false,,false
5304,167,L,C77.4,topography,Lymph node,,groin,,false,false,,false
5305,167,L,C77.0,topography,Lymph node,,head,,false,false,,false
5306,167,L,C77.2,topography,Lymph node,,hepatic,,false,false,,false
5307,167,L,C77.1,topography,Lymph node,Hilar,NOS,,false,false,,false
5308,167,L,C77.1,topography,Lymph node,Hilar,pulmonary,,false,false,,false
5309,167,L,C77.2,topography,Lymph node,Hilar,splenic,,false,false,,false
5310,168,L,C77.5,topography,Lymph node,,hypogastric,,false,false,,false
5311,168,L,C77.2,topography,Lymph node,,ileocolic,,false,false,,false
5312,168,L,C77.5,topography,Lymph node,,iliac,,false,false,,false
5313,168,L,C77.5,topography,Lymph node,,inferior epigastric,,false,false,,false
5314,168,L,C77.2,topography,Lymph node,,inferior mesenteric,,false,false,,false
5315,168,L,C77.3,topography,Lymph node,,infraclavicular,,false,false,,false
5316,168,L,C77.4,topography,Lymph node,,inguinal,,false,false,,false
5317,168,L,C77.4,topography,Lymph node,,inguinal region,,false,false,,false
5318,168,L,C77.1,topography,Lymph node,,innominate,,false,false,,false
5319,168,L,C77.1,topography,Lymph node,,intercostal,,false,false,,false
5320,168,L,C77.2,topography,Lymph node,,intestinal,,false,false,,false
5321,168,L,C77.2,topography,Lymph node,,intra-abdominal,,false,false,,false
5322,168,L,C77.5,topography,Lymph node,,intrapelvic,,false,false,,false
5323,168,L,C77.1,topography,Lymph node,,intrathoracic,,false,false,,false
5324,168,L,C77.0,topography,Lymph node,,jugular,,false,false,,false
5325,168,L,C77.4,topography,Lymph node,,leg,,false,false,,false
5326,168,L,C77.4,topography,Lymph node,,lower limb,,false,false,,false
5327,168,L,C77.2,topography,Lymph node,,lumbar,,false,false,,false
5328,168,L,C77.0,topography,Lymph node,,mandibular,,false,false,,false
5329,168,L,C77.1,topography,Lymph node,,mediastinal,,false,false,,false
5330,168,L,C77.2,topography,Lymph node,Mesenteric,NOS,,false,false,,false
5331,168,L,C77.2,topography,Lymph node,Mesenteric,inferior,,false,false,,false
5332,168,L,C77.2,topography,Lymph node,Mesenteric,superior,,false,false,,false
5333,168,L,C77.2,topography,Lymph node,,midcolic,,false,false,,false
5334,168,L,C77.8,topography,Lymph node,,multiple regions,,false,false,,false
5335,168,L,C77.0,topography,Lymph node,,neck,,false,false,,false
5336,168,L,C77.5,topography,Lymph node,,obturator,,false,false,,false
5337,168,L,C77.0,topography,Lymph node,,occipital,,false,false,,false
5338,168,L,C77.2,topography,Lymph node,,pancreatic,,false,false,,false
5339,168,L,C77.2,topography,Lymph node,,para-aortic,,false,false,,false
5340,168,L,C77.5,topography,Lymph node,,paracervical,,false,false,,false
5341,168,L,C77.5,topography,Lymph node,,parametrial,,false,false,,false
5342,168,L,C77.1,topography,Lymph node,,parasternal,,false,false,,false
5343,168,L,C77.0,topography,Lymph node,,parotid,,false,false,,false
5344,168,L,C77.3,topography,Lymph node,,pectoral,,false,false,,false
5345,168,L,C77.5,topography,Lymph node,,pelvic,,false,false,,false
5346,168,L,C77.2,topography,Lymph node,,periaortic,,false,false,,false
5347,168,L,C77.2,topography,Lymph node,,peripancreatic,,false,false,,false
5348,168,L,C77.4,topography,Lymph node,,popliteal,,false,false,,false
5349,168,L,C77.2,topography,Lymph node,,porta hepatis,,false,false,,false
5350,168,L,C77.2,topography,Lymph node,,portal,,false,false,,false
5351,168,L,C77.0,topography,Lymph node,,preauricular,,false,false,,false
5352,168,L,C77.0,topography,Lymph node,,prelaryngeal,,false,false,,false
5353,168,L,C77.5,topography,Lymph node,,presymphysial,,false,false,,false
5354,168,L,C77.0,topography,Lymph node,,pretracheal,,false,false,,false
5355,168,L,C77.1,topography,Lymph node,,pulmonary hilar,,false,false,,false
5356,168,L,C77.1,topography,Lymph node,,"pulmonary, NOS",,false,false,,false
5357,168,L,C77.2,topography,Lymph node,,pyloric,,false,false,,false
5358,168,L,C77.2,topography,Lymph node,,retroperitoneal,,false,false,,false
5359,168,L,C77.0,topography,Lymph node,,retropharyngeal,,false,false,,false
5360,168,L,C77.4,topography,Lymph node,,Rosenmuller,,false,false,,false
5361,168,L,C77.5,topography,Lymph node,,sacral,,false,false,,false
5362,168,L,C77.0,topography,Lymph node,,scalene,,false,false,,false
5363,168,L,C77.2,topography,Lymph node,,splenic hilar,,false,false,,false
5364,168,L,C77.2,topography,Lymph node,,"splenic, NOS",,false,false,,false
5365,168,L,C77.3,topography,Lymph node,,subclavicular,,false,false,,false
5366,168,L,C77.4,topography,Lymph node,,subinguinal,,false,false,,false
5367,168,L,C77.0,topography,Lymph node,,sublingual,,false,false,,false
5368,168,L,C77.0,topography,Lymph node,,submandibular,,false,false,,false
5369,168,L,C77.0,topography,Lymph node,,submaxillary,,false,false,,false
5370,168,L,C77.0,topography,Lymph node,,submental,,false,false,,false
5371,168,L,C77.3,topography,Lymph node,,subscapular,,false,false,,false
5372,168,L,C77.2,topography,Lymph node,,superior mesenteric,,false,false,,false
5373,168,L,C77.0,topography,Lymph node,,supraclavicular,,false,false,,false
5374,168,L,C77.1,topography,Lymph node,,thoracic,,false,false,,false
5375,168,L,C77.4,topography,Lymph node,,tibial,,false,false,,false
5376,168,L,C77.1,topography,Lymph node,,tracheal,,false,false,,false
5377,168,L,C77.1,topography,Lymph node,,tracheobronchial,,false,false,,false
5378,168,L,C77.3,topography,Lymph node,,upper limb,,false,false,,false
5379,168,L,C77.8,topography,Lymph nodes of multiple regions,,Lymph nodes of multiple regions,,false,false,,true
5380,168,L,9835/3,morphology,"Lymphoblastic leukemia-lymphoma, acute,",,"Lymphoblastic leukemia-lymphoma, acute,",,false,false,,true
5381,168,L,9727/3,morphology,Lymphoblastoma,,Lymphoblastoma [obs],,true,false,,true
5382,168,L,8583/3,morphology,"Lymphocyte-rich thymoma, malignant",,"Lymphocyte-rich thymoma, malignant (C37.9)",C37.9,false,false,,true
5383,168,L,8583/1,morphology,"Lymphocyte-rich thymoma, NOS",,"Lymphocyte-rich thymoma, NOS (C37.9)",C37.9,false,false,,true
5384,168,L,,,Lymphocytic,,"infiltrate of Jessner, benign (see SNOMED)",,false,true,,false
5385,168,L,8583/3,morphology,Lymphocytic,,"thymoma, malignant (C37.9)",C37.9,false,false,,false
5386,168,L,8583/1,morphology,Lymphocytic,,"thymoma, NOS (C37.9)",C37.9,false,false,,false
5387,168,L,,,Lymphocytic,,"Lymphocytoma cutis, benign (see SNOMED)",,false,true,,false
5388,168,L,9831/3,morphology,"Lymphocytosis, T-cell large granular",,"Lymphocytosis, T-cell large granular",,false,false,,true
5389,168,L,8082/3,morphology,Lymphoepithelial carcinoma,,Lymphoepithelial carcinoma,,false,false,,true
5390,168,L,,,Lymphoepithelial carcinoma,,"Lymphoepithelial lesion, benign (see SNOMED)",,false,true,,false
5391,168,L,8082/3,morphology,Lymphoepithelioma,,Lymphoepithelioma,,false,false,,true
5392,168,L,8082/3,morphology,Lymphoepithelioma-like carcinoma,,Lymphoepithelioma-like carcinoma,,false,false,,true
5393,168,L,,,Lymphoid,,"hamartoma, angiomatous (see SNOMED)",,false,true,,false
5394,168,L,,,Lymphoid,,"hyperplasia, NOS (see SNOMED)",,false,true,,false
5395,168,L,,,Lymphoid,,"polyp, benign (see SNOMED)",,false,true,,false
5396,168,L,,,Lymphoid,,"polyp, NOS (see SNOMED)",,false,true,,false
5397,168,L,8512/3,morphology,Lymphoid,,"stroma, medullary carcinoma with",,false,false,,false
5398,168,L,9827/3,morphology,Lymphoma/leukemia (see also leukemia/ lymphoma),,adult T-cell (includes all variants),,false,false,,false
5399,168,L,9591/3,morphology,Lymphoma/leukemia (see also leukemia/ lymphoma),,"B-cell splenic, unclassifiable",,false,false,,false
5400,168,L,9591/3,morphology,Lymphoma/leukemia (see also leukemia/ lymphoma),,"splenic B-cell, unclassifiable",,false,false,,false
5401,168,L,9827/3,morphology,Lymphoma/leukemia (see also leukemia/ lymphoma),,"T-cell, adult (includes all variants)",,false,false,,false
5402,169,L,9590/3,morphology,Lymphoma (malignant),,NOS,,false,false,,false
5403,169,L,9827/3,morphology,Lymphoma (malignant),,adult T-cell (includes all variants),,false,false,,false
5404,169,L,9827/3,morphology,Lymphoma (malignant),,adult T-cell leukemia/lymphoma (HTLV-1 positive) (includes all variants),,false,false,,false
5405,169,L,9827/3,morphology,Lymphoma (malignant),,adult T-cell lymphoma/leukemia (includes all variants),,false,false,,false
5406,169,L,9709/3,morphology,Lymphoma (malignant),,aggressive epdermotropic cytotoxic,,false,false,,false
5407,169,L,9705/3,morphology,Lymphoma (malignant),,"AILD (Angioimmunoblastic Lymphadenopathy with Dysproteinemia), peripheral T-cell",,false,false,,false
5408,169,L,9702/3,morphology,Lymphoma (malignant),,ALK negative anaplastic large cell,,false,false,,false
5409,169,L,9714/3,morphology,Lymphoma (malignant),,ALK positive anaplastic large cell,,false,false,,false
5410,169,L,9737/3,morphology,Lymphoma (malignant),,ALK positive large B-cell,,false,false,,false
5411,169,L,9680/3,morphology,Lymphoma (malignant),,anaplastic large B-cell,,false,false,,false
5412,169,L,9714/3,morphology,Lymphoma (malignant),Anaplastic large cell,NOS,,false,false,,false
5413,169,L,9702/3,morphology,Lymphoma (malignant),Anaplastic large cell,ALK negative,,false,false,,false
5414,169,L,9714/3,morphology,Lymphoma (malignant),Anaplastic large cell,ALK positive,,false,false,,false
5415,169,L,9714/3,morphology,Lymphoma (malignant),Anaplastic large cell,CD 30+,,false,false,,false
5416,169,L,9718/3,morphology,Lymphoma (malignant),Anaplastic large cell,primary cutaneous (C44._),,false,false,,false
5417,169,L,9714/3,morphology,Lymphoma (malignant),Anaplastic large cell,T cell and Null cell type,,false,false,,false
5418,169,L,9719/3,morphology,Lymphoma (malignant),,angiocentric T-cell [obs],,true,false,,false
5419,169,L,9705/3,morphology,Lymphoma (malignant),,angioimmunoblastic [obs],,true,false,,false
5420,169,L,9705/3,morphology,Lymphoma (malignant),,angioimmunoblastic T-cell,,false,false,,false
5421,169,L,9712/3,morphology,Lymphoma (malignant),,angiotropic,,false,false,,false
5422,169,L,9738/3,morphology,Lymphoma (malignant),,"arising in HHV8-associated multicentric Castleman disease, large",,false,false,,false
5423,169,L,9680/3,morphology,Lymphoma (malignant),,"associated with chronic inflammation, diffuse large B-cell",,false,false,,false
5424,169,L,9699/3,morphology,Lymphoma (malignant),,BALT,,false,false,,false
5425,169,L,9591/3,morphology,Lymphoma (malignant),B-cell,NOS,,false,false,,false
5426,169,L,9737/3,morphology,Lymphoma (malignant),B-cell,ALK positive large,,false,false,,false
5427,169,L,9680/3,morphology,Lymphoma (malignant),B-cell,anaplastic large Diffuse large,,false,false,,false
5428,169,L,9680/3,morphology,Lymphoma (malignant),B-cell,NOS,,false,false,,false
5429,169,L,9680/3,morphology,Lymphoma (malignant),B-cell,associated with chronic inflammation,,false,false,,false
5430,169,L,9680/3,morphology,Lymphoma (malignant),B-cell,"B-cell lymphoma, unclassifiable, with features intermediate between Burkitt lymphoma and",,false,false,,false
5431,169,L,9596/3,morphology,Lymphoma (malignant),B-cell,"B-cell lymphoma, unclassifiable, with features intermediate between classical Hodgkin lymphoma and",,false,false,,false
5432,169,L,9680/3,morphology,Lymphoma (malignant),B-cell,"centroblastic, NOS",,false,false,,false
5433,169,L,9680/3,morphology,Lymphoma (malignant),B-cell,"EBV positive, of the elderly",,false,false,,false
5434,169,L,9684/3,morphology,Lymphoma (malignant),B-cell,"immunoblastic, NOS",,false,false,,false
5435,169,L,9680/3,morphology,Lymphoma (malignant),"B-cell Diffuse large, continued","primary, of CNS (C70._, C71._, C72._)",,false,false,,false
5436,169,L,9680/3,morphology,Lymphoma (malignant),"B-cell Diffuse large, continued",histiocyte-rich large,,false,false,,false
5437,169,L,9712/3,morphology,Lymphoma (malignant),"B-cell Diffuse large, continued",intravascular,,false,false,,false
5438,169,L,9712/3,morphology,Lymphoma (malignant),"B-cell Diffuse large, continued",intravascular large (C49.9) Large,C49.9,false,false,,false
5439,169,L,9737/3,morphology,Lymphoma (malignant),"B-cell Diffuse large, continued",ALK positive,,false,false,,false
5440,169,L,9680/3,morphology,Lymphoma (malignant),"B-cell Diffuse large, continued",anaplastic,,false,false,,false
5441,169,L,9737/3,morphology,Lymphoma (malignant),"B-cell Diffuse large, continued",arising in HHV8-associated multicentric Castleman disease,,false,false,,false
5442,169,L,9680/3,morphology,Lymphoma (malignant),"B-cell Diffuse large, continued",histiocyte-rich,,false,false,,false
5443,169,L,9680/3,morphology,Lymphoma (malignant),"B-cell Diffuse large, continued",T-cell rich,,false,false,,false
5444,169,L,9688/3,morphology,Lymphoma (malignant),"B-cell Diffuse large, continued",T-cell rich/histiocyte-rich,,false,false,,false
5445,169,L,9728/3,morphology,Lymphoma (malignant),"B-cell Diffuse large, continued","lymphoblastic, precursor (see also 9836/3)",,false,false,9836/3,false
5446,169,L,9699/3,morphology,Lymphoma (malignant),"B-cell Diffuse large, continued","marginal zone, NOS",,false,false,,false
5447,169,L,9679/3,morphology,Lymphoma (malignant),"B-cell Diffuse large, continued",mediastinal large (C38.3),C38.3,false,false,,false
5448,169,L,9699/3,morphology,Lymphoma (malignant),"B-cell Diffuse large, continued",monocytoid,,false,false,,false
5449,169,L,9728/3,morphology,Lymphoma (malignant),"B-cell Diffuse large, continued","precursor, lymphoblastic (see also 9836/3)",,false,false,9836/3,false
5450,169,L,9670/3,morphology,Lymphoma (malignant),"B-cell Diffuse large, continued",small lymphocytic/chronic lymphocytic leukemia (see also 9823/3),,false,false,9823/3,false
5451,169,L,9591/3,morphology,Lymphoma (malignant),"B-cell Diffuse large, continued",splenic diffuse red pulp small,,false,false,,false
5452,169,L,9689/3,morphology,Lymphoma (malignant),"B-cell Diffuse large, continued",splenic marginal zone (C42.2),C42.2,false,false,,false
5453,169,L,9688/3,morphology,Lymphoma (malignant),"B-cell Diffuse large, continued",T-cell rich/histiocyte-rich large,,false,false,,false
5454,169,L,9680/3,morphology,Lymphoma (malignant),"B-cell Diffuse large, continued",T-cell rich large,,false,false,,false
5455,169,L,9679/3,morphology,Lymphoma (malignant),"B-cell Diffuse large, continued",thymic large (C37.9),C37.9,false,false,,false
5456,169,L,9680/3,morphology,Lymphoma (malignant),"B-cell Diffuse large, continued","unclassifiable, with features intermediate between diffuse large B-cell lymphoma and Burkitt lymphoma",,false,false,,false
5457,169,L,9596/3,morphology,Lymphoma (malignant),"B-cell Diffuse large, continued","unclassifiable, with features intermediate between diffuse large B-cell lymphoma and classical Hodgkin lymphoma",,false,false,,false
5458,169,L,9727/3,morphology,Lymphoma (malignant),,blastic NK cell [obs],,true,false,,false
5459,169,L,9670/3,morphology,Lymphoma (malignant),,"B lymphocytic, small, NOS",,false,false,,false
5460,169,L,9699/3,morphology,Lymphoma (malignant),,bronchial associated lymphoid tissue,,false,false,,false
5461,169,L,9687/3,morphology,Lymphoma (malignant),Burkitt,NOS (includes all variants),,false,false,,false
5462,169,L,9680/3,morphology,Lymphoma (malignant),Burkitt,"B-cell lymphoma, unclassifiable, with features intermediate between diffuse large B-cell lymphoma and",,false,false,,false
5463,169,L,9687/3,morphology,Lymphoma (malignant),Burkitt,"type, small noncleaved [obs] (includes all variants)",,true,false,,false
5464,169,L,9687/3,morphology,Lymphoma (malignant),Burkitt,"type, undifferentiated [obs] (includes all variants)",,true,false,,false
5465,170,L,9687/3,morphology,Lymphoma (malignant),,Burkitt-like,,false,false,,false
5466,170,L,9738/3,morphology,Lymphoma (malignant),,"Castleman disease, large B-cell, arising in HHV8-associated multicentric",,false,false,,false
5467,170,L,9714/3,morphology,Lymphoma (malignant),,CD30+ anaplastic large cell,,false,false,,false
5468,170,L,9718/3,morphology,Lymphoma (malignant),,"CD30+ large T-cell, primary cutaneous (C44._)",,false,false,,false
5469,170,L,9709/3,morphology,Lymphoma (malignant),,"CD4-positive small/medium T-cell, primary cutaneous",,false,false,,false
5470,170,L,9709/3,morphology,Lymphoma (malignant),,"CD8-positive aggressive epidermotropic cytotoxic T-cell, primary cutaneous",,false,false,,false
5471,170,L,9680/3,morphology,Lymphoma (malignant),Centroblastic,NOS,,false,false,,false
5472,170,L,9680/3,morphology,Lymphoma (malignant),Centroblastic,diffuse,,false,false,,false
5473,170,L,9698/3,morphology,Lymphoma (malignant),Centroblastic,follicular,,false,false,,false
5474,170,L,9680/3,morphology,Lymphoma (malignant),Centroblastic,"large B-cell, diffuse, NOS",,false,false,,false
5475,170,L,9675/3,morphology,Lymphoma (malignant),Centroblastic-centrocytic,NOS [obs],,true,false,,false
5476,170,L,9675/3,morphology,Lymphoma (malignant),Centroblastic-centrocytic,diffuse [obs],,true,false,,false
5477,170,L,9690/3,morphology,Lymphoma (malignant),Centroblastic-centrocytic,follicular [obs] (see also 9675/3),,true,false,9675/3,false
5478,170,L,9673/3,morphology,Lymphoma (malignant),,"centrocytic [obs] (includes all variants: 9680/3 centroblastic blastic, pleomorphic, small cell)",,true,false,,false
5479,170,L,9680/3,morphology,Lymphoma (malignant),,"chronic inflammation, diffuse large 9680/3 histiocytic",,false,false,,false
5480,170,L,9680/3,morphology,Lymphoma (malignant),,"cleaved and noncleaved, large cell [obs]",,true,false,,false
5481,170,L,9591/3,morphology,Lymphoma (malignant),Cleaved cell,NOS [obs],,true,false,,false
5482,170,L,9695/3,morphology,Lymphoma (malignant),Cleaved cell,follicular small Large,,false,false,,false
5483,170,L,9680/3,morphology,Lymphoma (malignant),Cleaved cell,NOS [obs],,true,false,,false
5484,170,L,9680/3,morphology,Lymphoma (malignant),Cleaved cell,diffuse,,false,false,,false
5485,170,L,9698/3,morphology,Lymphoma (malignant),Cleaved cell,follicular [obs],,true,false,,false
5486,170,L,9680/3,morphology,Lymphoma (malignant),Cleaved cell,"large cell, NOS [obs]",,true,false,,false
5487,170,L,9691/3,morphology,Lymphoma (malignant),Cleaved cell,"mixed small, and large cell, follicular [obs] Small",,true,false,,false
5488,170,L,9591/3,morphology,Lymphoma (malignant),Cleaved cell,NOS [obs],,true,false,,false
5489,170,L,9591/3,morphology,Lymphoma (malignant),Cleaved cell,diffuse [obs],,true,false,,false
5490,170,L,9695/3,morphology,Lymphoma (malignant),Cleaved cell,follicular [obs],,true,false,,false
5491,170,L,9680/3,morphology,Lymphoma (malignant),,"CNS, primary diffuse large B-cell of (C70._, C71._, C72._)",,false,false,,false
5492,170,L,9596/3,morphology,Lymphoma (malignant),,composite Hodgkin and non-Hodgkin,,false,false,,false
5493,170,L,9727/3,morphology,Lymphoma (malignant),,convoluted cell [obs],,true,false,,false
5494,170,L,9709/3,morphology,Lymphoma (malignant),Cutaneous,NOS (C44._) [obs],,true,false,,false
5495,170,L,9718/3,morphology,Lymphoma (malignant),Cutaneous,"CD30+ large T-cell, primary",,false,false,,false
5496,170,L,9709/3,morphology,Lymphoma (malignant),Cutaneous,"CD4-positive small/medium T-cell, primary",,false,false,,false
5497,170,L,9709/3,morphology,Lymphoma (malignant),Cutaneous,"CD8-positive aggressive epidermotropic cytotoxic T-cell, primary",,false,false,,false
5498,170,L,9680/3,morphology,Lymphoma (malignant),Cutaneous,"DLBCL, primary, leg type (C44.7)",C44.7,false,false,,false
5499,170,L,9597/3,morphology,Lymphoma (malignant),Cutaneous,"follicle center, primary",,false,false,,false
5500,170,L,9718/3,morphology,Lymphoma (malignant),Cutaneous Primary,anaplastic large-cell (C44._),,false,false,,false
5501,170,L,9718/3,morphology,Lymphoma (malignant),Cutaneous Primary,CD30+ large T-cell,,false,false,,false
5502,170,L,9709/3,morphology,Lymphoma (malignant),Cutaneous Primary,CD4-positive small/medium T-cell,,false,false,,false
5503,170,L,9709/3,morphology,Lymphoma (malignant),Cutaneous Primary,CD8-positive aggressive epidermotropic cytotoxic T-cell,,false,false,,false
5504,170,L,9680/3,morphology,Lymphoma (malignant),Cutaneous Primary,"DLBCL, leg type (C44.7)",C44.7,false,false,,false
5505,170,L,9597/3,morphology,Lymphoma (malignant),Cutaneous Primary,follicle center,,false,false,,false
5506,170,L,9726/3,morphology,Lymphoma (malignant),Cutaneous Primary,gamma-delta T-cell,,false,false,,false
5507,170,L,9718/3,morphology,Lymphoma (malignant),Cutaneous Primary,"primary, anaplastic large-cell (C44._)",,false,false,,false
5508,170,L,9709/3,morphology,Lymphoma (malignant),Cutaneous Primary,"T-cell, NOS (C44._)",,false,false,,false
5509,170,L,9709/3,morphology,Lymphoma (malignant),,"cytotoxic T-cell, primary cutaneous",,false,false,,false
5510,170,L,9591/3,morphology,Lymphoma (malignant),Diffuse,NOS,,false,false,,false
5511,170,L,9675/3,morphology,Lymphoma (malignant),Diffuse,centroblastic-centrocytic [obs] Large B-cell,,true,false,,false
5512,170,L,9680/3,morphology,Lymphoma (malignant),Diffuse,NOS,,false,false,,false
5513,170,L,9680/3,morphology,Lymphoma (malignant),Diffuse,associated with chronic inflammation,,false,false,,false
5514,170,L,9680/3,morphology,Lymphoma (malignant),Diffuse,"centroblastic, NOS",,false,false,,false
5515,170,L,9680/3,morphology,Lymphoma (malignant),Diffuse,"EBV positive, of the elderly",,false,false,,false
5516,170,L,9684/3,morphology,Lymphoma (malignant),Diffuse,"immunoblastic, NOS",,false,false,,false
5517,170,L,9680/3,morphology,Lymphoma (malignant),Diffuse,"primary, of CNS (C70._, C71._, C72._) Large cell",,false,false,,false
5518,170,L,9680/3,morphology,Lymphoma (malignant),Diffuse,NOS [obs],,true,false,,false
5519,170,L,9680/3,morphology,Lymphoma (malignant),Diffuse,cleaved,,false,false,,false
5520,170,L,9680/3,morphology,Lymphoma (malignant),Diffuse,noncleaved Lymphocytic,,false,false,,false
5521,170,L,9670/3,morphology,Lymphoma (malignant),Diffuse,NOS (see also 9823/3),,false,false,9823/3,false
5522,170,L,9673/3,morphology,Lymphoma (malignant),Diffuse,"intermediate differentiation [obs] (includes all variants: blastic, pleomorphic, small cell)",,true,false,,false
5523,170,L,9591/3,morphology,Lymphoma (malignant),Diffuse,poorly differentiated [obs],,true,false,,false
5524,170,L,9670/3,morphology,Lymphoma (malignant),Diffuse,small (see also 9823/3),,false,false,9823/3,false
5525,170,L,9670/3,morphology,Lymphoma (malignant),Diffuse,well differentiated (see also 9823/3) Mixed,,false,false,9823/3,false
5526,170,L,9675/3,morphology,Lymphoma (malignant),Diffuse,cell type [obs],,true,false,,false
5527,170,L,9675/3,morphology,Lymphoma (malignant),Diffuse,lymphocytic-histiocytic [obs],,true,false,,false
5528,170,L,9675/3,morphology,Lymphoma (malignant),Diffuse,small and large cell [obs],,true,false,,false
5529,171,L,9680/3,morphology,Lymphoma (malignant),Diffuse,"noncleaved, NOS [obs]",,true,false,,false
5530,171,L,9591/3,morphology,Lymphoma (malignant),Diffuse,"red pulp small B-cell lymphoma, splenic Small",,false,false,,false
5531,171,L,9591/3,morphology,Lymphoma (malignant),Diffuse,"cell, noncleaved [obs]",,true,false,,false
5532,171,L,9670/3,morphology,Lymphoma (malignant),Diffuse,cell (see also 9823/3),,false,false,9823/3,false
5533,171,L,9591/3,morphology,Lymphoma (malignant),Diffuse,cleaved cell [obs],,true,false,,false
5534,171,L,9670/3,morphology,Lymphoma (malignant),Diffuse,lymphocytic (see also 9823/3),,false,false,9823/3,false
5535,171,L,9687/3,morphology,Lymphoma (malignant),Diffuse,"noncleaved, Burkitt type",,false,false,,false
5536,171,L,9591/3,morphology,Lymphoma (malignant),Diffuse,splenic red pulp B-cell,,false,false,,false
5537,171,L,9680/3,morphology,Lymphoma (malignant),,"DLBCL, primary cutaneous, leg type (C44.7)",C44.7,false,false,,false
5538,171,L,9680/3,morphology,Lymphoma (malignant),,EBV positive diffuse large B-cell lymphoma of the elderly,,false,false,,false
5539,171,L,9717/3,morphology,Lymphoma (malignant),,enteropathy associated T-cell lymphoma,,false,false,,false
5540,171,L,9717/3,morphology,Lymphoma (malignant),,enteropathy type intestinal T-cell lymphoma,,false,false,,false
5541,171,L,9709/3,morphology,Lymphoma (malignant),,"epidermotropic cytotoxic T-cell, primary cutaneous CD8-positive aggressive",,false,false,,false
5542,171,L,9699/3,morphology,Lymphoma (malignant),,extranodal marginal zone lymphoma of mucosa-associated lymphoid tissue,,false,false,,false
5543,171,L,9719/3,morphology,Lymphoma (malignant),,"extranodal NK/T cell lymphoma, nasal type",,false,false,,false
5544,171,L,9690/3,morphology,Lymphoma (malignant),Follicle center,NOS (see also 9675/3),,false,false,9675/3,false
5545,171,L,9690/3,morphology,Lymphoma (malignant),Follicle center,follicular (see also 9675/3),,false,false,9675/3,false
5546,171,L,9597/3,morphology,Lymphoma (malignant),Follicle center,primary cutaneous,,false,false,,false
5547,171,L,9690/3,morphology,Lymphoma (malignant),Follicular,NOS (see also 9675/3),,false,false,9675/3,false
5548,171,L,9698/3,morphology,Lymphoma (malignant),Follicular,centroblastic,,false,false,,false
5549,171,L,9690/3,morphology,Lymphoma (malignant),Follicular,centroblastic-centrocytic [obs] (see also 9675/3),,true,false,9675/3,false
5550,171,L,9690/3,morphology,Lymphoma (malignant),Follicular,follicle center (see also 9675/3),,false,false,9675/3,false
5551,171,L,9695/3,morphology,Lymphoma (malignant),Follicular,grade 1,,false,false,,false
5552,171,L,9691/3,morphology,Lymphoma (malignant),Follicular,grade 2,,false,false,,false
5553,171,L,9698/3,morphology,Lymphoma (malignant),Follicular,grade 3,,false,false,,false
5554,171,L,9698/3,morphology,Lymphoma (malignant),Follicular,grade 3A,,false,false,,false
5555,171,L,9698/3,morphology,Lymphoma (malignant),Follicular,grade 3B,,false,false,,false
5556,171,L,9698/3,morphology,Lymphoma (malignant),Follicular,"large cell, noncleaved [obs]",,true,false,,false
5557,171,L,9698/3,morphology,Lymphoma (malignant),Follicular,"large cell, NOS",,false,false,,false
5558,171,L,9698/3,morphology,Lymphoma (malignant),Follicular,large cleaved cell [obs],,true,false,,false
5559,171,L,9691/3,morphology,Lymphoma (malignant),Follicular,mixed cell type [obs],,true,false,,false
5560,171,L,9691/3,morphology,Lymphoma (malignant),Follicular,mixed small cleaved and large cell [obs],,true,false,,false
5561,171,L,9698/3,morphology,Lymphoma (malignant),Follicular,"noncleaved cell, NOS [obs]",,true,false,,false
5562,171,L,9695/3,morphology,Lymphoma (malignant),Follicular,small cleaved cell [obs],,true,false,,false
5563,171,L,9726/3,morphology,Lymphoma (malignant),,"gamma-delta T-cell, primary cutaneous",,false,false,,false
5564,171,L,9716/3,morphology,Lymphoma (malignant),,hepatosplenic γδ (gamma-delta) cell,,false,false,,false
5565,171,L,9716/3,morphology,Lymphoma (malignant),,hepatosplenic T-cell,,false,false,,false
5566,171,L,9738/3,morphology,Lymphoma (malignant),,HHV8-associated multicentric,,false,false,,false
5567,171,L,9680/3,morphology,Lymphoma (malignant),,histiocyte-rich large B-cell,,false,false,,false
5568,171,L,9688/3,morphology,Lymphoma (malignant),,histiocyte-rich/T-cell rich large B-cell,,false,false,,false
5569,171,L,9680/3,morphology,Lymphoma (malignant),Histiocytic,NOS [obs],,true,false,,false
5570,171,L,9680/3,morphology,Lymphoma (malignant),Histiocytic,diffuse,,false,false,,false
5571,171,L,9698/3,morphology,Lymphoma (malignant),Histiocytic,nodular [obs],,true,false,,false
5572,171,L,9755/3,morphology,Lymphoma (malignant),Histiocytic,true,,false,false,,false
5573,171,L,9596/3,morphology,Lymphoma (malignant),,"Hodgkin and non-Hodgkin, composite",,false,false,,false
5574,171,L,9650/3,morphology,Lymphoma (malignant),,Hodgkin (see Hodgkin lymphoma),,false,false,,false
5575,171,L,9725/3,morphology,Lymphoma (malignant),,hydroa vacciniforme-like,,false,false,,false
5576,171,L,9684/3,morphology,Lymphoma (malignant),Immunoblastic,NOS,,false,false,,false
5577,171,L,9684/3,morphology,Lymphoma (malignant),Immunoblastic,"large B-cell, diffuse, NOS",,false,false,,false
5578,171,L,9684/3,morphology,Lymphoma (malignant),Immunoblastic,large cell,,false,false,,false
5579,171,L,9680/3,morphology,Lymphoma (malignant),,"inflammation, diffuse large B-cell associated with chronic",,false,false,,false
5580,171,L,9680/3,morphology,Lymphoma (malignant),Intermediate,"between diffuse large B-cell lymphoma and Burkitt lymphoma, B-cell, unclassifiable, with features",,false,false,,false
5581,171,L,9596/3,morphology,Lymphoma (malignant),Intermediate,"between diffuse large B-cell lymphoma and classical Hodgkin lymphoma, B-cell, unclassifiable, with features",,false,false,,false
5582,171,L,9673/3,morphology,Lymphoma (malignant),Intermediate,"differentiation, lymphocytic, diffuse [obs] (includes all variants: blastic, pleomorphic, small cell)",,true,false,,false
5583,171,L,9591/3,morphology,Lymphoma (malignant),Intermediate,"differentiation, lymphocytic, nodular [obs]",,true,false,,false
5584,171,L,9717/3,morphology,Lymphoma (malignant),,intestinal T-cell,,false,false,,false
5585,171,L,9717/3,morphology,Lymphoma (malignant),,"intestinal T-cell, enteropathy type",,false,false,,false
5586,171,L,9712/3,morphology,Lymphoma (malignant),,intravascular B-cell,,false,false,,false
5587,171,L,9712/3,morphology,Lymphoma (malignant),,intravascular large B-cell (C49.9),C49.9,false,false,,false
5588,171,L,9714/3,morphology,Lymphoma (malignant),,Ki-1+ large cell [obs],,true,false,,false
5589,171,L,9680/3,morphology,Lymphoma (malignant),Large,NOS B-cell,,false,false,,false
5590,171,L,9680/3,morphology,Lymphoma (malignant),Large,NOS,,false,false,,false
5591,171,L,9737/3,morphology,Lymphoma (malignant),Large,ALK positive,,false,false,,false
5592,171,L,9680/3,morphology,Lymphoma (malignant),Large,anaplastic,,false,false,,false
5593,171,L,9738/3,morphology,Lymphoma (malignant),Large,arising in HHV8-associated multicentric Castleman disease,,false,false,,false
5594,171,L,9680/3,morphology,Lymphoma (malignant),Large,histiocyte-rich large,,false,false,,false
5595,171,L,9712/3,morphology,Lymphoma (malignant),Large,intravascular (C49.9),C49.9,false,false,,false
5596,171,L,9679/3,morphology,Lymphoma (malignant),Large,mediastinal (C38.3),C38.3,false,false,,false
5597,171,L,9680/3,morphology,Lymphoma (malignant),Large,T-cell rich,,false,false,,false
5598,171,L,9688/3,morphology,Lymphoma (malignant),Large,T-cell rich/histiocyte-rich,,false,false,,false
5599,171,L,9679/3,morphology,Lymphoma (malignant),Large,thymic (C37.9),C37.9,false,false,,false
5600,171,L,9698/3,morphology,Lymphoma (malignant),Large,"cleaved cell, follicular [obs]",,true,false,,false
5601,171,L,9680/3,morphology,Lymphoma (malignant),Large,"cleaved cell, NOS [obs]",,true,false,,false
5602,172,L,9680/3,morphology,Lymphoma (malignant),Large,histiocyte-rich large B-cell,,false,false,,false
5603,172,L,9714/3,morphology,Lymphoma (malignant),Large,large cell (Ki-1+) [obs],,true,false,,false
5604,172,L,9675/3,morphology,Lymphoma (malignant),Large,"mixed small and large cell, diffuse 9727/3 precursor cell, NOS (see also [obs]",,true,false,,false
5605,172,L,9691/3,morphology,Lymphoma (malignant),Large,"mixed small cleaved and large cell, 9729/3 precursor T-cell (see also 9837/3) follicular [obs]",,true,false,9837/3,false
5606,172,L,9702/3,morphology,Lymphoma (malignant),Large,"peripheral T-cell, pleomorphic medium and large cell",,false,false,,false
5607,172,L,9718/3,morphology,Lymphoma (malignant),Large,primary cutaneous anaplastic large cell (C44._) T-cell,,false,false,,false
5608,172,L,9714/3,morphology,Lymphoma (malignant),Large,"and null cell type, anaplastic",,false,false,,false
5609,172,L,9718/3,morphology,Lymphoma (malignant),Large,primary cutaneous CD30+,,false,false,,false
5610,172,L,9688/3,morphology,Lymphoma (malignant),Large,rich/histiocyte-rich large B-cell,,false,false,,false
5611,172,L,9680/3,morphology,Lymphoma (malignant),Large,rich large B-cell,,false,false,,false
5612,172,L,9714/3,morphology,Lymphoma (malignant),Large cell Anaplastic,NOS,,false,false,,false
5613,172,L,9702/3,morphology,Lymphoma (malignant),Large cell Anaplastic,ALK negative,,false,false,,false
5614,172,L,9714/3,morphology,Lymphoma (malignant),Large cell Anaplastic,ALK positive,,false,false,,false
5615,172,L,9680/3,morphology,Lymphoma (malignant),Large cell Anaplastic,B-cell,,false,false,,false
5616,172,L,9714/3,morphology,Lymphoma (malignant),Large cell Anaplastic,CD30+,,false,false,,false
5617,172,L,9714/3,morphology,Lymphoma (malignant),Large cell Anaplastic,T-cell and Null cell type,,false,false,,false
5618,172,L,9714/3,morphology,Lymphoma (malignant),Large cell Anaplastic,CD30+ anaplastic Cleaved,,false,false,,false
5619,172,L,9680/3,morphology,Lymphoma (malignant),Large cell Anaplastic,NOS [obs],,true,false,,false
5620,172,L,9680/3,morphology,Lymphoma (malignant),Large cell Anaplastic,and noncleaved [obs],,true,false,,false
5621,172,L,9680/3,morphology,Lymphoma (malignant),Large cell Anaplastic,diffuse,,false,false,,false
5622,172,L,9680/3,morphology,Lymphoma (malignant),Large cell Anaplastic,"diffuse, NOS [obs]",,true,false,,false
5623,172,L,9698/3,morphology,Lymphoma (malignant),Large cell Anaplastic,"follicular, NOS",,false,false,,false
5624,172,L,9684/3,morphology,Lymphoma (malignant),Large cell Anaplastic,immunoblastic Non-cleaved,,false,false,,false
5625,172,L,9680/3,morphology,Lymphoma (malignant),Large cell Anaplastic,NOS,,false,false,,false
5626,172,L,9680/3,morphology,Lymphoma (malignant),Large cell Anaplastic,diffuse,,false,false,,false
5627,172,L,9698/3,morphology,Lymphoma (malignant),Large cell Anaplastic,follicular [obs],,true,false,,false
5628,172,L,9702/3,morphology,Lymphoma (malignant),Large cell Anaplastic,peripheral T-cell,,false,false,,false
5629,172,L,9718/3,morphology,Lymphoma (malignant),Large cell Anaplastic,primary cutaneous anaplastic (C44._),,false,false,,false
5630,172,L,9680/3,morphology,Lymphoma (malignant),Large diffuse B-cell,NOS,,false,false,,false
5631,172,L,9680/3,morphology,Lymphoma (malignant),Large diffuse B-cell,associated with chronic inflammation,,false,false,,false
5632,172,L,9680/3,morphology,Lymphoma (malignant),Large diffuse B-cell,"centroblastic, NOS",,false,false,,false
5633,172,L,9680/3,morphology,Lymphoma (malignant),Large diffuse B-cell,"EBV positive, of the elderly",,false,false,,false
5634,172,L,9684/3,morphology,Lymphoma (malignant),Large diffuse B-cell,"immunoblastic, NOS",,false,false,,false
5635,172,L,9680/3,morphology,Lymphoma (malignant),Large diffuse B-cell,"primary, of CNS (C70._, C71._, C72._)",,false,false,,false
5636,172,L,9680/3,morphology,Lymphoma (malignant),,"leg type, primary cutaneous DLBCL (C44.7)",C44.7,false,false,,false
5637,172,L,9702/3,morphology,Lymphoma (malignant),,Lennert,,false,false,,false
5638,172,L,9727/3,morphology,Lymphoma (malignant),Lymphoblastic,NOS (see also 9835/3),,false,false,9835/3,false
5639,172,L,9728/3,morphology,Lymphoma (malignant),Lymphoblastic,precursor B-cell (see also 9836/3) 9835/3),,false,false,9836/3,false
5640,172,L,9670/3,morphology,Lymphoma (malignant),Lymphocytic,NOS (see also 9823/3),,false,false,9823/3,false
5641,172,L,9670/3,morphology,Lymphoma (malignant),Lymphocytic,"B, small, NOS (see also 9823/3) Diffuse",,false,false,9823/3,false
5642,172,L,9670/3,morphology,Lymphoma (malignant),Lymphocytic,NOS (see also 9823/3),,false,false,9823/3,false
5643,172,L,9673/3,morphology,Lymphoma (malignant),Lymphocytic,"intermediate differentiation [obs] (includes all variants: blastic, pleomorphic, small cell)",,true,false,,false
5644,172,L,9591/3,morphology,Lymphoma (malignant),Lymphocytic,poorly differentiated [obs],,true,false,,false
5645,172,L,9670/3,morphology,Lymphoma (malignant),Lymphocytic,small (see also 9823/3),,false,false,9823/3,false
5646,172,L,9670/3,morphology,Lymphoma (malignant),Lymphocytic,well differentiated (see also 9823/3),,false,false,9823/3,false
5647,172,L,9673/3,morphology,Lymphoma (malignant),Lymphocytic,"intermediate differentiation, diffuse [obs] (includes all variants: blastic, pleomorphic, small cell) Nodular",,true,false,,false
5648,172,L,9690/3,morphology,Lymphoma (malignant),Lymphocytic,NOS [obs] (see also 9675/3),,true,false,9675/3,false
5649,172,L,9591/3,morphology,Lymphoma (malignant),Lymphocytic,intermediate differentiation [obs],,true,false,,false
5650,172,L,9695/3,morphology,Lymphoma (malignant),Lymphocytic,poorly differentiated [obs],,true,false,,false
5651,172,L,9698/3,morphology,Lymphoma (malignant),Lymphocytic,well differentiated [obs],,true,false,,false
5652,172,L,9591/3,morphology,Lymphoma (malignant),Lymphocytic,"poorly differentiated, diffuse [obs]",,true,false,,false
5653,172,L,9695/3,morphology,Lymphoma (malignant),Lymphocytic,"poorly differentiated, nodular [obs] Small",,true,false,,false
5654,172,L,9670/3,morphology,Lymphoma (malignant),Lymphocytic,NOS (see also 9823/3),,false,false,9823/3,false
5655,172,L,9670/3,morphology,Lymphoma (malignant),Lymphocytic,/B-cell chronic lymphocytic leukemia (see also 9823/3),,false,false,9823/3,false
5656,172,L,9670/3,morphology,Lymphoma (malignant),Lymphocytic,"B, NOS (see also 9823/3)",,false,false,9823/3,false
5657,172,L,9670/3,morphology,Lymphoma (malignant),Lymphocytic,diffuse (see also 9823/3),,false,false,9823/3,false
5658,172,L,9670/3,morphology,Lymphoma (malignant),Lymphocytic,"well differentiated, diffuse (see also 9823/3)",,false,false,9823/3,false
5659,172,L,9698/3,morphology,Lymphoma (malignant),Lymphocytic,"well differentiated, nodular [obs]",,true,false,,false
5660,172,L,9675/3,morphology,Lymphoma (malignant),,"lymphocytic-histiocytic, mixed, diffuse",,false,false,,false
5661,172,L,9691/3,morphology,Lymphoma (malignant),,"lymphocytic-histiocytic, mixed, nodular [obs]",,true,false,,false
5662,172,L,9702/3,morphology,Lymphoma (malignant),,lymphoepithelioid,,false,false,,false
5663,172,L,9699/3,morphology,Lymphoma (malignant),Lymphoid tissue,bronchial-associated,,false,false,,false
5664,172,L,9699/3,morphology,Lymphoma (malignant),Lymphoid tissue,"extranodal marginal zone, of mucosa-associated",,false,false,,false
5665,172,L,9699/3,morphology,Lymphoma (malignant),Lymphoid tissue,mucosa-associated,,false,false,,false
5666,172,L,9699/3,morphology,Lymphoma (malignant),Lymphoid tissue,skin-associated,,false,false,,false
5667,173,L,9671/3,morphology,Lymphoma (malignant),,lymphoplasmacytic,,false,false,,false
5668,173,L,9671/3,morphology,Lymphoma (malignant),,lymphoplasmacytoid,,false,false,,false
5669,173,L,9699/3,morphology,Lymphoma (malignant),,MALT,,false,false,,false
5670,173,L,9673/3,morphology,Lymphoma (malignant),,"mantle cell (includes all variants: blastic, pleomorphic, small cell)",,false,false,,false
5671,173,L,9673/3,morphology,Lymphoma (malignant),,"mantle zone [obs] (includes all variants: blastic, pleomorphic, small cell)",,true,false,,false
5672,173,L,9699/3,morphology,Lymphoma (malignant),Marginal zone,NOS,,false,false,,false
5673,173,L,9699/3,morphology,Lymphoma (malignant),Marginal zone,"B-cell, NOS",,false,false,,false
5674,173,L,9689/3,morphology,Lymphoma (malignant),Marginal zone,"B-cell, splenic (C42.2)",C42.2,false,false,,false
5675,173,L,9699/3,morphology,Lymphoma (malignant),Marginal zone,"extranodal, of mucosa-associated lymphoid tissue",,false,false,,false
5676,173,L,9699/3,morphology,Lymphoma (malignant),Marginal zone,nodal,,false,false,,false
5677,173,L,9689/3,morphology,Lymphoma (malignant),Marginal zone,"splenic, B-cell (C42.2)",C42.2,false,false,,false
5678,173,L,9689/3,morphology,Lymphoma (malignant),Marginal zone,"splenic, NOS (C42.2)",C42.2,false,false,,false
5679,173,L,9702/3,morphology,Lymphoma (malignant),,"mature T-cell, NOS",,false,false,,false
5680,173,L,9679/3,morphology,Lymphoma (malignant),,mediastinal large B-cell (C38.3),C38.3,false,false,,false
5681,173,L,9764/3,morphology,Lymphoma (malignant),,Mediterranean,,false,false,,false
5682,173,L,9702/3,morphology,Lymphoma (malignant),,"medium and large cell, peripheral",,false,false,,false
5683,173,L,9675/3,morphology,Lymphoma (malignant),Mixed Cell type,diffuse [obs],,true,false,,false
5684,173,L,9691/3,morphology,Lymphoma (malignant),Mixed Cell type,follicular [obs],,true,false,,false
5685,173,L,9691/3,morphology,Lymphoma (malignant),Mixed Cell type,nodular [obs],,true,false,,false
5686,173,L,9675/3,morphology,Lymphoma (malignant),Mixed Cell type,"lymphocytic-histiocytic, diffuse [obs]",,true,false,,false
5687,173,L,9691/3,morphology,Lymphoma (malignant),Mixed Cell type,"lymphocytic-histiocytic, nodular [obs]",,true,false,,false
5688,173,L,9675/3,morphology,Lymphoma (malignant),Mixed Cell type,"small and large cell, diffuse [obs]",,true,false,,false
5689,173,L,9691/3,morphology,Lymphoma (malignant),Mixed Cell type,"small cleaved and large cell, follicular [obs]",,true,false,,false
5690,173,L,9699/3,morphology,Lymphoma (malignant),,monocytoid B-cell,,false,false,,false
5691,173,L,9699/3,morphology,Lymphoma (malignant),,mucosa-associated lymphoid tissue,,false,false,,false
5692,173,L,9699/3,morphology,Lymphoma (malignant),,"mucosa-associated lymphoid tissue, extranodal marginal zone of",,false,false,,false
5693,173,L,9738/3,morphology,Lymphoma (malignant),,"multicentric Castleman disease, large",,false,false,,false
5694,173,L,9719/3,morphology,Lymphoma (malignant),,nasal and nasal-type NK/T-cell,,false,false,,false
5695,173,L,9719/3,morphology,Lymphoma (malignant),,nasal type extranodal NK/T-cell,,false,false,,false
5696,173,L,9727/3,morphology,Lymphoma (malignant),,"NK cell, blastic [obs]",,true,false,,false
5697,173,L,9719/3,morphology,Lymphoma (malignant),,"NK/T-cell, extranodal, nasal type",,false,false,,false
5698,173,L,9719/3,morphology,Lymphoma (malignant),,"NK/T-cell, nasal and nasal-type",,false,false,,false
5699,173,L,9699/3,morphology,Lymphoma (malignant),,nodal marginal zone,,false,false,,false
5700,173,L,9690/3,morphology,Lymphoma (malignant),Nodular,NOS [obs] (see also 9675/3),,true,false,9675/3,false
5701,173,L,9698/3,morphology,Lymphoma (malignant),Nodular,histiocytic [obs] Lymphocytic,,true,false,,false
5702,173,L,9690/3,morphology,Lymphoma (malignant),Nodular,NOS [obs] (see also 9675/3),,true,false,9675/3,false
5703,173,L,9591/3,morphology,Lymphoma (malignant),Nodular,intermediate differentiation [obs],,true,false,,false
5704,173,L,9695/3,morphology,Lymphoma (malignant),Nodular,poorly differentiated [obs],,true,false,,false
5705,173,L,9698/3,morphology,Lymphoma (malignant),Nodular,well differentiated [obs],,true,false,,false
5706,173,L,9691/3,morphology,Lymphoma (malignant),Nodular,mixed cell type [obs],,true,false,,false
5707,173,L,9691/3,morphology,Lymphoma (malignant),Nodular,mixed lymphocytic-histiocytic [obs],,true,false,,false
5708,173,L,9591/3,morphology,Lymphoma (malignant),,non-Burkitt undifferentiated cell [obs],,true,false,,false
5709,173,L,9680/3,morphology,Lymphoma (malignant),Non-cleaved,NOS,,false,false,,false
5710,173,L,9680/3,morphology,Lymphoma (malignant),Non-cleaved,and cleaved large cell [obs],,true,false,,false
5711,173,L,9698/3,morphology,Lymphoma (malignant),Non-cleaved,"cell, follicular, NOS [obs]",,true,false,,false
5712,173,L,9591/3,morphology,Lymphoma (malignant),Non-cleaved,"cell, NOS",,false,false,,false
5713,173,L,9680/3,morphology,Lymphoma (malignant),Non-cleaved,"diffuse, NOS [obs] Large cell",,true,false,,false
5714,173,L,9680/3,morphology,Lymphoma (malignant),Non-cleaved,NOS,,false,false,,false
5715,173,L,9680/3,morphology,Lymphoma (malignant),Non-cleaved,diffuse,,false,false,,false
5716,173,L,9698/3,morphology,Lymphoma (malignant),Non-cleaved,follicular [obs],,true,false,,false
5717,173,L,9687/3,morphology,Lymphoma (malignant),Non-cleaved,"small, Burkitt type [obs] (includes all variants)",,true,false,,false
5718,173,L,9591/3,morphology,Lymphoma (malignant),Non-cleaved,"small cell, diffuse [obs]",,true,false,,false
5719,173,L,9596/3,morphology,Lymphoma (malignant),,"non-Hodgkin and Hodgkin, composite",,false,false,,false
5720,173,L,9591/3,morphology,Lymphoma (malignant),,"non-Hodgkin, NOS",,false,false,,false
5721,173,L,9714/3,morphology,Lymphoma (malignant),,null cell and T-cell type anaplastic large cell,,false,false,,false
5722,173,L,9680/3,morphology,Lymphoma (malignant),,"of CNS, diffuse large B-cell (C70._, C71._, C72._)",,false,false,,false
5723,173,L,9680/3,morphology,Lymphoma (malignant),,"of the elderly, EBV positive diffuse large B-cell",,false,false,,false
5724,173,L,9708/3,morphology,Lymphoma (malignant),,"panniculitis-like T-cell lymphoma, subcutaneous",,false,false,,false
5725,173,L,9702/3,morphology,Lymphoma (malignant),Peripheral T-cell,NOS,,false,false,,false
5726,173,L,9705/3,morphology,Lymphoma (malignant),Peripheral T-cell,AILD (Angioimmunoblastic Lymphadenopathy with Dysproteinemia) [obs],,true,false,,false
5727,173,L,9702/3,morphology,Lymphoma (malignant),Peripheral T-cell,large cell,,false,false,,false
5728,173,L,9702/3,morphology,Lymphoma (malignant),Peripheral T-cell,pleomorphic medium and large cell,,false,false,,false
5729,173,L,9702/3,morphology,Lymphoma (malignant),Peripheral T-cell,pleomorphic small cell,,false,false,,false
5730,173,L,9735/3,morphology,Lymphoma (malignant),,plasmablastic,,false,false,,false
5731,173,L,9671/3,morphology,Lymphoma (malignant),,plasmacytic [obs],,true,false,,false
5732,173,L,9671/3,morphology,Lymphoma (malignant),,plasmacytoid [obs],,true,false,,false
5733,173,L,9702/3,morphology,Lymphoma (malignant),,"pleomorphic medium and large cell, peripheral T-cell",,false,false,,false
5734,173,L,9702/3,morphology,Lymphoma (malignant),,"pleomorphic small cell, peripheral",,false,false,,false
5735,173,L,9591/3,morphology,Lymphoma (malignant),Poorly differentiated,"lymphocytic, diffuse [obs]",,true,false,,false
5736,173,L,9695/3,morphology,Lymphoma (malignant),Poorly differentiated,"lymphocytic, nodular [obs]",,true,false,,false
5737,174,L,9728/3,morphology,Lymphoma (malignant),Precursor,B-cell lymphoblastic (see also 9591/3 diffuse red pulp small B-cell 9836/3),,false,false,9591/3 diffuse red pulp small B-cell 9836/3,false
5738,174,L,9727/3,morphology,Lymphoma (malignant),Precursor,"cell lymphoblastic, NOS (see also 9689/3 marginal zone B-cell (C42.2) 9835/3)",C42.2,false,false,9689/3 marginal zone B-cell (C42.2,false
5739,174,L,9729/3,morphology,Lymphoma (malignant),Precursor,T-cell lymphoblastic (see also 9689/3 with villous lymphocytes (C42.2) 9837/3),C42.2,false,false,9689/3 with villous lymphocytes (C42.2,false
5740,174,L,9718/3,morphology,Lymphoma (malignant),Primary cutaneous,anaplastic large-cell (C44._),,false,false,,false
5741,174,L,9718/3,morphology,Lymphoma (malignant),Primary cutaneous,CD30+ large T-cell,,false,false,,false
5742,174,L,9709/3,morphology,Lymphoma (malignant),Primary cutaneous,CD4-positive small/medium T-cell,,false,false,,false
5743,174,L,9709/3,morphology,Lymphoma (malignant),Primary cutaneous,CD8-positive aggressive epidermotropic cytotoxic T-cell,,false,false,,false
5744,174,L,9680/3,morphology,Lymphoma (malignant),Primary cutaneous,"DLBCL, leg type (C44.7)",C44.7,false,false,,false
5745,174,L,9597/3,morphology,Lymphoma (malignant),Primary cutaneous,follicle center,,false,false,,false
5746,174,L,9726/3,morphology,Lymphoma (malignant),Primary cutaneous,gamma-delta T-cell,,false,false,,false
5747,174,L,9680/3,morphology,Lymphoma (malignant),,"primary diffuse large B-cell, of the CNS (C70._, C71._, C72._)",,false,false,,false
5748,174,L,9678/3,morphology,Lymphoma (malignant),,primary effusion,,false,false,,false
5749,174,L,9591/3,morphology,Lymphoma (malignant),,"red pulp small B-cell, splenic diffuse",,false,false,,false
5750,174,L,9699/3,morphology,Lymphoma (malignant),,SALT,,false,false,,false
5751,174,L,9699/3,morphology,Lymphoma (malignant),,Skin associated lymphoid tissue,,false,false,,false
5752,174,L,9675/3,morphology,Lymphoma (malignant),Small,"and large cell, mixed, diffuse [obs]",,true,false,,false
5753,174,L,9591/3,morphology,Lymphoma (malignant),Small,"B-cell, splenic diffuse red pulp",,false,false,,false
5754,174,L,9670/3,morphology,Lymphoma (malignant),Small,"B lymphocytic, NOS (see also 9823/3) Cell",,false,false,9823/3,false
5755,174,L,9670/3,morphology,Lymphoma (malignant),Small,NOS (see also 9823/3),,false,false,9823/3,false
5756,174,L,9670/3,morphology,Lymphoma (malignant),Small,diffuse (see also 9823/3),,false,false,9823/3,false
5757,174,L,9591/3,morphology,Lymphoma (malignant),Small,"noncleaved, diffuse [obs]",,true,false,,false
5758,174,L,9702/3,morphology,Lymphoma (malignant),Small,"pleomorphic, peripheral T-cell Cleaved",,false,false,,false
5759,174,L,9691/3,morphology,Lymphoma (malignant),Small,"and large cell, mixed, follicular [obs]",,true,false,,false
5760,174,L,9591/3,morphology,Lymphoma (malignant),Small,"cell, diffuse [obs]",,true,false,,false
5761,174,L,9591/3,morphology,Lymphoma (malignant),Small,"cell, NOS [obs]",,true,false,,false
5762,174,L,9695/3,morphology,Lymphoma (malignant),Small,"cleaved cell, follicular [obs]",,true,false,,false
5763,174,L,9670/3,morphology,Lymphoma (malignant),Small,lymphocytic/B-cell chronic lymphocytic leukemia (see also 9823/3),,false,false,9823/3,false
5764,174,L,9670/3,morphology,Lymphoma (malignant),Small,"lymphocytic, B, NOS (see also 9823/3)",,false,false,9823/3,false
5765,174,L,9670/3,morphology,Lymphoma (malignant),Small,"lymphocytic, diffuse, NOS (see also 9823/3)",,false,false,9823/3,false
5766,174,L,9670/3,morphology,Lymphoma (malignant),Small,"lymphocytic, NOS (see also 9823/3)",,false,false,9823/3,false
5767,174,L,9687/3,morphology,Lymphoma (malignant),Small,"noncleaved, Burkitt type [obs] (includes all variants)",,true,false,,false
5768,174,L,9689/3,morphology,Lymphoma (malignant),Splenic lymphoma,"marginal zone, NOS (C42.2)",C42.2,false,false,,false
5769,174,L,9708/3,morphology,Lymphoma (malignant),,subcutaneous panniculitis-like T-cell lymphoma,,false,false,,false
5770,174,L,9702/3,morphology,Lymphoma (malignant),T-cell,NOS,,false,false,,false
5771,174,L,9709/3,morphology,Lymphoma (malignant),T-cell,"NOS, cutaneous (C44._)",,false,false,,false
5772,174,L,9827/3,morphology,Lymphoma (malignant),T-cell,adult (includes all variants),,false,false,,false
5773,174,L,9827/3,morphology,Lymphoma (malignant),T-cell,adult T-cell leukemia/lymphoma (HTLV-1 positive) (includes all variants),,false,false,,false
5774,174,L,9827/3,morphology,Lymphoma (malignant),T-cell,adult T-cell lymphoma/leukemia (includes all variants),,false,false,,false
5775,174,L,9709/3,morphology,Lymphoma (malignant),T-cell,"aggressive epidermotropic cytotoxic, primary cutaneous CD8-positive",,false,false,,false
5776,174,L,9714/3,morphology,Lymphoma (malignant),T-cell,"anaplastic large cell, T cell and Null cell type",,false,false,,false
5777,174,L,9719/3,morphology,Lymphoma (malignant),T-cell,angiocentric [obs],,true,false,,false
5778,174,L,9705/3,morphology,Lymphoma (malignant),T-cell,angioimmunoblastic,,false,false,,false
5779,174,L,9709/3,morphology,Lymphoma (malignant),T-cell,"CD4-positive small/medium, primary cutaneous",,false,false,,false
5780,174,L,9709/3,morphology,Lymphoma (malignant),T-cell,"CD8-positive aggressive epidermotropic cytotoxic, primary cutaneous",,false,false,,false
5781,174,L,9709/3,morphology,Lymphoma (malignant),T-cell,"cutaneous, NOS (C44._)",,false,false,,false
5782,174,L,9709/3,morphology,Lymphoma (malignant),T-cell,"cytotoxic, primary cutaneous CD8-positive aggressive epidermotropic",,false,false,,false
5783,174,L,9717/3,morphology,Lymphoma (malignant),T-cell,enteropathy associated,,false,false,,false
5784,174,L,9717/3,morphology,Lymphoma (malignant),T-cell,enteropathy type intestinal,,false,false,,false
5785,174,L,9709/3,morphology,Lymphoma (malignant),T-cell,"epidermotropic cytotoxic, primary cutaneous CD8-positive aggressive",,false,false,,false
5786,174,L,9716/3,morphology,Lymphoma (malignant),T-cell,hepatosplenic,,false,false,,false
5787,174,L,9717/3,morphology,Lymphoma (malignant),T-cell,intestinal,,false,false,,false
5788,174,L,9702/3,morphology,Lymphoma (malignant),T-cell,"large cell, peripheral",,false,false,,false
5789,174,L,9729/3,morphology,Lymphoma (malignant),T-cell,"lymphoblastic, precursor (see also 9837/3)",,false,false,9837/3,false
5790,174,L,9702/3,morphology,Lymphoma (malignant),T-cell,"mature, NOS Peripheral",,false,false,,false
5791,174,L,9702/3,morphology,Lymphoma (malignant),T-cell,NOS,,false,false,,false
5792,174,L,9705/3,morphology,Lymphoma (malignant),T-cell,AILD (Angioimmunoblastic Lymphadenopathy with Dysproteinemia) [obs],,true,false,,false
5793,174,L,9702/3,morphology,Lymphoma (malignant),T-cell,large cell,,false,false,,false
5794,174,L,9702/3,morphology,Lymphoma (malignant),T-cell,pleomorphic medium and large cell,,false,false,,false
5795,174,L,9702/3,morphology,Lymphoma (malignant),T-cell,pleomorphic small cell,,false,false,,false
5796,174,L,9729/3,morphology,Lymphoma (malignant),T-cell,"precursor, lymphoblastic (see also 9837/3)",,false,false,9837/3,false
5797,175,L,9718/3,morphology,Lymphoma (malignant),T-cell Primary cutaneous,CD30+ large,,false,false,,false
5798,175,L,9709/3,morphology,Lymphoma (malignant),T-cell Primary cutaneous,CD4-positive small/medium,,false,false,,false
5799,175,L,9709/3,morphology,Lymphoma (malignant),T-cell Primary cutaneous,CD8-positive aggressive epidermotropic cytotoxic,,false,false,,false
5800,175,L,9726/3,morphology,Lymphoma (malignant),T-cell Primary cutaneous,gamma-delta,,false,false,,false
5801,175,L,9688/3,morphology,Lymphoma (malignant),T-cell Primary cutaneous,"rich/histiocyte-rich large B-cell 9971/3 post transplant, polymorphic",,false,false,,false
5802,175,L,9680/3,morphology,Lymphoma (malignant),T-cell Primary cutaneous,rich large B-cell,,false,false,,false
5803,175,L,9709/3,morphology,Lymphoma (malignant),T-cell Primary cutaneous,"small/medium, primary cutaneous CD4-positive",,false,false,,false
5804,175,L,9708/3,morphology,Lymphoma (malignant),T-cell Primary cutaneous,subcutaneous panniculitis-like,,false,false,,false
5805,175,L,9679/3,morphology,Lymphoma (malignant),,thymic large B-cell (C37.9),C37.9,false,false,,false
5806,175,L,9719/3,morphology,Lymphoma (malignant),,T/NK-cell,,false,false,,false
5807,175,L,9755/3,morphology,Lymphoma (malignant),,true histiocytic,,false,false,,false
5808,175,L,9702/3,morphology,Lymphoma (malignant),,T-zone,,false,false,,false
5809,175,L,9596/3,morphology,Lymphoma (malignant),,"unclassifiable, with features intermediate between diffuse large",,false,false,,false
5810,175,L,9680/3,morphology,Lymphoma (malignant),,"unclassificable, with features intermediate between diffuse large",,false,false,,false
5811,175,L,9687/3,morphology,Lymphoma (malignant),Undifferentiated,Burkitt type [obs] (includes all variants),,true,false,,false
5812,175,L,9591/3,morphology,Lymphoma (malignant),Undifferentiated,"cell, non-Burkitt [obs]",,true,false,,false
5813,175,L,9591/3,morphology,Lymphoma (malignant),Undifferentiated,"cell type, NOS [obs]",,true,false,,false
5814,175,L,9725/3,morphology,Lymphoma (malignant),,"vacciniforme-like, hydroa",,false,false,,false
5815,175,L,9670/3,morphology,Lymphoma (malignant),Well-differentiated,"lymphocytic, diffuse (see also 9823/3)",,false,false,9823/3,false
5816,175,L,9698/3,morphology,Lymphoma (malignant),Well-differentiated,"lymphocytic, nodular [obs]",,true,false,,false
5817,175,L,9680/3,morphology,Lymphoma (malignant),,"with features intermediate between diffuse large B-cell lymphoma and -----/1 Malignancy, borderline (see behavior code, Burkitt lymphoma",,false,false,,false
5818,175,L,9596/3,morphology,Lymphoma (malignant),,with features intermediate between diffuse large B-cell lymphoma and classical Hodgkin lymphoma,,false,false,,false
5819,175,L,9590/3,morphology,"Lymphoma, NOS (see Lymphoma",,"Lymphoma, NOS (see Lymphoma (malignant))",,false,false,,true
5820,175,L,9766/1,morphology,Lymphomatoid granulomatosis,,Lymphomatoid granulomatosis,,false,false,,true
5821,175,L,9718/3,morphology,Lymphomatoid papulosis (C44._),,Lymphomatoid papulosis (C44._),,false,false,,true
5822,175,L,8561/0,morphology,"Lymphomatosum, papillary cystadenoma",,"Lymphomatosum, papillary cystadenoma (C07._, C08._)",,false,false,,true
5823,175,L,9673/3,morphology,"Lymphomatous polyposis, malignant",,"Lymphomatous polyposis, malignant (includes all variants: blastic, pleomorphic, small cell)",,false,false,,true
5824,175,L,9530/0,morphology,Lymphoplasmacyte-rich meningioma,,Lymphoplasmacyte-rich meningioma (C70._),,false,false,,true
5825,175,L,9724/3,morphology,Lymphoproliferative,,"disease of childhood, systemic EBV positive T-cell",,false,false,,false
5826,175,L,9768/1,morphology,Lymphoproliferative,,"disease, T-gamma",,false,false,,false
5827,175,L,9970/1,morphology,Lymphoproliferative,Disorder,NOS,,false,false,,false
5828,175,L,9831/3,morphology,Lymphoproliferative,Disorder,"chronic, of NK cells",,false,false,,false
5829,175,L,9971/1,morphology,Lymphoproliferative,Disorder,"post transplant, NOS",,false,false,,false
5830,175,L,9718/3,morphology,Lymphoproliferative,Disorder,primary cutaneous CD30+ T-cell (C44._),,false,false,,false
5831,175,L,9591/3,morphology,Lymphosarcoma,,NOS [obs],,true,false,,false
5832,175,L,9820/3,morphology,Lymphosarcoma,,cell leukemia [obs],,true,false,,false
5833,175,L,9591/3,morphology,Lymphosarcoma,,diffuse [obs],,true,false,,false
5834,175,M,8334/0,morphology,Macrofollicular adenoma,,Macrofollicular adenoma (C73.9),C73.9,false,false,,true
5835,175,M,9761/3,morphology,"Macroglobulinemia, Waldenstrom",,"Macroglobulinemia, Waldenstrom (C42.0) (see also 9671/3)",C42.0,false,false,9671/3,true
5836,175,M,8726/0,morphology,Magnocellular nevus,,Magnocellular nevus (C69.4),C69.4,false,false,,true
5837,175,M,C34.0,topography,Main bronchus,,Main bronchus,,false,false,,true
5838,175,M,C08.9,topography,"Major salivary gland, NOS",,"Major salivary gland, NOS",,false,false,,true
5839,175,M,,,"Major salivary gland, NOS",,Malakoplakia (see SNOMED),,false,true,,false
5840,175,M,C63.9,topography,Male,,"genital organs, NOS",,false,false,,false
5841,175,M,C63.9,topography,Male,,"genital tract, NOS",,false,false,,false
5842,175,M,C63.9,topography,Male,,"genitourinary tract, NOS",,false,false,,false
5843,175,M,8110/0,morphology,Malherbe calcifying epithelioma (C44._),,Malherbe calcifying epithelioma (C44._),,false,false,,true
5844,175,M,8742/2,morphology,"Maligna, lentigo (C44._)",,"Maligna, lentigo (C44._)",,false,false,,true
5845,175,M,8742/3,morphology,"Maligna melanoma, lentigo (C44._)",,"Maligna melanoma, lentigo (C44._)",,false,false,,true
5846,175,M,8000/3,morphology,Malignancy,,Malignancy section 4.3.3),,false,false,,true
5847,175,M,,,Malignant,,lymphoma (see Lymphoma (malignant)),,false,false,,false
5848,175,M,,,Malignant,,"/6 metastatic site (see behavior code, section 4.3.3)",,false,false,,false
5849,175,M,,,Malignant,,"/3 primary site (see behavior code, section 4.3.3)",,false,false,,false
5850,175,M,,,Malignant,,"/6 secondary site (see behavior code, section 4.3.3)",,false,false,,false
5851,175,M,,,Malignant,,"/9 uncertain whether primary or metastatic (see behavior code, section 4.3.3)",,false,false,,false
5852,175,M,9699/3,morphology,MALT lymphoma,,MALT lymphoma,,false,false,,true
5853,175,M,C49.3,topography,"Mammary artery, internal",,"Mammary artery, internal",,false,false,,true
5854,175,M,,,"Mammary artery, internal",,Mammary duct ectasia (see SNOMED),,false,true,,false
5855,176,M,C50.9,topography,Mammary gland,,Mammary gland,,false,false,,true
5856,176,M,8540/3,morphology,Mammary Paget disease (C50._),,Mammary Paget disease (C50._),,false,false,,true
5857,176,M,C41.1,topography,Mandible,,Mandible,,false,false,,true
5858,176,M,C03.1,topography,Mandibular gingiva,,Mandibular gingiva,,false,false,,true
5859,176,M,C77.0,topography,Mandibular lymph node,,Mandibular lymph node,,false,false,,true
5860,176,M,8244/3,morphology,MANEC,,MANEC,,false,false,,true
5861,176,M,9673/3,morphology,Mantle zone lymphoma,,Mantle zone lymphoma [obs],,true,false,,true
5862,176,M,9982/3,morphology,"Marked thrombocytosis, refractory anemia",,"Marked thrombocytosis, refractory anemia with ring sideroblasts associated with",,false,false,,true
5863,176,M,C42.1,topography,"Marrow, bone",,"Marrow, bone",,false,false,,true
5864,176,M,8670/0,morphology,Masculinovoblastoma,,Masculinovoblastoma (C56.9),C56.9,false,false,,true
5865,176,M,C49.0,topography,Masseter muscle,,Masseter muscle,,false,false,,true
5866,176,M,9741/3,morphology,Mast cell,,"disease, systemic tissue",,false,false,,false
5867,176,M,9742/3,morphology,Mast cell,,leukemia (C42.1),C42.1,false,false,,false
5868,176,M,9740/3,morphology,Mast cell,,sarcoma,,false,false,,false
5869,176,M,9740/3,morphology,Mast cell,,"tumor, malignant",,false,false,,false
5870,176,M,9740/1,morphology,Mast cell,,"tumor, NOS",,false,false,,false
5871,176,M,9740/1,morphology,Mastocytoma,,NOS,,false,false,,false
5872,176,M,9740/1,morphology,Mastocytoma,,extracutaneous,,false,false,,false
5873,176,M,9740/3,morphology,Mastocytoma,,malignant,,false,false,,false
5874,176,M,9740/1,morphology,Mastocytoma,,"solitary, of skin",,false,false,,false
5875,176,M,9741/3,morphology,Mastocytosis,,aggressive systemic,,false,false,,false
5876,176,M,9740/1,morphology,Mastocytosis,,cutaneous,,false,false,,false
5877,176,M,9740/1,morphology,Mastocytosis,,"cutaneous, diffuse",,false,false,,false
5878,176,M,9740/1,morphology,Mastocytosis,,diffuse cutaneous,,false,false,,false
5879,176,M,9741/1,morphology,Mastocytosis,,indolent systemic,,false,false,,false
5880,176,M,9741/3,morphology,Mastocytosis,,malignant,,false,false,,false
5881,176,M,9741/3,morphology,Mastocytosis,Systemic,aggressive,,false,false,,false
5882,176,M,9741/1,morphology,Mastocytosis,Systemic,indolent,,false,false,,false
5883,176,M,9741/3,morphology,Mastocytosis,Systemic,with AHNMD,,false,false,,false
5884,176,M,9741/3,morphology,Mastocytosis,Systemic,with associated hematological clonal non-mast cell disorder,,false,false,,false
5885,176,M,9741/3,morphology,Mastocytosis,,"with associated hematological clonal non-mast cell disorder, systemic",,false,false,,false
5886,176,M,C30.1,topography,Mastoid antrum,,Mastoid antrum,,false,false,,true
5887,176,M,8110/3,morphology,Matrical carcinoma (C44._),,Matrical carcinoma (C44._),,false,false,,true
5888,176,M,9080/0,morphology,Mature teratoma,,Mature teratoma,,false,false,,true
5889,176,M,C41.0,topography,Maxilla,,Maxilla,,false,false,,true
5890,176,M,C31.0,topography,Maxillary,,antrum,,false,false,,false
5891,176,M,C03.0,topography,Maxillary,,gingiva,,false,false,,false
5892,176,M,C31.0,topography,Maxillary,,sinus,,false,false,,false
5893,176,M,C44.2,topography,"Meatus, external auditory",,"Meatus, external auditory",,false,false,,true
5894,176,M,C17.3,topography,Meckel diverticulum (site of neoplasm),,Meckel diverticulum (site of neoplasm),,false,false,,true
5895,176,M,C40.2,topography,Medial meniscus of knee joint,,Medial meniscus of knee joint,,false,false,,true
5896,176,M,C47.1,topography,Median nerve,,Median nerve,,false,false,,true
5897,176,M,C77.1,topography,Mediastinal lymph node,,Mediastinal lymph node,,false,false,,true
5898,176,M,C38.3,topography,Mediastinum,,NOS,,false,false,,false
5899,176,M,C38.1,topography,Mediastinum,,anterior,,false,false,,false
5900,176,M,C38.2,topography,Mediastinum,,posterior,,false,false,,false
5901,176,M,9764/3,morphology,Mediterranean lymphoma,,Mediterranean lymphoma,,false,false,,true
5902,176,M,C71.7,topography,Medulla oblongata,,Medulla oblongata,,false,false,,true
5903,176,M,C74.1,topography,Medulla of adrenal gland,,Medulla of adrenal gland,,false,false,,true
5904,176,M,8510/3,morphology,Medullary,,adenocarcinoma,,false,false,,false
5905,176,M,8700/0,morphology,Medullary,,"adrenal, paraganglioma (C74.1)",C74.1,false,false,,false
5906,176,M,8700/3,morphology,Medullary,,"adrenal, paraganglioma, malignant (C74.1)",C74.1,false,false,,false
5907,176,M,8510/3,morphology,Medullary,Carcinoma,NOS,,false,false,,false
5908,176,M,8513/3,morphology,Medullary,Carcinoma,atypical (C50._),,false,false,,false
5909,176,M,8345/3,morphology,Medullary,Carcinoma,with amyloid stroma (C73.9),C73.9,false,false,,false
5910,176,M,8512/3,morphology,Medullary,Carcinoma,with lymphoid stroma,,false,false,,false
5911,176,M,9186/3,morphology,Medullary,,"osteosarcoma (C40._, C41._)",,false,false,,false
5912,176,M,8700/0,morphology,Medullary,,"paraganglioma, adrenal (C74.1)",C74.1,false,false,,false
5913,176,M,8700/3,morphology,Medullary,,"paraganglioma, adrenal, malignant (C74.1)",C74.1,false,false,,false
5914,176,M,9750/3,morphology,Medullary,,"reticulosis, histiocytic [obs]",,true,false,,false
5915,176,M,8581/3,morphology,Medullary,,"thymoma, malignant (C37.9)",C37.9,false,false,,false
5916,176,M,8581/1,morphology,Medullary,,"thymoma, NOS (C37.9)",C37.9,false,false,,false
5917,176,M,8346/3,morphology,"Medullary-follicular carcinoma, mixed",,"Medullary-follicular carcinoma, mixed (C73.9)",C73.9,false,false,,true
5918,176,M,8347/3,morphology,"Medullary-papillary carcinoma, mixed",,"Medullary-papillary carcinoma, mixed (C73.9)",C73.9,false,false,,true
5919,176,M,9470/3,morphology,Medulloblastoma,,NOS (C71.6),C71.6,false,false,,false
5920,176,M,9474/3,morphology,Medulloblastoma,,anaplastic,,false,false,,false
5921,176,M,9471/3,morphology,Medulloblastoma,,desmoplastic (C71.6),C71.6,false,false,,false
5922,176,M,9471/3,morphology,Medulloblastoma,,desmoplastic nodular (C71.6),C71.6,false,false,,false
5923,176,M,9474/3,morphology,Medulloblastoma,,large cell (C71.6),C71.6,false,false,,false
5924,176,M,9506/1,morphology,Medulloblastoma,,lipomatous (C71.6),C71.6,false,false,,false
5925,176,M,9470/3,morphology,Medulloblastoma,,melanotic (C71.6),C71.6,false,false,,false
5926,176,M,9471/3,morphology,Medulloblastoma,,with extensive nodularity,,false,false,,false
5927,176,M,9506/1,morphology,Medullocytoma,,Medullocytoma (C71.6),C71.6,false,false,,true
5928,176,M,9501/3,morphology,Medulloepithelioma,,NOS,,false,false,,false
5929,176,M,9501/0,morphology,Medulloepithelioma,,benign (C69.4),C69.4,false,false,,false
5930,176,M,9502/0,morphology,Medulloepithelioma,,"teratoid, benign (C69.4)",C69.4,false,false,,false
5931,176,M,9502/3,morphology,Medulloepithelioma,,teratoid (C69.4),C69.4,false,false,,false
5932,176,M,9472/3,morphology,Medullomyoblastoma,,Medullomyoblastoma (C71.6),C71.6,false,false,,true
5933,176,M,9910/3,morphology,Megakaryocytic,,"leukemia, acute (C42.1)",C42.1,false,false,,false
5934,176,M,9910/3,morphology,Megakaryocytic,,leukemia (C42.1),C42.1,false,false,,false
5935,176,M,9961/3,morphology,Megakaryocytic,,myelosclerosis (C42.1),C42.1,false,false,,false
5936,177,M,C44.1,topography,Meibomian gland,,Meibomian gland,,false,false,,true
5937,177,M,9363/0,morphology,"Melanoameloblastoma (C40._, C41._)",,"Melanoameloblastoma (C40._, C41._)",,false,false,,true
5938,177,M,8720/0,morphology,Melanocytic nevus (C44._),,Melanocytic nevus (C44._),,false,false,,true
5939,177,M,8761/3,morphology,"Melanocytic nevus, congenital, malignant",,"Melanocytic nevus, congenital, malignant melanoma in (C44._)",,false,false,,true
5940,177,M,8726/0,morphology,Melanocytoma,,NOS,,false,false,,false
5941,177,M,8726/0,morphology,Melanocytoma,,eyeball (C69.4),C69.4,false,false,,false
5942,177,M,8728/1,morphology,Melanocytoma,,meningeal (C70.9),C70.9,false,false,,false
5943,177,M,8728/0,morphology,"Melanocytosis, diffuse",,"Melanocytosis, diffuse (C70.9)",C70.9,false,false,,true
5944,177,M,8720/3,morphology,Melanoma,,NOS,,false,false,,false
5945,177,M,8744/3,morphology,Melanoma,,"acral lentiginous, malignant (C44._)",,false,false,,false
5946,177,M,8730/3,morphology,Melanoma,,amelanotic (C44._),,false,false,,false
5947,177,M,8745/3,morphology,Melanoma,,"amelanotic, desmoplastic (C44._)",,false,false,,false
5948,177,M,8722/3,morphology,Melanoma,,balloon cell (C44._),,false,false,,false
5949,177,M,8745/3,morphology,Melanoma,,"desmoplastic, amelanotic (C44._)",,false,false,,false
5950,177,M,8745/3,morphology,Melanoma,,"desmoplastic, malignant (C44._)",,false,false,,false
5951,177,M,8770/3,morphology,Melanoma,,"epithelioid and spindle cell, mixed",,false,false,,false
5952,177,M,8771/3,morphology,Melanoma,,epithelioid cell,,false,false,,false
5953,177,M,8720/2,morphology,Melanoma,,in situ,,false,false,,false
5954,177,M,8770/0,morphology,Melanoma,,juvenile (C44._),,false,false,,false
5955,177,M,8744/3,morphology,Melanoma,,"lentiginous, acral, malignant (C44._)",,false,false,,false
5956,177,M,8742/3,morphology,Melanoma,,lentigo maligna (C44._),,false,false,,false
5957,177,M,8720/3,morphology,Melanoma,Malignant,NOS (except juvenile melanoma M-8770/0),,false,false,,false
5958,177,M,8744/3,morphology,Melanoma,Malignant,acral lentiginous (C44._),,false,false,,false
5959,177,M,8745/3,morphology,Melanoma,Malignant,desmoplastic (C44._),,false,false,,false
5960,177,M,8761/3,morphology,Melanoma,Malignant,in congenital melanocytic nevus (C44._),,false,false,,false
5961,177,M,8761/3,morphology,Melanoma,Malignant,in giant pigmented nevus (C44._) 9530/3 anaplastic,,false,false,,false
5962,177,M,8742/3,morphology,Melanoma,Malignant,in Hutchinson melanotic freckle 9535/0 angioblastic [obs] (C44._),,true,false,,false
5963,177,M,8740/3,morphology,Melanoma,Malignant,in junctional nevus (C44._),,false,false,,false
5964,177,M,8741/3,morphology,Melanoma,Malignant,in precancerous melanosis (C44._) 9538/1 chordoid,,false,false,,false
5965,177,M,8745/3,morphology,Melanoma,Malignant,neurotropic (C44._),,false,false,,false
5966,177,M,8723/3,morphology,Melanoma,Malignant,regressing (C44._),,false,false,,false
5967,177,M,9044/3,morphology,Melanoma,Malignant,soft parts (C49._),,false,false,,false
5968,177,M,8746/3,morphology,Melanoma,,mucosal lentiginous,,false,false,,false
5969,177,M,8745/3,morphology,Melanoma,,"neurotropic, malignant (C44._)",,false,false,,false
5970,177,M,8721/3,morphology,Melanoma,,nodular (C44._),,false,false,,false
5971,177,M,8723/3,morphology,Melanoma,,"regressing, malignant (C44._)",,false,false,,false
5972,177,M,8772/3,morphology,Melanoma,Spindle cell,NOS,,false,false,,false
5973,177,M,8770/3,morphology,Melanoma,Spindle cell,"and epithelioid, mixed",,false,false,,false
5974,177,M,8773/3,morphology,Melanoma,Spindle cell,type A (C69._),,false,false,,false
5975,177,M,8774/3,morphology,Melanoma,Spindle cell,type B (C69._),,false,false,,false
5976,177,M,8743/3,morphology,Melanoma,,superficial spreading (C44._),,false,false,,false
5977,177,M,8728/3,morphology,"Melanomatosis, meningeal",,"Melanomatosis, meningeal (C70.9)",C70.9,false,false,,true
5978,177,M,,,Melanosis,,congenital (see SNOMED),,false,true,,false
5979,177,M,8741/3,morphology,Melanosis,,"precancerous, malignant melanoma in (C44._)",,false,false,,false
5980,177,M,8741/2,morphology,Melanosis,,"precancerous, NOS (C44._)",,false,false,,false
5981,177,M,8742/3,morphology,Melanotic,,"freckle, Hutchinson, malignant melanoma in (C44._)",,false,false,,false
5982,177,M,8742/2,morphology,Melanotic,,"freckle, Hutchinson, NOS (C44._)",,false,false,,false
5983,177,M,9470/3,morphology,Melanotic,,medulloblastoma (C71.6),C71.6,false,false,,false
5984,177,M,9540/3,morphology,Melanotic,,MPNST,,false,false,,false
5985,177,M,9540/3,morphology,Melanotic,,"MPNST, psammomatous",,false,false,,false
5986,177,M,9363/0,morphology,Melanotic,,neuroectodermal tumor,,false,false,,false
5987,177,M,9541/0,morphology,Melanotic,,neurofibroma,,false,false,,false
5988,177,M,9363/0,morphology,Melanotic,,progonoma,,false,false,,false
5989,177,M,9540/3,morphology,Melanotic,,psammomatous MPNST,,false,false,,false
5990,177,M,9560/0,morphology,Melanotic,,schwannoma,,false,false,,false
5991,177,M,C58.9,topography,"Membranes, fetal",,"Membranes, fetal",,false,false,,true
5992,177,M,8728/1,morphology,Meningeal,,melanocytoma (C70.9),C70.9,false,false,,false
5993,177,M,8728/3,morphology,Meningeal,,melanomatosis (C70.9),C70.9,false,false,,false
5994,177,M,9530/3,morphology,Meningeal,,sarcoma (C70._),,false,false,,false
5995,177,M,9539/3,morphology,Meningeal,,sarcomatosis (C70._),,false,false,,false
5996,177,M,C70.9,topography,Meninges,,NOS,,false,false,,false
5997,177,M,C70.0,topography,Meninges,,cerebral,,false,false,,false
5998,177,M,C70.0,topography,Meninges,,cranial,,false,false,,false
5999,177,M,C70.0,topography,Meninges,,intracranial,,false,false,,false
6000,177,M,C70.1,topography,Meninges,,spinal,,false,false,,false
6001,177,M,9530/0,morphology,Meningioma (C70._),,NOS,,false,false,,false
6002,177,M,9534/0,morphology,Meningioma (C70._),,angiomatous,,false,false,,false
6003,177,M,9539/1,morphology,Meningioma (C70._),,atypical,,false,false,,false
6004,177,M,9538/1,morphology,Meningioma (C70._),,clear cell,,false,false,,false
6005,177,M,9531/0,morphology,Meningioma (C70._),,endotheliomatous,,false,false,,false
6006,177,M,9532/0,morphology,Meningioma (C70._),,fibroblastic,,false,false,,false
6007,177,M,9532/0,morphology,Meningioma (C70._),,fibrous,,false,false,,false
6008,177,M,9535/0,morphology,Meningioma (C70._),,hemangioblastic [obs],,true,false,,false
6009,177,M,9150/1,morphology,Meningioma (C70._),,hemangiopericytic [obs],,true,false,,false
6010,177,M,9530/0,morphology,Meningioma (C70._),,lymphoplasmacyte-rich,,false,false,,false
6011,177,M,9530/3,morphology,Meningioma (C70._),,malignant,,false,false,,false
6012,177,M,9531/0,morphology,Meningioma (C70._),,meningothelial,,false,false,,false
6013,177,M,9530/0,morphology,Meningioma (C70._),,metaplastic,,false,false,,false
6014,177,M,9530/0,morphology,Meningioma (C70._),,microcytic,,false,false,,false
6015,177,M,9537/0,morphology,Meningioma (C70._),,mixed,,false,false,,false
6016,177,M,9538/3,morphology,Meningioma (C70._),,papillary,,false,false,,false
6017,177,M,9533/0,morphology,Meningioma (C70._),,psammomatous,,false,false,,false
6018,177,M,9538/3,morphology,Meningioma (C70._),,rhabdoid,,false,false,,false
6019,177,M,9530/0,morphology,Meningioma (C70._),,secretory,,false,false,,false
6020,177,M,9531/0,morphology,Meningioma (C70._),,syncytial,,false,false,,false
6021,177,M,9537/0,morphology,Meningioma (C70._),,transitional,,false,false,,false
6022,178,M,9530/1,morphology,"Meningiomas, multiple (C70._)",,"Meningiomas, multiple (C70._)",,false,false,,true
6023,178,M,9530/1,morphology,"Meningiomatosis, diffuse (C70._)",,"Meningiomatosis, diffuse (C70._)",,false,false,,true
6024,178,M,9530/1,morphology,"Meningiomatosis, NOS (C70._)",,"Meningiomatosis, NOS (C70._)",,false,false,,true
6025,178,M,9531/0,morphology,Meningothelial meningioma (C70._),,Meningothelial meningioma (C70._),,false,false,,true
6026,178,M,9530/3,morphology,Meningothelial sarcoma (C70._),,Meningothelial sarcoma (C70._),,false,false,,true
6027,178,M,C40.2,topography,"Meniscus, lateral of knee joint",,"Meniscus, lateral of knee joint",,false,false,,true
6028,178,M,C40.2,topography,"Meniscus, medial of knee joint",,"Meniscus, medial of knee joint",,false,false,,true
6029,178,M,8247/3,morphology,Merkel cell carcinoma (C44._),,Merkel cell carcinoma (C44._),,false,false,,true
6030,178,M,8247/3,morphology,Merkel cell tumor (C44._),,Merkel cell tumor (C44._),,false,false,,true
6031,178,M,9240/3,morphology,Mesenchymal,,chondrosarcoma,,false,false,,false
6032,178,M,9540/3,morphology,Mesenchymal,,"differentiation, MPNST with",,false,false,,false
6033,178,M,,,Mesenchymal,,hamartoma (see SNOMED),,false,true,,false
6034,178,M,8990/3,morphology,Mesenchymal,,"sarcoma, mixed",,false,false,,false
6035,178,M,8800/3,morphology,Mesenchymal,,"tumor, malignant",,false,false,,false
6036,178,M,8990/1,morphology,Mesenchymal,,"tumor, mixed",,false,false,,false
6037,178,M,8970/3,morphology,"Mesenchymal-epithelial hepatoblastoma,",,"Mesenchymal-epithelial hepatoblastoma, mixed (C22.0)",C22.0,false,false,,true
6038,178,M,8990/1,morphology,Mesenchymoma,,NOS,,false,false,,false
6039,178,M,8990/0,morphology,Mesenchymoma,,benign,,false,false,,false
6040,178,M,8990/3,morphology,Mesenchymoma,,malignant,,false,false,,false
6041,178,M,C49.4,topography,Mesenteric artery,,Mesenteric artery,,false,false,,true
6042,178,M,8822/1,morphology,Mesenteric fibromatosis,,Mesenteric fibromatosis (C48.1),C48.1,false,false,,true
6043,178,M,C77.2,topography,Mesenteric lymph node,,NOS,,false,false,,false
6044,178,M,C77.2,topography,Mesenteric lymph node,,inferior,,false,false,,false
6045,178,M,C77.2,topography,Mesenteric lymph node,,superior,,false,false,,false
6046,178,M,C48.1,topography,Mesentery,,Mesentery,,false,false,,true
6047,178,M,C48.1,topography,Mesoappendix,,Mesoappendix,,false,false,,true
6048,178,M,8960/1,morphology,Mesoblastic nephroma,,Mesoblastic nephroma,,false,false,,true
6049,178,M,C48.1,topography,Mesocolon,,Mesocolon,,false,false,,true
6050,178,M,8951/3,morphology,Mesodermal mixed tumor,,Mesodermal mixed tumor,,false,false,,true
6051,178,M,9110/3,morphology,Mesonephric,,adenocarcinoma,,false,false,,false
6052,178,M,9110/0,morphology,Mesonephric,,adenoma,,false,false,,false
6053,178,M,9110/1,morphology,Mesonephric,,"tumor, NOS",,false,false,,false
6054,178,M,8310/3,morphology,Mesonephroid clear cell adenocarcinoma,,Mesonephroid clear cell adenocarcinoma,,false,false,,true
6055,178,M,9110/3,morphology,Mesonephroma,,NOS,,false,false,,false
6056,178,M,9110/0,morphology,Mesonephroma,,benign,,false,false,,false
6057,178,M,9110/3,morphology,Mesonephroma,,malignant,,false,false,,false
6058,178,M,C10.9,topography,Mesopharynx,,NOS,,false,false,,false
6059,178,M,C10.2,topography,Mesopharynx,,lateral wall,,false,false,,false
6060,178,M,C10.3,topography,Mesopharynx,,posterior wall,,false,false,,false
6061,178,M,9052/0,morphology,Mesothelial papilloma,,Mesothelial papilloma,,false,false,,true
6062,178,M,9050/3,morphology,Mesothelioma,,NOS,,false,false,,false
6063,178,M,9050/0,morphology,Mesothelioma,,benign,,false,false,,false
6064,178,M,9053/3,morphology,Mesothelioma,,"biphasic, malignant",,false,false,,false
6065,178,M,9053/3,morphology,Mesothelioma,,"biphasic, NOS",,false,false,,false
6066,178,M,9055/0,morphology,Mesothelioma,,"cystic, benign (C48._)",,false,false,,false
6067,178,M,9055/1,morphology,Mesothelioma,,"cystic, NOS (C48._)",,false,false,,false
6068,178,M,9051/3,morphology,Mesothelioma,,desmoplastic,,false,false,,false
6069,178,M,9052/3,morphology,Mesothelioma,Epithelioid,NOS,,false,false,,false
6070,178,M,9052/0,morphology,Mesothelioma,Epithelioid,benign,,false,false,,false
6071,178,M,9052/3,morphology,Mesothelioma,Epithelioid,malignant,,false,false,,false
6072,178,M,9051/3,morphology,Mesothelioma,Fibrous,NOS,,false,false,,false
6073,178,M,9051/0,morphology,Mesothelioma,Fibrous,benign,,false,false,,false
6074,178,M,9051/3,morphology,Mesothelioma,Fibrous,malignant,,false,false,,false
6075,178,M,9050/3,morphology,Mesothelioma,,malignant,,false,false,,false
6076,178,M,9055/0,morphology,Mesothelioma,,"multicystic, benign",,false,false,,false
6077,178,M,9052/0,morphology,Mesothelioma,,"papillary, well differentiated, benign",,false,false,,false
6078,178,M,9051/3,morphology,Mesothelioma,,sarcomatoid,,false,false,,false
6079,178,M,9051/3,morphology,Mesothelioma,,spindled,,false,false,,false
6080,178,M,C57.1,topography,Mesovarium,,Mesovarium,,false,false,,true
6081,178,M,C40.1,topography,Metacarpal bone,,Metacarpal bone,,false,false,,true
6082,178,M,8325/0,morphology,Metanephric adenoma,,Metanephric adenoma (C64.9),C64.9,false,false,,true
6083,178,M,,,Metanephric adenoma,,Metaphyseal fibrous defect (see SNOMED),,false,true,,false
6084,178,M,,,Metaplasia,,NOS (see SNOMED),,false,true,,false
6085,178,M,9961/3,morphology,Metaplasia,,agnogenic myeloid,,false,false,,false
6086,178,M,8573/3,morphology,Metaplasia,,"apocrine, adenocarcinoma with",,false,false,,false
6087,178,M,8573/3,morphology,Metaplasia,,"apocrine, carcinoma with",,false,false,,false
6088,178,M,8571/3,morphology,Metaplasia,,"cartilaginous, adenocarcinoma with",,false,false,,false
6089,178,M,8571/3,morphology,Metaplasia,,"cartilaginous and osseous, adenocarcinoma with",,false,false,,false
6090,178,M,,,Metaplasia,,glandular (see SNOMED),,false,true,,false
6091,178,M,,,Metaplasia,,NOS (see SNOMED),,false,true,,false
6092,178,M,9961/3,morphology,Metaplasia,,with myelofibrosis,,false,false,,false
6093,178,M,9961/3,morphology,Metaplasia,,with myelosclerosis,,false,false,,false
6094,178,M,8571/3,morphology,Metaplasia,,"osseous, adenocarcinoma with",,false,false,,false
6095,178,M,8572/3,morphology,Metaplasia,,"spindle cell, adenocarcinoma with",,false,false,,false
6096,178,M,8570/3,morphology,Metaplasia,,"squamous, adenocarcinoma with",,false,false,,false
6097,178,M,,,Metaplasia,,squamous (see SNOMED),,false,true,,false
6098,178,M,8575/3,morphology,"Metaplastic carcinoma, NOS",,"Metaplastic carcinoma, NOS",,false,false,,true
6099,178,M,9530/0,morphology,Metaplastic meningioma (C70._),,Metaplastic meningioma (C70._),,false,false,,true
6100,178,M,8898/1,morphology,Metastasizing leiomyoma,,Metastasizing leiomyoma,,false,false,,true
6101,178,M,8140/6,morphology,Metastatic,,"adenocarcinoma, NOS",,false,false,,false
6102,178,M,8010/6,morphology,Metastatic,,"carcinoma, NOS",,false,false,,false
6103,178,M,8000/6,morphology,Metastatic,,neoplasm,,false,false,,false
6104,178,M,8490/6,morphology,Metastatic,,signet ring cell carcinoma,,false,false,,false
6105,178,M,8070/6,morphology,Metastatic,,"squamous cell carcinoma, NOS",,false,false,,false
6106,178,M,8000/6,morphology,Metastatic,,tumor,,false,false,,false
6107,179,M,,,Mesothelial papilloma,,"/6 Metastatic site, malignant (see behavior code, section 4.3.3)",,false,false,,false
6108,179,M,C40.3,topography,Metatarsal bone,,Metatarsal bone,,false,false,,true
6109,179,M,8095/3,morphology,Metatypical carcinoma (C44._),,Metatypical carcinoma (C44._),,false,false,,true
6110,179,M,9765/1,morphology,MGUS,,MGUS,,false,false,,true
6111,179,M,8150/0,morphology,"Microadenoma, pancreatic (C25._)",,"Microadenoma, pancreatic (C25._)",,false,false,,true
6112,179,M,8341/3,morphology,"Microcarcinoma, papillary",,"Microcarcinoma, papillary (C73.9)",C73.9,false,false,,true
6113,179,M,8202/0,morphology,Microcystic,,adenoma (C25._),,false,false,,false
6114,179,M,8441/0,morphology,Microcystic,,"adenoma, serous",,false,false,,false
6115,179,M,8407/3,morphology,Microcystic,,adnexal carcinoma (C44._),,false,false,,false
6116,179,M,9530/0,morphology,Microcystic,,meningioma (C70._),,false,false,,false
6117,179,M,8333/0,morphology,Microfollicular adenoma,,Microfollicular adenoma (C73.9),C73.9,false,false,,true
6118,179,M,9590/3,morphology,Microglioma (C71._),,Microglioma (C71._) [obs],,true,false,,true
6119,179,M,8076/3,morphology,Microinvasive squamous cell carcinoma,,Microinvasive squamous cell carcinoma,,false,false,,true
6120,179,M,8097/3,morphology,Micronodular basal cell carcinoma (C44._),,Micronodular basal cell carcinoma (C44._),,false,false,,true
6121,179,M,8507/2,morphology,Micropapillary,,"carcinoma, intraductal (C50._)",,false,false,,false
6122,179,M,8265/3,morphology,Micropapillary,,"carcinoma, NOS (C18._, C19.9, C20.9)",,false,false,,false
6123,179,M,8507/2,morphology,Micropapillary,,ductal carcinoma in situ (C50._),,false,false,,false
6124,179,M,8460/3,morphology,Micropapillary,,serous carcinoma (C56.9),C56.9,false,false,,false
6125,179,M,8131/3,morphology,Micropapillary,,transitional cell carcinoma (C67._),,false,false,,false
6126,179,M,C71.7,topography,Midbrain,,Midbrain,,false,false,,true
6127,179,M,C77.2,topography,Midcolic lymph node,,Midcolic lymph node,,false,false,,true
6128,179,M,C71.9,topography,Middle,,cranial fossa,,false,false,,false
6129,179,M,C30.1,topography,Middle,,ear,,false,false,,false
6130,179,M,C34.2,topography,Middle,,"lobe, bronchus",,false,false,,false
6131,179,M,C34.2,topography,Middle,,"lobe, lung",,false,false,,false
6132,179,M,C15.4,topography,Middle,,third of esophagus,,false,false,,false
6133,179,M,C50.8,topography,Midline of breast,,Midline of breast,,false,false,,true
6134,179,M,C02.0,topography,Midline of tongue,,Midline of tongue,,false,false,,true
6135,179,M,9719/3,morphology,"Midline reticulosis, malignant",,"Midline reticulosis, malignant [obs]",,true,false,,true
6136,179,M,8335/3,morphology,Minimally invasive follicular carcinoma,,Minimally invasive follicular carcinoma (C73.9),C73.9,false,false,,true
6137,179,M,C06.9,topography,"Minor salivary gland, NOS (see coding",,"Minor salivary gland, NOS (see coding guidelines, section 4.3.5, pseudo- topographic morphology terms, and note under C08)",,false,false,,true
6138,179,M,8593/1,morphology,"Minor sex cord elements, stromal tumor",,"Minor sex cord elements, stromal tumor with (C56.9)",C56.9,false,false,,true
6139,179,M,8281/0,morphology,Mixed,,acidophil-basophil adenoma (C75.1),C75.1,false,false,,false
6140,179,M,8281/3,morphology,Mixed,,acidophil-basophil carcinoma (C75.1),C75.1,false,false,,false
6141,179,M,8552/3,morphology,Mixed,,acinar-ductal carcinoma,,false,false,,false
6142,179,M,8154/3,morphology,Mixed,,acinar-endocrine carcinoma (C25._),,false,false,,false
6143,179,M,8154/3,morphology,Mixed,,acinar-endocrine-ductal carcinoma,,false,false,,false
6144,179,M,8560/3,morphology,Mixed,Adenocarcinoma,and epidermoid carcinoma,,false,false,,false
6145,179,M,8560/3,morphology,Mixed,Adenocarcinoma,and squamous cell carcinoma,,false,false,,false
6146,179,M,8154/3,morphology,Mixed,Adenocarcinoma,endocrine and exocrine (C25._),,false,false,,false
6147,179,M,8154/3,morphology,Mixed,Adenocarcinoma,islet cell and exocrine (C25._),,false,false,,false
6148,179,M,8244/3,morphology,Mixed,,adenocarcinoma-carcinoid,,false,false,,false
6149,179,M,8213/0,morphology,Mixed,,adenomatous and hyperplastic polyp (C18._),,false,false,,false
6150,179,M,8244/3,morphology,Mixed,,adenoneuroendocrine carcinoma,,false,false,,false
6151,179,M,8902/3,morphology,Mixed,,alveolar rhabdomyosarcoma and embryonal rhabdomyosarcoma,,false,false,,false
6152,179,M,8094/3,morphology,Mixed,,basal-squamous cell carcinoma (C44._),,false,false,,false
6153,179,M,8281/0,morphology,Mixed,,basophil-acidophil adenoma (C75.1),C75.1,false,false,,false
6154,179,M,8281/3,morphology,Mixed,,basophil-acidophil carcinoma (C75.1),C75.1,false,false,,false
6155,179,M,8180/3,morphology,Mixed,,bile duct and hepatocellular carcinoma (C22.0),C22.0,false,false,,false
6156,179,M,8244/3,morphology,Mixed,,carcinoid-adenocarcinoma,,false,false,,false
6157,179,M,8323/3,morphology,Mixed,Cell,adenocarcinoma,,false,false,,false
6158,179,M,8323/0,morphology,Mixed,Cell,adenoma,,false,false,,false
6159,179,M,8375/0,morphology,Mixed,Cell,adrenal cortical adenoma (C74.0),C74.0,false,false,,false
6160,179,M,8552/3,morphology,Mixed,,ductal-acinar carcinoma,,false,false,,false
6161,179,M,8154/3,morphology,Mixed,,ductal-endocrine-acinar carcinoma,,false,false,,false
6162,179,M,8154/3,morphology,Mixed,,ductal-endocrine carcinoma (C25._),,false,false,,false
6163,179,M,8523/3,morphology,Mixed,,"duct, infiltrating, with other types of carcinoma (C50._)",,false,false,,false
6164,179,M,9081/3,morphology,Mixed,,embryonal carcinoma and teratoma,,false,false,,false
6165,179,M,8902/3,morphology,Mixed,,embryonal rhabdomyosarcoma and alveolar rhabdomyosarcoma,,false,false,,false
6166,179,M,8154/3,morphology,Mixed,,endocrine-acinar carcinoma (C25._),,false,false,,false
6167,179,M,8154/3,morphology,Mixed,,endocrine and exocrine adenocarcinoma (C25._),,false,false,,false
6168,179,M,8154/3,morphology,Mixed,,"endocrine and exocrine tumor, malignant pancreatic (C25._)",,false,false,,false
6169,179,M,8154/3,morphology,Mixed,,endocrine-ductal-acinar carcinoma,,false,false,,false
6170,179,M,8154/3,morphology,Mixed,,endocrine-ductal carcinoma (C25._),,false,false,,false
6171,179,M,9383/1,morphology,Mixed,,ependymoma-subependymoma (C71._),,false,false,,false
6172,179,M,8560/3,morphology,Mixed,,epidermoid carcinoma and adenocarcinoma,,false,false,,false
6173,179,M,8970/3,morphology,Mixed,,epithelial-mesenchymal hepatoblastoma (C22.0),C22.0,false,false,,false
6174,179,M,8770/3,morphology,Mixed,,epithelioid and spindle cell melanoma,,false,false,,false
6175,179,M,8154/3,morphology,Mixed,Exocrine,and endocrine adenocarcinoma (C25._),,false,false,,false
6176,179,M,8154/3,morphology,Mixed,Exocrine,and islet cell adenocarcinoma (C25._),,false,false,,false
6177,179,M,8154/3,morphology,Mixed,Exocrine,"and pancreatic endocrine tumor, malignant (C25._)",,false,false,,false
6178,179,M,8346/3,morphology,Mixed,,follicular-medullary carcinoma (C73.9),C73.9,false,false,,false
6179,179,M,9085/3,morphology,Mixed,,germ cell tumor,,false,false,,false
6180,179,M,8560/0,morphology,Mixed,,glandular and squamous cell papilloma,,false,false,,false
6181,179,M,9382/3,morphology,Mixed,,glioma (C71._),,false,false,,false
6182,180,M,8970/3,morphology,Mixed,,"hepatoblastoma, epithelial- mesenchymal (C22.0)",C22.0,false,false,,false
6183,180,M,8180/3,morphology,Mixed,,hepatocellular and bile duct carcinoma (C22.0),C22.0,false,false,,false
6184,180,M,8213/0,morphology,Mixed,,hyperplastic and adenomatous polyp 8950/3 Mullerian (C54._) (C18._),,false,false,,false
6185,180,M,8523/3,morphology,Mixed,,"infiltrating duct with other types of 8940/3 salivary gland type, malignant carcinoma (C50._)",,false,false,,false
6186,180,M,8524/3,morphology,Mixed,,"infiltrating lobular with other types of 8940/0 salivary gland type, NOS (C07._, carcinoma (C50._)",,false,false,,false
6187,180,M,8154/3,morphology,Mixed,,islet cell and exocrine adenocarcinoma (C25._),,false,false,,false
6188,180,M,8855/3,morphology,Mixed,,liposarcoma,,false,false,,false
6189,180,M,8524/3,morphology,Mixed,,"lobular, infiltrating, with other types of carcinoma (C50._)",,false,false,,false
6190,180,M,8346/3,morphology,Mixed,,medullary-follicular carcinoma (C73.9),C73.9,false,false,,false
6191,180,M,8347/3,morphology,Mixed,,medullary-papillary carcinoma (C73.9),C73.9,false,false,,false
6192,180,M,9537/0,morphology,Mixed,,meningioma (C70._),,false,false,,false
6193,180,M,8970/3,morphology,Mixed,,mesenchymal-epithelial hepatoblastoma (C22.0),C22.0,false,false,,false
6194,180,M,8990/3,morphology,Mixed,,mesenchymal sarcoma,,false,false,,false
6195,180,M,8990/1,morphology,Mixed,,mesenchymal tumor,,false,false,,false
6196,180,M,8951/3,morphology,Mixed,,mesodermal tumor,,false,false,,false
6197,180,M,8254/3,morphology,Mixed,,"mucinous and non-mucinous bronchiolo- alveolar carcinoma, (C34._)",,false,false,,false
6198,180,M,8950/3,morphology,Mixed,,Mullerian tumor (C54._),,false,false,,false
6199,180,M,8254/3,morphology,Mixed,,"non-mucinous and mucinous bronchiolo- alveolar carcinoma, (C34._)",,false,false,,false
6200,180,M,8154/3,morphology,Mixed,,"pancreatic endocrine and exocrine tumor, malignant (C25._)",,false,false,,false
6201,180,M,8347/3,morphology,Mixed,,papillary-medullary carcinoma (C73.9) -----/-2 Moderately well differentiated (see grading,C73.9,false,false,,false
6202,180,M,9362/3,morphology,Mixed,,pineal tumor (C75.3),C75.3,false,false,,false
6203,180,M,9362/3,morphology,Mixed,,pineocytoma-pineoblastoma (C75.3),C75.3,false,false,,false
6204,180,M,8902/3,morphology,Mixed,,"rhabdomyosarcoma, alveolar and embryonal",,false,false,,false
6205,180,M,9085/3,morphology,Mixed,,seminoma and teratoma,,false,false,,false
6206,180,M,8592/1,morphology,Mixed,,"sex cord-gonadal stromal tumor, mixed 9100/0 NOS (C58.9) forms",C58.9,false,false,,false
6207,180,M,8045/3,morphology,Mixed,,small cell carcinoma,,false,false,,false
6208,180,M,8770/3,morphology,Mixed,,spindle cell and mixed epithelioid melanoma,,false,false,,false
6209,180,M,8094/3,morphology,Mixed,,squamous-basal cell carcinoma (C44._),,false,false,,false
6210,180,M,8560/0,morphology,Mixed,,squamous cell and glandular papilloma,,false,false,,false
6211,180,M,8560/3,morphology,Mixed,,squamous cell carcinoma and adenocarcinoma,,false,false,,false
6212,180,M,9383/1,morphology,Mixed,,subependymoma-ependymoma (C71._),,false,false,,false
6213,180,M,8255/3,morphology,Mixed,,"subtypes, adenocarcinoma with",,false,false,,false
6214,180,M,9081/3,morphology,Mixed,,teratoma and embryonal carcinoma,,false,false,,false
6215,180,M,9085/3,morphology,Mixed,,teratoma and seminoma,,false,false,,false
6216,180,M,8940/0,morphology,Mixed,Tumor,NOS,,false,false,,false
6217,180,M,8940/3,morphology,Mixed,Tumor,"malignant, NOS",,false,false,,false
6218,180,M,8951/3,morphology,Mixed,Tumor,mesodermal,,false,false,,false
6219,180,M,9362/3,morphology,Mixed,Tumor,"pineal (C75.3) (C07._, C08._) C08._)",C75.3,false,false,,false
6220,180,M,8902/3,morphology,Mixed,Type,rhabdomyosarcoma,,false,false,,false
6221,180,M,8582/3,morphology,Mixed,Type,"thymoma, malignant (C37.9)",C37.9,false,false,,false
6222,180,M,8582/1,morphology,Mixed,Type,"thymoma, NOS (C37.9)",C37.9,false,false,,false
6223,180,M,8470/0,morphology,Moderate dysplasia (with),,"cystic tumor, mucinous (C25._)",,false,false,,false
6224,180,M,8453/0,morphology,Moderate dysplasia (with),,intraductal papillary-mucinous tumor (C25._),,false,false,,false
6225,180,M,8470/0,morphology,Moderate dysplasia (with),,mucinous cystic tumor (C25._),,false,false,,false
6226,180,M,8453/0,morphology,Moderate dysplasia (with),,"papillary mucinous neoplasm, intraductal (C25._)",,false,false,,false
6227,180,M,8453/0,morphology,Moderate dysplasia (with),,"papillary mucinous tumor, intraductal (C25._)",,false,false,,false
6228,180,M,8249/3,morphology,Moderately differentiated,,"carcinoma, neuroendocrine",,false,false,,false
6229,180,M,8332/3,morphology,Moderately differentiated,,follicular adenocarcinoma (C73.9),C73.9,false,false,,false
6230,180,M,8332/3,morphology,Moderately differentiated,,follicular carcinoma (C73.9),C73.9,false,false,,false
6231,180,M,8249/3,morphology,Moderately differentiated,,neuroendocrine carcinoma,,false,false,,false
6232,180,M,,,Moderately differentiated,,"/-2 Moderately differentiated (see grading code, section 4.3.4) code, section 4.3.4)",,false,false,,false
6233,180,M,9100/0,morphology,Mole,,hydatid (C58.9),C58.9,false,false,,false
6234,180,M,9100/0,morphology,Mole,Hydatidiform,complete (C58.9),C58.9,false,false,,false
6235,180,M,9100/1,morphology,Mole,Hydatidiform,invasive (C58.9),C58.9,false,false,,false
6236,180,M,9100/1,morphology,Mole,Hydatidiform,malignant (C58.9),C58.9,false,false,,false
6237,180,M,9103/0,morphology,Mole,Hydatidiform,partial (C58.9),C58.9,false,false,,false
6238,180,M,9100/1,morphology,Mole,,"invasive, NOS (C58.9)",C58.9,false,false,,false
6239,180,M,,,Mole,,Molluscum contagiosum (see SNOMED),,false,true,,false
6240,180,M,,,Mole,,Molluscum sebaceum (see SNOMED),,false,true,,false
6241,180,M,9765/1,morphology,"Monoclonal gammopathy, NOS",,"Monoclonal gammopathy, NOS",,false,false,,true
6242,180,M,9765/1,morphology,Monoclonal gammopathy of undetermined,,Monoclonal gammopathy of undetermined significance,,false,false,,true
6243,180,M,8146/0,morphology,Monomorphic adenoma,,Monomorphic adenoma,,false,false,,true
6244,180,M,9751/3,morphology,Mono-ostotic Langerhans cell histiocytosis,,Mono-ostotic Langerhans cell histiocytosis,,false,false,,true
6245,180,M,9041/3,morphology,Monophasic fibrous synovial sarcoma,,Monophasic fibrous synovial sarcoma,,false,false,,true
6246,180,M,C51.9,topography,Mons pubis,,Mons pubis,,false,false,,true
6247,180,M,9441/3,morphology,Monstrocellular sarcoma (C71._),,Monstrocellular sarcoma (C71._) [obs],,true,false,,true
6248,181,M,C51.9,topography,Mons veneris,,Mons veneris,,false,false,,true
6249,181,M,8092/3,morphology,Morpheic basal cell carcinoma (C44._),,Morpheic basal cell carcinoma (C44._),,false,false,,true
6250,181,M,C06.9,topography,Mouth,,NOS,,false,false,,false
6251,181,M,C04.0,topography,Mouth,,"floor, anterior",,false,false,,false
6252,181,M,C04.1,topography,Mouth,,"floor, lateral",,false,false,,false
6253,181,M,C04.9,topography,Mouth,,"floor, NOS",,false,false,,false
6254,181,M,C05.9,topography,Mouth,,roof,,false,false,,false
6255,181,M,C06.1,topography,Mouth,,vestibule,,false,false,,false
6256,181,M,9540/3,morphology,MPNST,,NOS,,false,false,,false
6257,181,M,9540/3,morphology,MPNST,,epithelioid,,false,false,,false
6258,181,M,9540/3,morphology,MPNST,,melanotic,,false,false,,false
6259,181,M,9540/3,morphology,MPNST,,melanotic psammomatous,,false,false,,false
6260,181,M,9571/3,morphology,MPNST,,perineural,,false,false,,false
6261,181,M,9540/3,morphology,MPNST,,with glandular differentiation,,false,false,,false
6262,181,M,9540/3,morphology,MPNST,,with mesenchymal differentiation,,false,false,,false
6263,181,M,,,MPNST,,"M_ (see Leukemia, FAB, M_)",,false,false,,false
6264,181,M,8230/3,morphology,"Mucin formation, solid adenocarcinoma",,"Mucin formation, solid adenocarcinoma with",,false,false,,true
6265,181,M,8230/3,morphology,"Mucin formation, solid carcinoma with",,"Mucin formation, solid carcinoma with",,false,false,,true
6266,181,M,9015/3,morphology,Mucinous,,adenocarcinofibroma,,false,false,,false
6267,181,M,8480/3,morphology,Mucinous,,adenocarcinoma,,false,false,,false
6268,181,M,8482/3,morphology,Mucinous,,"adenocarcinoma, endocervical type",,false,false,,false
6269,181,M,9015/0,morphology,Mucinous,Adenofibroma,NOS,,false,false,,false
6270,181,M,9015/3,morphology,Mucinous,Adenofibroma,malignant,,false,false,,false
6271,181,M,9015/1,morphology,Mucinous,Adenofibroma,of borderline malignancy,,false,false,,false
6272,181,M,8480/0,morphology,Mucinous,,adenoma,,false,false,,false
6273,181,M,8523/3,morphology,Mucinous,,and infiltrating duct carcinoma (C50._),,false,false,,false
6274,181,M,8480/1,morphology,Mucinous,,"appendiceal neoplasm, low grade (C18.1)",C18.1,false,false,,false
6275,181,M,8253/3,morphology,Mucinous,,bronchiolo-alveolar carcinoma (C34._),,false,false,,false
6276,181,M,8254/3,morphology,Mucinous,,"bronchiolo-alveolar carcinoma, non- mucinous and, mixed (C34._)",,false,false,,false
6277,181,M,8243/3,morphology,Mucinous,,carcinoid,,false,false,,false
6278,181,M,8480/3,morphology,Mucinous,,carcinoma,,false,false,,false
6279,181,M,9015/3,morphology,Mucinous,,cystadenocarcinofibroma,,false,false,,false
6280,181,M,8470/3,morphology,Mucinous,Cystadenocarcinoma,NOS (C56.9),C56.9,false,false,,false
6281,181,M,8470/2,morphology,Mucinous,Cystadenocarcinoma,non-invasive (C25._),,false,false,,false
6282,181,M,8471/3,morphology,Mucinous,Cystadenocarcinoma,papillary (C56.9),C56.9,false,false,,false
6283,181,M,9015/0,morphology,Mucinous,Cystadenofibroma,NOS,,false,false,,false
6284,181,M,9015/3,morphology,Mucinous,Cystadenofibroma,malignant,,false,false,,false
6285,181,M,9015/1,morphology,Mucinous,Cystadenofibroma,of borderline malignancy,,false,false,,false
6286,181,M,8470/0,morphology,Mucinous,Cystadenoma,NOS (C56.9),C56.9,false,false,,false
6287,181,M,8472/1,morphology,Mucinous,Cystadenoma,borderline malignancy (C56.9),C56.9,false,false,,false
6288,181,M,8473/1,morphology,Mucinous,Cystadenoma,"papillary, borderline malignancy (C56.9)",C56.9,false,false,,false
6289,181,M,8471/0,morphology,Mucinous,Cystadenoma,"papillary, NOS (C56.9)",C56.9,false,false,,false
6290,181,M,8470/0,morphology,Mucinous,,cystoma (C56.9),C56.9,false,false,,false
6291,181,M,8480/1,morphology,Mucinous,,"neoplasm, appendiceal, low grade (C18.1)",C18.1,false,false,,false
6292,181,M,8472/1,morphology,Mucinous,Tumor,"NOS, of low malignant potential (C56.9)",C56.9,false,false,,false
6293,181,M,8472/1,morphology,Mucinous,Tumor,atypical proliferative (C56.9),C56.9,false,false,,false
6294,181,M,8473/1,morphology,Mucinous,Tumor,"papillary, of low malignant potential (C56.9)",C56.9,false,false,,false
6295,181,M,8470/3,morphology,Mucinous cystic neoplasm,,with an associated invasive carcinoma (C25._),,false,false,,false
6296,181,M,8470/2,morphology,Mucinous cystic neoplasm,,with high grade dysplasia (C25._),,false,false,,false
6297,181,M,8470/2,morphology,Mucinous cystic neoplasm,,with high grade intraepithelial neoplasia (C22._),,false,false,,false
6298,181,M,8470/0,morphology,Mucinous cystic neoplasm,,with intermediate grade intermediate grade dysplasia (C25._),,false,false,,false
6299,181,M,8470/0,morphology,Mucinous cystic neoplasm,,with intermediate grade intraepithelial neoplasia (C22._),,false,false,,false
6300,181,M,8470/0,morphology,Mucinous cystic neoplasm,,with low grade dysplasia (C25._),,false,false,,false
6301,181,M,8470/0,morphology,Mucinous cystic neoplasm,,with low grade intraepithelial neoplasia (C22._),,false,false,,false
6302,181,M,8472/1,morphology,Mucinous cystic tumor,,of borderline malignancy (C56.9),C56.9,false,false,,false
6303,181,M,8470/3,morphology,Mucinous cystic tumor,,with an associated invasive carcinoma (C25._),,false,false,,false
6304,181,M,8470/2,morphology,Mucinous cystic tumor,,with high grade dysplasia (C25._),,false,false,,false
6305,181,M,8470/0,morphology,Mucinous cystic tumor,,with intermediate dysplasia (C25._),,false,false,,false
6306,181,M,8470/0,morphology,Mucinous cystic tumor,,with low grade dysplasia (C25._),,false,false,,false
6307,181,M,8470/0,morphology,Mucinous cystic tumor,,with moderate dysplasia (C25._),,false,false,,false
6308,181,M,8453/0,morphology,Mucinous-papillary,,"adenoma, intraductal (C25._)",,false,false,,false
6309,181,M,8453/3,morphology,Mucinous-papillary,,"carcinoma, intraductal, invasive (C25._)",,false,false,,false
6310,181,M,8453/2,morphology,Mucinous-papillary,,"carcinoma, intraductal, non-invasive (C25._)",,false,false,,false
6311,181,M,8453/3,morphology,Mucinous-papillary,Intraductal neoplasm,with an associated invasive carcinoma,,false,false,,false
6312,181,M,8453/2,morphology,Mucinous-papillary,Intraductal neoplasm,with high grade dysplasia (C25._),,false,false,,false
6313,181,M,8453/0,morphology,Mucinous-papillary,Intraductal neoplasm,with low grade dysplasia (C25._),,false,false,,false
6314,181,M,8453/0,morphology,Mucinous-papillary,Intraductal neoplasm,with moderate dysplasia (C25._),,false,false,,false
6315,181,M,8453/0,morphology,Mucinous-papillary,Intraductal tumor,with intermediate dysplasia (C25._),,false,false,,false
6316,181,M,8453/0,morphology,Mucinous-papillary,Intraductal tumor,with low grade dysplasia (C25._),,false,false,,false
6317,181,M,8453/0,morphology,Mucinous-papillary,Intraductal tumor,with moderate dysplasia (C25._),,false,false,,false
6318,181,M,8481/3,morphology,Mucin-producing adenocarcinoma,,Mucin-producing adenocarcinoma,,false,false,,true
6319,181,M,8481/3,morphology,Mucin-producing carcinoma,,Mucin-producing carcinoma,,false,false,,true
6320,181,M,8481/3,morphology,Mucin-secreting adenocarcinoma,,Mucin-secreting adenocarcinoma,,false,false,,true
6321,181,M,8481/3,morphology,Mucin-secreting carcinoma,,Mucin-secreting carcinoma,,false,false,,true
6322,181,M,8243/3,morphology,Mucocarcinoid tumor,,Mucocarcinoid tumor,,false,false,,true
6323,181,M,,,Mucocarcinoid tumor,,Mucocele (see SNOMED),,false,true,,false
6324,182,M,8430/3,morphology,Mucoepidermoid carcinoma,,Mucoepidermoid carcinoma,,false,false,,true
6325,182,M,8430/1,morphology,Mucoepidermoid tumor,,Mucoepidermoid tumor [obs],,true,false,,true
6326,182,M,8480/3,morphology,Mucoid,,adenocarcinoma,,false,false,,false
6327,182,M,8480/3,morphology,Mucoid,,carcinoma,,false,false,,false
6328,182,M,8300/3,morphology,Mucoid,,cell adenocarcinoma (C75.1),C75.1,false,false,,false
6329,182,M,8300/0,morphology,Mucoid,,cell adenoma (C75.1),C75.1,false,false,,false
6330,182,M,C03.1,topography,Mucosa,,"alveolar, lower",,false,false,,false
6331,182,M,C03.9,topography,Mucosa,,"alveolar, NOS",,false,false,,false
6332,182,M,C03.1,topography,Mucosa,,"alveolar ridge, lower",,false,false,,false
6333,182,M,C03.9,topography,Mucosa,,"alveolar ridge, NOS",,false,false,,false
6334,182,M,C03.0,topography,Mucosa,,"alveolar ridge, upper",,false,false,,false
6335,182,M,C03.0,topography,Mucosa,,"alveolar, upper",,false,false,,false
6336,182,M,C06.0,topography,Mucosa,,buccal,,false,false,,false
6337,182,M,C06.0,topography,Mucosa,,cheek,,false,false,,false
6338,182,M,C00.4,topography,Mucosa,,"lip, lower",,false,false,,false
6339,182,M,C00.5,topography,Mucosa,,"lip, NOS",,false,false,,false
6340,182,M,C00.3,topography,Mucosa,,"lip, upper",,false,false,,false
6341,182,M,C30.0,topography,Mucosa,,nasal,,false,false,,false
6342,182,M,C06.9,topography,Mucosa,,oral,,false,false,,false
6343,182,M,8746/3,morphology,Mucosal lentiginous melanoma,,Mucosal lentiginous melanoma,,false,false,,true
6344,182,M,8480/3,morphology,Mucous adenocarcinoma,,Mucous adenocarcinoma,,false,false,,true
6345,182,M,8480/3,morphology,Mucous carcinoma,,Mucous carcinoma,,false,false,,true
6346,182,M,9762/3,morphology,Mu heavy chain disease,,Mu heavy chain disease,,false,false,,true
6347,182,M,8950/3,morphology,Mullerian mixed tumor (C54._),,Mullerian mixed tumor (C54._),,false,false,,true
6348,182,M,8091/3,morphology,Multicentric basal cell carcinoma (C44._),,Multicentric basal cell carcinoma (C44._),,false,false,,true
6349,182,M,9055/0,morphology,"Multicystic mesothelioma, benign",,"Multicystic mesothelioma, benign",,false,false,,true
6350,182,M,9751/3,morphology,Multifocal Langerhans cell histiocytosis,,Multifocal Langerhans cell histiocytosis,,false,false,,true
6351,182,M,8091/3,morphology,Multifocal superficial basal cell carcinoma,,Multifocal superficial basal cell carcinoma (C44._),,false,false,,true
6352,182,M,9440/3,morphology,"Multiforme, glioblastoma (C71._)",,"Multiforme, glioblastoma (C71._)",,false,false,,true
6353,182,M,9440/3,morphology,"Multiforme, spongioblastoma (C71._)",,"Multiforme, spongioblastoma (C71._)",,false,false,,true
6354,182,M,9985/3,morphology,"Multilineage dysplasia, refractory cytopenia",,"Multilineage dysplasia, refractory cytopenia with",,false,false,,true
6355,182,M,8959/3,morphology,"Multilocular cystic nephroma, malignant",,"Multilocular cystic nephroma, malignant (C64.9)",C64.9,false,false,,true
6356,182,M,8360/1,morphology,Multiple,,"adenomas, endocrine",,false,false,,false
6357,182,M,8221/0,morphology,Multiple,,adenomatous polyps,,false,false,,false
6358,182,M,8221/3,morphology,Multiple,,"adenomatous polyps, adenocarcinoma in",,false,false,,false
6359,182,M,9140/3,morphology,Multiple,,hemorrhagic sarcoma,,false,false,,false
6360,182,M,9530/1,morphology,Multiple,,meningiomas (C70._),,false,false,,false
6361,182,M,9732/3,morphology,Multiple,,myeloma (C42.1),C42.1,false,false,,false
6362,182,M,9540/1,morphology,Multiple,,neurofibromatosis,,false,false,,false
6363,182,M,8221/0,morphology,Multiple,,"polyps, adenomatous",,false,false,,false
6364,182,M,8221/3,morphology,Multiple,,"polyps, adenomatous, adenocarcinoma in",,false,false,,false
6365,182,M,C75.8,topography,Multiple endocrine glands,,Multiple endocrine glands,,false,false,,true
6366,182,M,C77.8,topography,"Multiple regions, lymph nodes",,"Multiple regions, lymph nodes",,false,false,,true
6367,182,M,C49.9,topography,Muscle,,NOS,,false,false,,false
6368,182,M,C49.4,topography,Muscle,,abdomen,,false,false,,false
6369,182,M,C49.4,topography,Muscle,,abdominal wall,,false,false,,false
6370,182,M,C49.1,topography,Muscle,,arm,,false,false,,false
6371,182,M,C49.6,topography,Muscle,,back,,false,false,,false
6372,182,M,C49.1,topography,Muscle,,biceps brachii,,false,false,,false
6373,182,M,C49.2,topography,Muscle,,biceps femoris,,false,false,,false
6374,182,M,C49.1,topography,Muscle,,brachialis,,false,false,,false
6375,182,M,C49.5,topography,Muscle,,buttock,,false,false,,false
6376,182,M,C49.2,topography,Muscle,,calf,,false,false,,false
6377,182,M,C49.3,topography,Muscle,,chest wall,,false,false,,false
6378,182,M,C49.1,topography,Muscle,,coracobrachialis,,false,false,,false
6379,182,M,C49.1,topography,Muscle,,deltoideus,,false,false,,false
6380,182,M,C69.6,topography,Muscle,,extraocular,,false,false,,false
6381,182,M,C49.0,topography,Muscle,,face,,false,false,,false
6382,182,M,C49.1,topography,Muscle,,finger,,false,false,,false
6383,182,M,C49.6,topography,Muscle,,flank,,false,false,,false
6384,182,M,C49.2,topography,Muscle,,foot,,false,false,,false
6385,182,M,C49.1,topography,Muscle,,forearm,,false,false,,false
6386,182,M,C49.2,topography,Muscle,,gastrocnemius,,false,false,,false
6387,182,M,C49.5,topography,Muscle,,gluteus maximus,,false,false,,false
6388,182,M,C49.1,topography,Muscle,,hand,,false,false,,false
6389,182,M,C49.0,topography,Muscle,,head,,false,false,,false
6390,182,M,C49.4,topography,Muscle,,iliopsoas,,false,false,,false
6391,182,M,C49.3,topography,Muscle,,intercostal,,false,false,,false
6392,182,M,C49.3,topography,Muscle,,latissimus dorsi,,false,false,,false
6393,182,M,C49.2,topography,Muscle,,leg,,false,false,,false
6394,182,M,C49.0,topography,Muscle,,masseter,,false,false,,false
6395,182,M,C49.0,topography,Muscle,,neck,,false,false,,false
6396,182,M,C49.3,topography,Muscle,,pectoralis major,,false,false,,false
6397,182,M,C49.5,topography,Muscle,,pelvis,,false,false,,false
6398,182,M,C49.5,topography,Muscle,,perineum,,false,false,,false
6399,182,M,C49.4,topography,Muscle,,psoas,,false,false,,false
6400,182,M,C49.2,topography,Muscle,,quadriceps femoris,,false,false,,false
6401,182,M,C49.4,topography,Muscle,,rectus abdominis,,false,false,,false
6402,182,M,C49.5,topography,Muscle,,sacrococcygeal region,,false,false,,false
6403,182,M,C49.0,topography,Muscle,,scalp,,false,false,,false
6404,182,M,C49.1,topography,Muscle,,shoulder,,false,false,,false
6405,182,M,C49.9,topography,Muscle,,"skeletal, NOS",,false,false,,false
6406,182,M,C49.0,topography,Muscle,,sternocleidomastoid,,false,false,,false
6407,182,M,C49.2,topography,Muscle,,thigh,,false,false,,false
6408,182,M,C49.3,topography,Muscle,,thoracic wall,,false,false,,false
6409,182,M,C49.3,topography,Muscle,,thorax,,false,false,,false
6410,182,M,C49.1,topography,Muscle,,thumb,,false,false,,false
6411,182,M,C49.2,topography,Muscle,,toe,,false,false,,false
6412,182,M,C49.3,topography,Muscle,,trapezius,,false,false,,false
6413,182,M,C49.1,topography,Muscle,,triceps brachii,,false,false,,false
6414,182,M,C49.6,topography,Muscle,,"trunk, NOS",,false,false,,false
6415,182,M,8897/1,morphology,"Muscle tumor, smooth, NOS",,"Muscle tumor, smooth, NOS",,false,false,,true
6416,182,M,8897/1,morphology,"Muscle tumor, smooth, uncertain",,"Muscle tumor, smooth, uncertain malignant potential",,false,false,,true
6417,182,M,,,"Muscle tumor, smooth, uncertain",,Musculo-aponeurotic fibromatosis (see SNOMED),,false,true,,false
6418,182,M,9700/3,morphology,Mycosis fungoides (C44._),,Mycosis fungoides (C44._),,false,false,,true
6419,182,M,9975/3,morphology,Myelodysplastic/myeloproliferative,,"Myelodysplastic/myeloproliferative neoplasm, unclassifiable",,false,false,,true
6420,183,M,9989/3,morphology,Myelodysplastic syndrome,,NOS,,false,false,,false
6421,183,M,9987/3,morphology,Myelodysplastic syndrome,,"alkylating agent related, therapy related 9960/3 chronic (C42.1)",C42.1,false,false,,false
6422,183,M,9987/3,morphology,Myelodysplastic syndrome,,"epipodophyllotoxin related, therapy related",,false,false,,false
6423,183,M,9895/3,morphology,Myelodysplastic syndrome,,"prior, acute myeloid leukemia with",,false,false,,false
6424,183,M,9895/3,morphology,Myelodysplastic syndrome,,"prior, acute myeloid leukemia without",,false,false,,false
6425,183,M,9987/3,morphology,Myelodysplastic syndrome,Therapy related,NOS,,false,false,,false
6426,183,M,9987/3,morphology,Myelodysplastic syndrome,Therapy related,alkylating agent related,,false,false,,false
6427,183,M,9987/3,morphology,Myelodysplastic syndrome,Therapy related,epipodophyllotoxin related,,false,false,,false
6428,183,M,9989/3,morphology,Myelodysplastic syndrome,,unclassifiable,,false,false,,false
6429,183,M,9986/3,morphology,Myelodysplastic syndrome,,with 5q deletion (5q–) syndrome,,false,false,,false
6430,183,M,9989/3,morphology,Myelodysplastic syndrome,,with isoleted del (5q),,false,false,,false
6431,183,M,,,Myelofibrosis,,NOS (see SNOMED),,false,true,,false
6432,183,M,9931/3,morphology,Myelofibrosis,,acute (C42.1),C42.1,false,false,,false
6433,183,M,9961/3,morphology,Myelofibrosis,,as a result of myeloproliferative disease,,false,false,,false
6434,183,M,9961/3,morphology,Myelofibrosis,,chronic idiopathic,,false,false,,false
6435,183,M,9961/3,morphology,Myelofibrosis,,primary,,false,false,,false
6436,183,M,9961/3,morphology,Myelofibrosis,,with myeloid metaplasia,,false,false,,false
6437,183,M,9931/3,morphology,Myelofibrosis,,with panmyelosis (C42.1),C42.1,false,false,,false
6438,183,M,9967/3,morphology,Myeloid,,and lymphoid neoplasms with FGFR1 8982/0 Myoepithelioma abnormalities,,false,false,,false
6439,183,M,9965/3,morphology,Myeloid,,and lymphoid neoplasms with,,false,false,,false
6440,183,M,9961/3,morphology,Myeloid,Metaplasia,agnogenic,,false,false,,false
6441,183,M,9961/3,morphology,Myeloid,Metaplasia,with myelofibrosis,,false,false,,false
6442,183,M,9961/3,morphology,Myeloid,Metaplasia,with myelosclerosis,,false,false,,false
6443,183,M,9966/3,morphology,Myeloid,,neoplasms with PDGFRB rearrangement,,false,false,,false
6444,183,M,9920/3,morphology,Myeloid,,"neoplasm, therapy related",,false,false,,false
6445,183,M,9930/3,morphology,Myeloid,,sarcoma (see also 9861/3),,false,false,9861/3,false
6446,183,M,9920/3,morphology,Myeloid,,therapy related neoplasm,,false,false,,false
6447,183,M,8870/0,morphology,Myelolipoma,,Myelolipoma,,false,false,,true
6448,183,M,9732/3,morphology,Myeloma,,NOS (C42.1),C42.1,false,false,,false
6449,183,M,9732/3,morphology,Myeloma,,multiple (C42.1),C42.1,false,false,,false
6450,183,M,9732/3,morphology,Myeloma,,plasma cell (C42.1),C42.1,false,false,,false
6451,183,M,9731/3,morphology,Myeloma,,solitary (C42.1),C42.1,false,false,,false
6452,183,M,9732/3,morphology,Myelomatosis,,Myelomatosis (C42.1),C42.1,false,false,,true
6453,183,M,9898/1,morphology,"Myelopoiesis, transient abnormal",,"Myelopoiesis, transient abnormal",,false,false,,true
6454,183,M,9960/3,morphology,Myeloproliferative,,"disorder, chronic",,false,false,,false
6455,183,M,9960/3,morphology,Myeloproliferative,,"neoplasm, NOS",,false,false,,false
6456,183,M,9975/3,morphology,Myeloproliferative,,"neoplasm, unclassifiable",,false,false,,false
6457,183,M,9960/3,morphology,Myeloproliferative disease,,NOS [obs],,true,false,,false
6458,183,M,9961/3,morphology,Myeloproliferative disease,,myelofibrosis as a result of,,false,false,,false
6459,183,M,9975/3,morphology,Myeloproliferative/myelodysplastic,,"Myeloproliferative/myelodysplastic neoplasm, unclassifiable",,false,false,,true
6460,183,M,9931/3,morphology,Myelosclerosis,,"acute, NOS (C42.1)",C42.1,false,false,,false
6461,183,M,9931/3,morphology,Myelosclerosis,,malignant (C42.1) [obs],C42.1,true,false,,false
6462,183,M,9961/3,morphology,Myelosclerosis,,megakaryocytic,,false,false,,false
6463,183,M,9961/3,morphology,Myelosclerosis,,with myeloid metaplasia,,false,false,,false
6464,183,M,9840/3,morphology,"Myelosis, erythremic, acute",,"Myelosis, erythremic, acute [obs]",,true,false,,true
6465,183,M,9840/3,morphology,"Myelosis, erythremic, NOS",,"Myelosis, erythremic, NOS (C42.1)",C42.1,false,false,,true
6466,183,M,9580/3,morphology,"Myoblastoma, granular cell, malignant",,"Myoblastoma, granular cell, malignant",,false,false,,true
6467,183,M,9580/0,morphology,"Myoblastoma, granular cell, NOS",,"Myoblastoma, granular cell, NOS",,false,false,,true
6468,183,M,C38.0,topography,Myocardium,,Myocardium,,false,false,,true
6469,183,M,8982/0,morphology,Myoepithelial,,adenoma,,false,false,,false
6470,183,M,8982/3,morphology,Myoepithelial,,carcinoma,,false,false,,false
6471,183,M,8982/0,morphology,Myoepithelial,,tumor,,false,false,,false
6472,183,M,8562/3,morphology,Myoepithelial-epithelial carcinoma,,Myoepithelial-epithelial carcinoma,,false,false,,true
6473,183,M,8982/3,morphology,"Myoepithelioma, malignant",,"Myoepithelioma, malignant",,false,false,,true
6474,183,M,8825/1,morphology,Myofibroblastic tumor,,NOS,,false,false,,false
6475,183,M,8825/1,morphology,Myofibroblastic tumor,,inflammatory,,false,false,,false
6476,183,M,8827/1,morphology,Myofibroblastic tumor,,peribronchial (C34._),,false,false,,false
6477,183,M,8827/1,morphology,Myofibroblastic tumor,,"peribronchial, congenital (C34._)",,false,false,,false
6478,183,M,8825/0,morphology,Myofibroblastoma,,Myofibroblastoma,,false,false,,true
6479,183,M,8824/0,morphology,Myofibroma,,Myofibroma,,false,false,,true
6480,183,M,8824/1,morphology,Myofibromatosis,,Myofibromatosis,,false,false,,true
6481,183,M,8824/1,morphology,"Myofibromatosis, infantile",,"Myofibromatosis, infantile",,false,false,,true
6482,183,M,8895/0,morphology,Myoma,,Myoma,,false,false,,true
6483,183,M,C54.2,topography,Myometrium,,Myometrium,,false,false,,true
6484,183,M,8895/3,morphology,Myosarcoma,,Myosarcoma,,false,false,,true
6485,183,M,8931/3,morphology,"Myosis, stromal, endolymphatic",,"Myosis, stromal, endolymphatic (C54.1)",C54.1,false,false,,true
6486,183,M,8931/3,morphology,"Myosis, stromal, NOS",,"Myosis, stromal, NOS (C54.1)",C54.1,false,false,,true
6487,183,M,,,"Myosis, stromal, NOS",,"Myositis ossificans, NOS (see SNOMED)",,false,true,,false
6488,183,M,8811/0,morphology,"Myxofibroma, NOS",,"Myxofibroma, NOS",,false,false,,true
6489,183,M,9320/0,morphology,"Myxofibroma, odontogenic (C41._)",,"Myxofibroma, odontogenic (C41._)",,false,false,,true
6490,183,M,9231/3,morphology,Myxoid,,chondrosarcoma,,false,false,,false
6491,183,M,8811/0,morphology,Myxoid,,fibroma,,false,false,,false
6492,183,M,8896/3,morphology,Myxoid,,leiomyosarcoma,,false,false,,false
6493,183,M,8852/3,morphology,Myxoid,,liposarcoma,,false,false,,false
6494,183,M,8852/0,morphology,Myxolipoma,,Myxolipoma,,false,false,,true
6495,183,M,8852/3,morphology,Myxoliposarcoma,,Myxoliposarcoma,,false,false,,true
6496,184,M,8840/0,morphology,Myxoma,,NOS,,false,false,,false
6497,184,M,9562/0,morphology,Myxoma,,nerve sheath,,false,false,,false
6498,184,M,9320/0,morphology,Myxoma,,odontogenic (C41._),,false,false,,false
6499,184,M,9394/1,morphology,Myxopapillary ependymoma,,Myxopapillary ependymoma (C72.0),C72.0,false,false,,true
6500,184,M,8840/3,morphology,Myxosarcoma,,Myxosarcoma,,false,false,,true
6501,184,N,C53.0,topography,Nabothian gland,,Nabothian gland,,false,false,,true
6502,184,N,C44.6,topography,"Nail, finger",,"Nail, finger",,false,false,,true
6503,184,N,C44.7,topography,"Nail, toe",,"Nail, toe",,false,false,,true
6504,184,N,C30.0,topography,Naris,,Naris,,false,false,,true
6505,184,N,C41.0,topography,Nasal,,bone,,false,false,,false
6506,184,N,C30.0,topography,Nasal,,cartilage,,false,false,,false
6507,184,N,C30.0,topography,Nasal,,"cavity (excludes nose, NOS C76.0)",,false,false,,false
6508,184,N,C69.5,topography,Nasal,,lacrimal duct,,false,false,,false
6509,184,N,C30.0,topography,Nasal,,mucosa,,false,false,,false
6510,184,N,C30.0,topography,Nasal,,"septum, NOS (excludes posterior margin of nasal septum C11.3)",,false,false,,false
6511,184,N,C11.3,topography,Nasal,,"septum, posterior margin",,false,false,,false
6512,184,N,C31.9,topography,Nasal,,"sinus, accessory",,false,false,,false
6513,184,N,C30.0,topography,Nasal,,turbinate,,false,false,,false
6514,184,N,,,Nasal,,Nasal glial heterotopia (see SNOMED),,false,true,,false
6515,184,N,,,Nasal,,Nasal glioma (see SNOMED),,false,true,,false
6516,184,N,C69.5,topography,Nasal lacrimal duct,,Nasal lacrimal duct,,false,false,,true
6517,184,N,C69.5,topography,Nasolacrimal duct,,Nasolacrimal duct,,false,false,,true
6518,184,N,,,Nasolacrimal duct,,Nasopalatine duct cyst (see SNOMED),,false,true,,false
6519,184,N,C11.3,topography,"Nasopharyngeal surface, soft palate",,"Nasopharyngeal surface, soft palate",,false,false,,true
6520,184,N,C11.9,topography,Nasopharyngeal wall,,Nasopharyngeal wall,,false,false,,true
6521,184,N,C11.9,topography,Nasopharynx,,NOS,,false,false,,false
6522,184,N,C11.3,topography,Nasopharynx,,anterior wall,,false,false,,false
6523,184,N,C11.2,topography,Nasopharynx,,lateral wall,,false,false,,false
6524,184,N,C11.1,topography,Nasopharynx,,posterior wall,,false,false,,false
6525,184,N,C11.0,topography,Nasopharynx,,roof,,false,false,,false
6526,184,N,C11.0,topography,Nasopharynx,,superior wall,,false,false,,false
6527,184,N,C76.0,topography,Neck,,NOS,,false,false,,false
6528,184,N,C44.4,topography,Neck,,"NOS (carcinoma, melanoma, nevus)",,false,false,,false
6529,184,N,C49.0,topography,Neck,,"NOS (sarcoma, lipoma)",,false,false,,false
6530,184,N,C49.0,topography,Neck,,adipose tissue,,false,false,,false
6531,184,N,C47.0,topography,Neck,,autonomic nervous system,,false,false,,false
6532,184,N,C49.0,topography,Neck,,connective tissue,,false,false,,false
6533,184,N,C49.0,topography,Neck,,fatty tissue,,false,false,,false
6534,184,N,C49.0,topography,Neck,,fibrous tissue,,false,false,,false
6535,184,N,C77.0,topography,Neck,,lymph node,,false,false,,false
6536,184,N,C49.0,topography,Neck,,muscle,,false,false,,false
6537,184,N,C47.0,topography,Neck,,peripheral nerve,,false,false,,false
6538,184,N,C49.0,topography,Neck,,skeletal muscle,,false,false,,false
6539,184,N,C44.4,topography,Neck,,skin,,false,false,,false
6540,184,N,C49.0,topography,Neck,,soft tissue,,false,false,,false
6541,184,N,C49.0,topography,Neck,,subcutaneous tissue,,false,false,,false
6542,184,N,C49.0,topography,Neck,,tendon,,false,false,,false
6543,184,N,C49.0,topography,Neck,,tendon sheath,,false,false,,false
6544,184,N,C67.5,topography,"Neck, bladder",,"Neck, bladder",,false,false,,true
6545,184,N,C25.7,topography,"Neck, pancreas",,"Neck, pancreas",,false,false,,true
6546,184,N,,,"Neck, pancreas",,"Necrosis, fat (see SNOMED)",,false,true,,false
6547,184,N,8077/2,morphology,Neoplasia,,"anal intraepithelial, grade III (C21.1)",C21.1,false,false,,false
6548,184,N,8077/2,morphology,Neoplasia,,"cervical intraepithelial, grade III (C53._)",,false,false,,false
6549,184,N,8500/2,morphology,Neoplasia,,ductal intraepithelial 3 (C50._),,false,false,,false
6550,184,N,9064/2,morphology,Neoplasia,,intratubular germ cell (C62._),,false,false,,false
6551,184,N,8503/0,morphology,Neoplasia,Papillary neoplasm,"intracystic, with intermediate grade intraepithelial (C23.9)",C23.9,false,false,,false
6552,184,N,8503/0,morphology,Neoplasia,Papillary neoplasm,"intracystic, with low grade intraepithelial (C23.9)",C23.9,false,false,,false
6553,184,N,8503/2,morphology,Neoplasia,Papillary neoplasm,"intraductal, with high grade intraepithelial",,false,false,,false
6554,184,N,8503/0,morphology,Neoplasia,Papillary neoplasm,"intraductal, with intermediate grade (C22._, C24.0)",,false,false,,false
6555,184,N,8503/0,morphology,Neoplasia,Papillary neoplasm,"intraductal, with low grade intraepithelial (C22._, C24.0)",,false,false,,false
6556,184,N,8503/0,morphology,Neoplasia,Papillary neoplasm,"intraglandular, with low grade intraepithelial (C22.1, C24.0)",,false,false,,false
6557,184,N,8503/2,morphology,Neoplasia,,"papillary tumor, intracystic, with high grade intraepithelial (C23.9)",C23.9,false,false,,false
6558,184,N,8503/2,morphology,Neoplasia,,"papillary tumor, intraductal with high grade intraepithelial",,false,false,,false
6559,184,N,8077/2,morphology,Neoplasia,,"squamous intraepithelial, grade III",,false,false,,false
6560,184,N,8077/2,morphology,Neoplasia,,"vaginal intraepithelial, grade III (C52._)",,false,false,,false
6561,184,N,8077/2,morphology,Neoplasia,,"vulvar intraepithelial, grade III (C51._)",,false,false,,false
6562,184,N,8000/1,morphology,Neoplasm,,NOS,,false,false,,false
6563,184,N,8480/1,morphology,Neoplasm,,"appendiceal mucinous, low grade (C18.1)",C18.1,false,false,,false
6564,184,N,8000/0,morphology,Neoplasm,,benign,,false,false,,false
6565,184,N,9727/3,morphology,Neoplasm,,blastic plasmacytoid dendritic cell,,false,false,,false
6566,184,N,9727/3,morphology,Neoplasm,,"dendritic cell, blastic plasmacytoid",,false,false,,false
6567,184,N,8453/3,morphology,Neoplasm,Intraductal papillary-mucinous,with an associated invasive carcinoma,,false,false,,false
6568,184,N,8453/2,morphology,Neoplasm,Intraductal papillary-mucinous,with high grade dysplasia,,false,false,,false
6569,184,N,8453/0,morphology,Neoplasm,Intraductal papillary-mucinous,with low grade dysplasia (C25._),,false,false,,false
6570,184,N,8453/0,morphology,Neoplasm,Intraductal papillary-mucinous,with moderate dysplasia (C25._),,false,false,,false
6571,184,N,8480/1,morphology,Neoplasm,,low grade appendiceal mucinous,,false,false,,false
6572,184,N,9967/3,morphology,Neoplasm,,"lymphoid and myeloid, with FGFR1 abnormalities",,false,false,,false
6573,184,N,9965/3,morphology,Neoplasm,,"lymphoid and myeloid, with PDGFRA rearrangement",,false,false,,false
6574,185,N,8000/3,morphology,Neoplasm,,malignant,,false,false,,false
6575,185,N,8000/9,morphology,Neoplasm,,"malignant, uncertain whether primary 8453/3 with an associated invasive or metastatic",,false,false,,false
6576,185,N,8000/6,morphology,Neoplasm,,metastatic,,false,false,,false
6577,185,N,8480/1,morphology,Neoplasm,,"mucinous, low grade appendiceal",,false,false,,false
6578,185,N,9975/3,morphology,Neoplasm,,"myelodysplastic/myeloproliferative, unclassifiable",,false,false,,false
6579,185,N,9960/3,morphology,Neoplasm,,"myeloproliferative, NOS",,false,false,,false
6580,185,N,9975/3,morphology,Neoplasm,,"myeloproliferative, unclassifiable",,false,false,,false
6581,185,N,8163/0,morphology,Neoplasm,,non-invasive pancreatobiliary,,false,false,,false
6582,185,N,8163/0,morphology,Neoplasm,,"pancreatobiliary, non-invasive",,false,false,,false
6583,185,N,8452/1,morphology,Neoplasm,Papillary,and solid epithelial (C25._) Intracystic,,false,false,,false
6584,185,N,8503/3,morphology,Neoplasm,Papillary,with associated invasive carcinoma (C23.9),C23.9,false,false,,false
6585,185,N,8503/2,morphology,Neoplasm,Papillary,with high grade intraepithelial neoplasia (C23.9),C23.9,false,false,,false
6586,185,N,8503/0,morphology,Neoplasm,Papillary,with intermediate grade intraepithelial neoplasia (C23.9),C23.9,false,false,,false
6587,185,N,8503/0,morphology,Neoplasm,Papillary,with low grade intraepithelial neoplasia (C23.9)) Intraductal,C23.9,false,false,,false
6588,185,N,8503/0,morphology,Neoplasm,Papillary,NOS,,false,false,,false
6589,185,N,8503/3,morphology,Neoplasm,Papillary,with an associated invasive carcinoma,,false,false,,false
6590,185,N,8503/2,morphology,Neoplasm,Papillary,with high grade dysplasia,,false,false,,false
6591,185,N,8503/2,morphology,Neoplasm,Papillary,with high grade intraepithelial neoplasia,,false,false,,false
6592,185,N,8503/0,morphology,Neoplasm,Papillary,"with intermediate grade neoplasia (C22._, C24.0)",,false,false,,false
6593,185,N,8503/0,morphology,Neoplasm,Papillary,"with low grade intraepithelial neoplasia (C22._, C24.0)",,false,false,,false
6594,185,N,8503/0,morphology,Neoplasm,Papillary,"intraglandular, with low grade intraepithelial neoplasia (C22.1, C24.0) Non-invasive pancreatobiliary",,false,false,,false
6595,185,N,8163/2,morphology,Neoplasm,Papillary,with high grade dysplasia (C24.1),C24.1,false,false,,false
6596,185,N,8163/2,morphology,Neoplasm,Papillary,with high grade intraepithelial neoplasia (C24.1),C24.1,false,false,,false
6597,185,N,8163/0,morphology,Neoplasm,Papillary,with low grade dysplasia,,false,false,,false
6598,185,N,8163/0,morphology,Neoplasm,Papillary,with low grade intraepithelial neoplasia,,false,false,,false
6599,185,N,8163/2,morphology,Neoplasm,Papillary,"pancreatobiliary-type, with high C72.5 cranial, NOS grade intraepithelial neoplasia (C24.1)",C24.1,false,false,,false
6600,185,N,8130/1,morphology,Neoplasm,Papillary,"transitional cell, low malignant potential (C67._)",,false,false,,false
6601,185,N,8130/1,morphology,Neoplasm,Papillary,"urothelial, low malignant potential C47.3 intercostal (C67._)",,false,false,,false
6602,185,N,8453/2,morphology,Neoplasm,Papillary-mucinous intraductal carcinoma,with high grade dysplasia,,false,false,,false
6603,185,N,8453/0,morphology,Neoplasm,Papillary-mucinous intraductal carcinoma,with low grade dysplasia (C25._),,false,false,,false
6604,185,N,8453/0,morphology,Neoplasm,Papillary-mucinous intraductal carcinoma,with moderate dysplasia (C25._),,false,false,,false
6605,185,N,9727/3,morphology,Neoplasm,,"plasmacytoid dendritic cell, blastic",,false,false,,false
6606,185,N,8000/6,morphology,Neoplasm,,secondary,,false,false,,false
6607,185,N,8452/1,morphology,Neoplasm,,solid and papillary epithelial (C25._),,false,false,,false
6608,185,N,9920/3,morphology,Neoplasm,,therapy related myeloid,,false,false,,false
6609,185,N,8503/2,morphology,Neoplasm,,"tubular-papillary, intraductal, high grade",,false,false,,false
6610,185,N,8503/0,morphology,Neoplasm,,"tubular-papillary, intraductal, low grade",,false,false,,false
6611,185,N,8000/1,morphology,Neoplasm,,uncertain whether benign or malignant,,false,false,,false
6612,185,N,9975/3,morphology,Neoplasm,,"unclassifiable, myelodysplastic/ myeloproliferative",,false,false,,false
6613,185,N,9975/3,morphology,Neoplasm,,"unclassifiable, myeloproliferative",,false,false,,false
6614,185,N,8130/1,morphology,Neoplasm,,"urothelial, low malignant potential (C67._)",,false,false,,false
6615,185,N,9967/3,morphology,Neoplasms,,"lymphoid and myeloid, with FGFR1 abnormalities",,false,false,,false
6616,185,N,9965/3,morphology,Neoplasms,,"lymphoid and myeloid, with PDGFRA rearrangement",,false,false,,false
6617,185,N,9967/3,morphology,Neoplasms,,"myeloid and lymphoid, with FGFR1 abnormalities",,false,false,,false
6618,185,N,9965/3,morphology,Neoplasms,,"myeloid and lymphoid, with PDGFRA rearrangement",,false,false,,false
6619,185,N,9966/3,morphology,Neoplasms,,"myeloid, with PDGFRB rearrangement",,false,false,,false
6620,185,N,8959/1,morphology,"Nephroblastoma, cystic partially",,"Nephroblastoma, cystic partially differentiated C64.9)",,false,false,,true
6621,185,N,8960/3,morphology,"Nephroblastoma, NOS",,"Nephroblastoma, NOS (C64.9)",C64.9,false,false,,true
6622,185,N,8965/0,morphology,Nephrogenic adenofibroma,,Nephrogenic adenofibroma (C64.9),C64.9,false,false,,true
6623,185,N,8960/3,morphology,Nephroma,,NOS (C64.9),C64.9,false,false,,false
6624,185,N,8959/0,morphology,Nephroma,,"cystic, benign (C64.9)",C64.9,false,false,,false
6625,185,N,8959/3,morphology,Nephroma,,"cystic, malignant (C64.9)",C64.9,false,false,,false
6626,185,N,8959/3,morphology,Nephroma,,"cystic, multilocular, malignant (C64.9)",C64.9,false,false,,false
6627,185,N,8960/1,morphology,Nephroma,,mesoblastic,,false,false,,false
6628,185,N,C47.9,topography,Nerve,,NOS,,false,false,,false
6629,185,N,C72.5,topography,Nerve,,abducens,,false,false,,false
6630,185,N,C72.5,topography,Nerve,,"accessory, NOS",,false,false,,false
6631,185,N,C72.5,topography,Nerve,,"accessory, spinal",,false,false,,false
6632,185,N,C72.4,topography,Nerve,,acoustic,,false,false,,false
6633,185,N,C47.1,topography,Nerve,,brachial,,false,false,,false
6634,185,N,C72.5,topography,Nerve,,facial,,false,false,,false
6635,185,N,C47.2,topography,Nerve,,femoral,,false,false,,false
6636,185,N,C72.5,topography,Nerve,,glossopharyngeal,,false,false,,false
6637,185,N,C72.5,topography,Nerve,,hypoglossal,,false,false,,false
6638,185,N,C47.6,topography,Nerve,,lumbar,,false,false,,false
6639,186,N,C47.1,topography,Nerve,,median,,false,false,,false
6640,186,N,C47.2,topography,Nerve,,obturator,,false,false,,false
6641,186,N,C72.5,topography,Nerve,,oculomotor,,false,false,,false
6642,186,N,C72.2,topography,Nerve,,olfactory,,false,false,,false
6643,186,N,C72.3,topography,Nerve,,optic,,false,false,,false
6644,186,N,C47.9,topography,Nerve,,"peripheral, NOS",,false,false,,false
6645,186,N,C47.1,topography,Nerve,,radial,,false,false,,false
6646,186,N,C47.5,topography,Nerve,,sacral,,false,false,,false
6647,186,N,C47.2,topography,Nerve,,sciatic,,false,false,,false
6648,186,N,C72.5,topography,Nerve,,spinal accessory,,false,false,,false
6649,186,N,C47.9,topography,Nerve,,"spinal, NOS",,false,false,,false
6650,186,N,C72.5,topography,Nerve,,trigeminal,,false,false,,false
6651,186,N,C72.5,topography,Nerve,,trochlear,,false,false,,false
6652,186,N,C47.1,topography,Nerve,,ulnar,,false,false,,false
6653,186,N,C72.5,topography,Nerve,,vagus,,false,false,,false
6654,186,N,9562/0,morphology,Nerve sheath,,myxoma,,false,false,,false
6655,186,N,9540/3,morphology,Nerve sheath,,"tumor, malignant peripheral",,false,false,,false
6656,186,N,9561/3,morphology,Nerve sheath,,"tumor, malignant peripheral with rhabdomyoblastic differentiation",,false,false,,false
6657,186,N,C72.9,topography,Nervous system,,NOS,,false,false,,false
6658,186,N,C47.9,topography,Nervous system,,"autonomic, NOS",,false,false,,false
6659,186,N,C72.9,topography,Nervous system,,central,,false,false,,false
6660,186,N,C47.9,topography,Nervous system,,"parasympathetic, NOS",,false,false,,false
6661,186,N,C47.9,topography,Nervous system,,"sympathetic, NOS",,false,false,,false
6662,186,N,8150/0,morphology,Nesidioblastoma (C25._),,Nesidioblastoma (C25._),,false,false,,true
6663,186,N,8975/1,morphology,"Nested epithelial stromal tumor, calcifying",,"Nested epithelial stromal tumor, calcifying (C22.0)",C22.0,false,false,,true
6664,186,N,9560/3,morphology,"Neurilemoma, malignant",,"Neurilemoma, malignant [obs]",,true,false,,true
6665,186,N,9560/0,morphology,"Neurilemoma, NOS",,"Neurilemoma, NOS",,false,false,,true
6666,186,N,9560/3,morphology,Neurilemosarcoma,,Neurilemosarcoma [obs],,true,false,,true
6667,186,N,9560/0,morphology,Neurinoma,,Neurinoma,,false,false,,true
6668,186,N,9560/1,morphology,Neurinomatosis,,Neurinomatosis,,false,false,,true
6669,186,N,9505/1,morphology,Neuroastrocytoma,,Neuroastrocytoma [obs],,true,false,,true
6670,186,N,9500/3,morphology,Neuroblastoma,,NOS,,false,false,,false
6671,186,N,9500/3,morphology,Neuroblastoma,,central (C71._),,false,false,,false
6672,186,N,9522/3,morphology,Neuroblastoma,,olfactory (C30.0),C30.0,false,false,,false
6673,186,N,9506/1,morphology,Neurocytoma,,NOS,,false,false,,false
6674,186,N,9506/1,morphology,Neurocytoma,,central,,false,false,,false
6675,186,N,9506/1,morphology,Neurocytoma,,extraventricular,,false,false,,false
6676,186,N,9521/3,morphology,Neurocytoma,,olfactory (C30.0),C30.0,false,false,,false
6677,186,N,9364/3,morphology,Neuroectodermal tumor,,NOS,,false,false,,false
6678,186,N,9473/3,morphology,Neuroectodermal tumor,,"central primitive, NOS (C71._)",,false,false,,false
6679,186,N,9363/0,morphology,Neuroectodermal tumor,,melanotic,,false,false,,false
6680,186,N,9364/3,morphology,Neuroectodermal tumor,,peripheral,,false,false,,false
6681,186,N,9364/3,morphology,Neuroectodermal tumor,,"peripheral primitive, NOS",,false,false,,false
6682,186,N,9473/3,morphology,Neuroectodermal tumor,,"primitive, central, NOS (C71._)",,false,false,,false
6683,186,N,9473/3,morphology,Neuroectodermal tumor,,"primitive, NOS",,false,false,,false
6684,186,N,8574/3,morphology,Neuroendocrine,,"differentiation, adenocarcinoma with",,false,false,,false
6685,186,N,8574/3,morphology,Neuroendocrine,,"differentiation, carcinoma with",,false,false,,false
6686,186,N,8240/3,morphology,Neuroendocrine,,"tumor, grade 1",,false,false,,false
6687,186,N,8249/3,morphology,Neuroendocrine,,"tumor, grade 2",,false,false,,false
6688,186,N,8246/3,morphology,Neuroendocrine carcinoma,,NOS,,false,false,,false
6689,186,N,8013/3,morphology,Neuroendocrine carcinoma,,large cell,,false,false,,false
6690,186,N,8240/3,morphology,Neuroendocrine carcinoma,,low grade,,false,false,,false
6691,186,N,8249/3,morphology,Neuroendocrine carcinoma,,moderately differentiated,,false,false,,false
6692,186,N,8247/3,morphology,Neuroendocrine carcinoma,,primary cutaneous (C44._),,false,false,,false
6693,186,N,8041/3,morphology,Neuroendocrine carcinoma,,small cell,,false,false,,false
6694,186,N,8240/3,morphology,Neuroendocrine carcinoma,,well-differentiated,,false,false,,false
6695,186,N,9413/0,morphology,"Neuroepithelial tumor, dysembryoplastic",,"Neuroepithelial tumor, dysembryoplastic",,false,false,,true
6696,186,N,9503/3,morphology,"Neuroepithelioma, NOS",,"Neuroepithelioma, NOS",,false,false,,true
6697,186,N,9523/3,morphology,"Neuroepithelioma, olfactory",,"Neuroepithelioma, olfactory (C30.0)",C30.0,false,false,,true
6698,186,N,9540/0,morphology,Neurofibroma,,NOS,,false,false,,false
6699,186,N,9541/0,morphology,Neurofibroma,,melanotic,,false,false,,false
6700,186,N,9550/0,morphology,Neurofibroma,,plexiform,,false,false,,false
6701,186,N,9540/1,morphology,"Neurofibromatosis, multiple",,"Neurofibromatosis, multiple",,false,false,,true
6702,186,N,9540/1,morphology,"Neurofibromatosis, NOS",,"Neurofibromatosis, NOS",,false,false,,true
6703,186,N,9540/3,morphology,Neurofibrosarcoma,,Neurofibrosarcoma [obs],,true,false,,true
6704,186,N,9540/3,morphology,Neurogenic sarcoma,,Neurogenic sarcoma [obs],,true,false,,true
6705,186,N,9520/3,morphology,"Neurogenic tumor, olfactory",,"Neurogenic tumor, olfactory",,false,false,,true
6706,186,N,9506/1,morphology,Neurolipocytoma,,Neurolipocytoma (C71.6),C71.6,false,false,,true
6707,186,N,9570/0,morphology,Neuroma,,NOS,,false,false,,false
6708,186,N,9560/0,morphology,Neuroma,,acoustic (C72.4),C72.4,false,false,,false
6709,186,N,,,Neuroma,,amputation (see SNOMED),,false,true,,false
6710,186,N,9550/0,morphology,Neuroma,,plexiform,,false,false,,false
6711,186,N,,,Neuroma,,traumatic (Morton) (see SNOMED),,false,true,,false
6712,186,N,8725/0,morphology,Neuronevus (C44._),,Neuronevus (C44._),,false,false,,true
6713,186,N,9540/3,morphology,Neurosarcoma,,Neurosarcoma [obs],,true,false,,true
6714,186,N,9562/0,morphology,Neurothekeoma,,Neurothekeoma,,false,false,,true
6715,186,N,8745/3,morphology,"Neurotropic melanoma, malignant (C44._)",,"Neurotropic melanoma, malignant (C44._)",,false,false,,true
6716,186,N,9991/3,morphology,"Neutropenia, refractory",,"Neutropenia, refractory",,false,false,,true
6717,186,N,,,"Neutropenia, refractory",,Nevoxanthoendothelioma (see SNOMED),,false,true,,false
6718,186,N,8720/0,morphology,Nevus,,NOS (C44._),,false,false,,false
6719,186,N,8730/0,morphology,Nevus,,achromic (C44._),,false,false,,false
6720,186,N,,,Nevus,,araneus (see SNOMED),,false,true,,false
6721,186,N,8722/0,morphology,Nevus,,balloon cell (C44._),,false,false,,false
6722,186,N,8780/0,morphology,Nevus,Blue,NOS (C44._),,false,false,,false
6723,186,N,8790/0,morphology,Nevus,Blue,cellular (C44._),,false,false,,false
6724,186,N,8780/0,morphology,Nevus,Blue,Jadassohn (C44._),,false,false,,false
6725,186,N,8780/3,morphology,Nevus,Blue,malignant (C44._),,false,false,,false
6726,186,N,8760/0,morphology,Nevus,,compound (C44._),,false,false,,false
6727,187,N,8761/1,morphology,Nevus,Congenital,intermediate and giant (C44._),,false,false,,false
6728,187,N,8761/3,morphology,Nevus,Congenital,"melanocytic, malignant melanoma in (C44._)",,false,false,,false
6729,187,N,8762/1,morphology,Nevus,Congenital,proliferative dermal lesion in -------- verrucosus (see SNOMED) (C44._),,false,true,,false
6730,187,N,8761/0,morphology,Nevus,Congenital,small (C44._),,false,false,,false
6731,187,N,8760/0,morphology,Nevus,,dermal and epidermal (C44._),,false,false,,false
6732,187,N,8750/0,morphology,Nevus,,dermal (C44._),,false,false,,false
6733,187,N,8727/0,morphology,Nevus,,dysplastic (C44._),,false,false,,false
6734,187,N,8770/0,morphology,Nevus,,epithelioid and spindle cell (C44._),,false,false,,false
6735,187,N,8771/0,morphology,Nevus,,epithelioid cell (C44._),,false,false,,false
6736,187,N,,,Nevus,,flammeus (see SNOMED),,false,true,,false
6737,187,N,8761/1,morphology,Nevus,Giant,and intermediate congenital (C44._),,false,false,,false
6738,187,N,8761/3,morphology,Nevus,Giant,"pigmented, malignant melanoma in (C44._)",,false,false,,false
6739,187,N,8761/1,morphology,Nevus,Giant,"pigmented, NOS (C44._)",,false,false,,false
6740,187,N,8720/0,morphology,Nevus,,hairy (C44._),,false,false,,false
6741,187,N,8723/0,morphology,Nevus,,halo (C44._),,false,false,,false
6742,187,N,8761/1,morphology,Nevus,,intermediate and giant congenital (C44._),,false,false,,false
6743,187,N,8750/0,morphology,Nevus,,intradermal (C44._),,false,false,,false
6744,187,N,8740/0,morphology,Nevus,,intraepidermal (C44._),,false,false,,false
6745,187,N,9160/0,morphology,Nevus,,involuting (C44._) [obs],,true,false,,false
6746,187,N,8780/0,morphology,Nevus,,Jadassohn blue (C44._),,false,false,,false
6747,187,N,,,Nevus,,Jadassohn sebaceus (see SNOMED),,false,true,,false
6748,187,N,8740/3,morphology,Nevus,,"junctional, malignant melanoma in (C44._)",,false,false,,false
6749,187,N,8740/0,morphology,Nevus,,"junctional, NOS (C44._)",,false,false,,false
6750,187,N,8740/0,morphology,Nevus,,junction (C44._),,false,false,,false
6751,187,N,8770/0,morphology,Nevus,,juvenile (C44._),,false,false,,false
6752,187,N,8726/0,morphology,Nevus,,magnocellular (C69.4),C69.4,false,false,,false
6753,187,N,8720/0,morphology,Nevus,,melanocytic (C44._),,false,false,,false
6754,187,N,8761/3,morphology,Nevus,,"melanocytic, congenital, malignant melanoma (C44._)",,false,false,,false
6755,187,N,8730/0,morphology,Nevus,,nonpigmented (C44._),,false,false,,false
6756,187,N,8720/0,morphology,Nevus,Pigmented,NOS (C44._),,false,false,,false
6757,187,N,8761/1,morphology,Nevus,Pigmented,"giant, NOS (C44._)",,false,false,,false
6758,187,N,8770/0,morphology,Nevus,Pigmented,"spindle cell, Reed",,false,false,,false
6759,187,N,,,Nevus,,portwine (see SNOMED),,false,true,,false
6760,187,N,8770/0,morphology,Nevus,,Reed pigmented spindle cell,,false,false,,false
6761,187,N,8723/0,morphology,Nevus,,regressing (C44._),,false,false,,false
6762,187,N,,,Nevus,,sanguineous (see SNOMED),,false,true,,false
6763,187,N,,,Nevus,,"sebaceus, Jadassohn (see SNOMED)",,false,true,,false
6764,187,N,8761/0,morphology,Nevus,,small congenital (C44._),,false,false,,false
6765,187,N,,,Nevus,,spider (see SNOMED),,false,true,,false
6766,187,N,8772/0,morphology,Nevus,Spindle cell,NOS (C44._),,false,false,,false
6767,187,N,8770/0,morphology,Nevus,Spindle cell,and epithelioid cell (C44._),,false,false,,false
6768,187,N,8770/0,morphology,Nevus,Spindle cell,"pigmented, Reed",,false,false,,false
6769,187,N,8770/0,morphology,Nevus,,Spitz (C44._),,false,false,,false
6770,187,N,,,Nevus,,strawberry (see SNOMED),,false,true,,false
6771,187,N,,,Nevus,,unius lateris (see SNOMED),,false,true,,false
6772,187,N,,,Nevus,,vascular (see SNOMED),,false,true,,false
6773,187,N,,,Nevus,,white sponge (see SNOMED),,false,true,,false
6774,187,N,C50.0,topography,Nipple,,Nipple,,false,false,,true
6775,187,N,9831/3,morphology,"NK cells, chronic lymphoproliferative",,"NK cells, chronic lymphoproliferative disorder of",,false,false,,true
6776,187,N,8097/3,morphology,Nodular,,basal cell carcinoma (C44._),,false,false,,false
6777,187,N,,,Nodular,,fasciitis (see SNOMED),,false,true,,false
6778,187,N,8402/0,morphology,Nodular,,hidradenoma (C44._),,false,false,,false
6779,187,N,8402/3,morphology,Nodular,,"hidradenoma, malignant (C44._)",,false,false,,false
6780,187,N,,,Nodular,,"hyperplasia, focal (see SNOMED)",,false,true,,false
6781,187,N,,,Nodular,,"hyperplasia, NOS (see SNOMED)",,false,true,,false
6782,187,N,9471/3,morphology,Nodular,,"medulloblastoma, desmoplastic (C71.6)",C71.6,false,false,,false
6783,187,N,8721/3,morphology,Nodular,,melanoma (C44._),,false,false,,false
6784,187,N,8832/0,morphology,Nodular,,subepidermal fibrosis (C44._),,false,false,,false
6785,187,N,,,Nodular,,tenosynovitis (see SNOMED),,false,true,,false
6786,187,N,9471/3,morphology,"Nodularity, medulloblastoma with",,"Nodularity, medulloblastoma with extensive",,false,false,,true
6787,187,N,8930/0,morphology,"Nodule, endometrial stromal",,"Nodule, endometrial stromal (C54.1)",C54.1,false,false,,true
6788,187,N,8693/3,morphology,"Nonchromaffin paraganglioma, malignant",,"Nonchromaffin paraganglioma, malignant",,false,false,,true
6789,187,N,8693/1,morphology,"Nonchromaffin paraganglioma, NOS",,"Nonchromaffin paraganglioma, NOS",,false,false,,true
6790,187,N,8350/3,morphology,Nonencapsulated sclerosing,,adenocarcinoma (C73.9),C73.9,false,false,,false
6791,187,N,8350/3,morphology,Nonencapsulated sclerosing,,carcinoma (C73.9),C73.9,false,false,,false
6792,187,N,8350/3,morphology,Nonencapsulated sclerosing,,tumor (C73.9),C73.9,false,false,,false
6793,187,N,8150/3,morphology,Nonfunctioning pancreatic endocrine,,Nonfunctioning pancreatic endocrine tumor (C25._),,false,false,,true
6794,187,N,,,Nonfunctioning pancreatic endocrine,,Non-Hodgkin lymphoma {see Lymphoma (malignant)},,false,false,,false
6795,187,N,8500/2,morphology,Noninfiltrating,,"adenocarcinoma, intraductal, NOS",,false,false,,false
6796,187,N,8503/2,morphology,Noninfiltrating,,"adenocarcinoma, intraductal, papillary (C50._)",,false,false,,false
6797,187,N,8504/2,morphology,Noninfiltrating,Carcinoma,intracystic,,false,false,,false
6798,187,N,8500/2,morphology,Noninfiltrating,Carcinoma,"intraductal, NOS (C50._)",,false,false,,false
6799,187,N,8503/2,morphology,Noninfiltrating,Carcinoma,intraductal papillary (C50._),,false,false,,false
6800,187,N,8520/2,morphology,Noninfiltrating,Carcinoma,lobular (C50._),,false,false,,false
6801,187,N,8501/2,morphology,Noninfiltrating,,comedocarcinoma (C50._),,false,false,,false
6802,187,N,,,Noninfiltrating,,"/2 Noninfiltrating (see behavior code, section 4.3.3)",,false,false,,false
6803,187,N,8163/2,morphology,Non-invasive,Pancreatobiliary papillary neoplasm,with high grade dysplasia (C24.1),C24.1,false,false,,false
6804,188,N,8163/2,morphology,Non-invasive,"Pancreatobiliary papillary neoplasm, continued",with high grade intraepithelial neoplasia (C24.1),C24.1,false,false,,false
6805,188,N,8163/0,morphology,Non-invasive,"Pancreatobiliary papillary neoplasm, continued",with low grade dysplasia,,false,false,,false
6806,188,N,8163/0,morphology,Non-invasive,"Pancreatobiliary papillary neoplasm, continued",with low grade intraepithelial neoplasia,,false,false,,false
6807,188,N,8453/2,morphology,Non-invasive carcinoma,,intraductal papillary-mucinous (C25._),,false,false,,false
6808,188,N,8052/2,morphology,Non-invasive carcinoma,,papillary squamous cell,,false,false,,false
6809,188,N,8130/2,morphology,Non-invasive carcinoma,,papillary transitional cell (C67._),,false,false,,false
6810,188,N,8130/2,morphology,Non-invasive carcinoma,,papillary urothelial (C67._),,false,false,,false
6811,188,N,8470/2,morphology,"Non-invasive cystadenocarcinoma,",,"Non-invasive cystadenocarcinoma, mucinous (C25._)",,false,false,,true
6812,188,N,,,"Non-invasive cystadenocarcinoma,",,"/2 Noninvasive (see behavior code, section 4.3.3)",,false,false,,false
6813,188,N,8072/3,morphology,Nonkeratinizing,,"epidermoid carcinoma, large cell",,false,false,,false
6814,188,N,8073/3,morphology,Nonkeratinizing,,"epidermoid carcinoma, small cell C71.4 lobe",,false,false,,false
6815,188,N,8072/3,morphology,Nonkeratinizing,Squamous cell carcinoma,NOS,,false,false,,false
6816,188,N,8072/3,morphology,Nonkeratinizing,Squamous cell carcinoma,"large cell, NOS",,false,false,,false
6817,188,N,8073/3,morphology,Nonkeratinizing,Squamous cell carcinoma,small cell,,false,false,,false
6818,188,N,9751/3,morphology,Nonlipid reticuloendotheliosis,,Nonlipid reticuloendotheliosis [obs],,true,false,,true
6819,188,N,9741/3,morphology,"Non-mast cell disorder, systemic",,"Non-mast cell disorder, systemic mastocytosis with associated hematological clonal",,false,false,,true
6820,188,N,8254/3,morphology,Non-mucinous and mucinous bronchiolo-,,"Non-mucinous and mucinous bronchiolo- alveolar carcinoma, mixed (C34._)",,false,false,,true
6821,188,N,8252/3,morphology,Non-mucinous bronchiolo-alveolar,,Non-mucinous bronchiolo-alveolar carcinoma (C34._),,false,false,,true
6822,188,N,,,Non-mucinous bronchiolo-alveolar,,Nonossifying fibroma (see SNOMED),,false,true,,false
6823,188,N,8730/0,morphology,Nonpigmented nevus (C44._),,Nonpigmented nevus (C44._),,false,false,,true
6824,188,N,8092/3,morphology,Non-sclerosing infiltrating basal cell,,Non-sclerosing infiltrating basal cell carcinoma (C44._),,false,false,,true
6825,188,N,8046/3,morphology,Non-small cell carcinoma (C34._),,Non-small cell carcinoma (C34._),,false,false,,true
6826,188,N,,,Non-small cell carcinoma (C34._),,"/-7 Non T-non B (see cell designation code, section 4.3.4)",,false,false,,false
6827,188,N,C76.0,topography,Nose,,NOS,,false,false,,false
6828,188,N,C44.3,topography,Nose,,ala nasi,,false,false,,false
6829,188,N,C41.0,topography,Nose,,bone,,false,false,,false
6830,188,N,C30.0,topography,Nose,,cartilage,,false,false,,false
6831,188,N,C11.3,topography,Nose,,choana,,false,false,,false
6832,188,N,C44.3,topography,Nose,,external,,false,false,,false
6833,188,N,C30.0,topography,Nose,,internal,,false,false,,false
6834,188,N,C30.0,topography,Nose,,mucosa,,false,false,,false
6835,188,N,C30.0,topography,Nose,,naris,,false,false,,false
6836,188,N,C41.0,topography,Nose,,nasal bone,,false,false,,false
6837,188,N,C30.0,topography,Nose,,"nasal cavity (excludes Nose, NOS C76.0)",,false,false,,false
6838,188,N,C30.0,topography,Nose,,nostril,,false,false,,false
6839,188,N,C30.0,topography,Nose,,"septum, NOS",,false,false,,false
6840,188,N,C11.3,topography,Nose,,"septum, posterior margin",,false,false,,false
6841,188,N,C44.3,topography,Nose,,skin,,false,false,,false
6842,188,N,C30.0,topography,Nose,,turbinate,,false,false,,false
6843,188,N,C30.0,topography,Nose,,vestibule,,false,false,,false
6844,188,N,C30.0,topography,Nostril,,Nostril,,false,false,,true
6845,188,N,C41.2,topography,Nucleus pulposus,,Nucleus pulposus,,false,false,,true
6846,188,N,,,Nucleus pulposus,,"/-7 Null cell (see cell designation code, section 4.3.4)",,false,false,,false
6847,188,O,8042/3,morphology,Oat cell carcinoma (C34._),,Oat cell carcinoma (C34._),,false,false,,true
6848,188,O,C77.5,topography,Obturator lymph node,,Obturator lymph node,,false,false,,true
6849,188,O,C47.2,topography,Obturator nerve,,Obturator nerve,,false,false,,true
6850,188,O,C41.0,topography,Occipital,,bone,,false,false,,false
6851,188,O,C77.0,topography,Occipital,,lymph node,,false,false,,false
6852,188,O,C71.4,topography,Occipital,,pole,,false,false,,false
6853,188,O,C72.5,topography,Oculomotor nerve,,Oculomotor nerve,,false,false,,true
6854,188,O,9311/0,morphology,Odontoameloblastoma (C41._),,Odontoameloblastoma (C41._),,false,false,,true
6855,188,O,9300/0,morphology,Odontogenic,,adenomatoid tumor (C41._),,false,false,,false
6856,188,O,9270/3,morphology,Odontogenic,,carcinoma (C41._),,false,false,,false
6857,188,O,9342/3,morphology,Odontogenic,,carcinosarcoma (C41._),,false,false,,false
6858,188,O,,,Odontogenic,,NOS (see SNOMED),,false,true,,false
6859,188,O,9301/0,morphology,Odontogenic,,calcifying (C41._),,false,false,,false
6860,188,O,,,Odontogenic,,dentigerous (see SNOMED),,false,true,,false
6861,188,O,,,Odontogenic,,eruptive (see SNOMED),,false,true,,false
6862,188,O,,,Odontogenic,,gingival (see SNOMED),,false,true,,false
6863,188,O,,,Odontogenic,,primordial (see SNOMED),,false,true,,false
6864,188,O,9321/0,morphology,Odontogenic,Fibroma,NOS (C41._),,false,false,,false
6865,188,O,9321/0,morphology,Odontogenic,Fibroma,central (C41._),,false,false,,false
6866,188,O,9322/0,morphology,Odontogenic,Fibroma,peripheral (C41._),,false,false,,false
6867,188,O,9330/3,morphology,Odontogenic,,fibrosarcoma (C41._),,false,false,,false
6868,188,O,9302/0,morphology,Odontogenic,,ghost cell tumor (C41._),,false,false,,false
6869,188,O,9320/0,morphology,Odontogenic,,myxofibroma (C41._),,false,false,,false
6870,188,O,9320/0,morphology,Odontogenic,,myxoma (C41._),,false,false,,false
6871,188,O,9270/3,morphology,Odontogenic,,sarcoma (C41._),,false,false,,false
6872,188,O,9270/1,morphology,Odontogenic,Tumor,NOS (C41._),,false,false,,false
6873,188,O,9300/0,morphology,Odontogenic,Tumor,adenomatoid (C41._),,false,false,,false
6874,188,O,9270/0,morphology,Odontogenic,Tumor,benign (C41._),,false,false,,false
6875,188,O,9340/0,morphology,Odontogenic,Tumor,calcifying epithelial (C41._),,false,false,,false
6876,188,O,9341/1,morphology,Odontogenic,Tumor,clear cell (C44._),,false,false,,false
6877,188,O,9270/3,morphology,Odontogenic,Tumor,malignant (C41._),,false,false,,false
6878,188,O,9312/0,morphology,Odontogenic,Tumor,squamous (C41._),,false,false,,false
6879,189,O,9280/0,morphology,Odontoma,,NOS (C41._),,false,false,,false
6880,189,O,9282/0,morphology,Odontoma,,complex (C41._),,false,false,,false
6881,189,O,9281/0,morphology,Odontoma,,compound (C41._),,false,false,,false
6882,189,O,9290/0,morphology,Odontoma,,fibroameloblastic (C41._),,false,false,,false
6883,189,O,9290/3,morphology,"Odontosarcoma, ameloblastic (C41._)",,"Odontosarcoma, ameloblastic (C41._)",,false,false,,true
6884,189,O,9522/3,morphology,Olfactory,,neuroblastoma (C30.0),C30.0,false,false,,false
6885,189,O,9521/3,morphology,Olfactory,,neurocytoma (C30.0),C30.0,false,false,,false
6886,189,O,9523/3,morphology,Olfactory,,neuroepithelioma (C30.0),C30.0,false,false,,false
6887,189,O,9520/3,morphology,Olfactory,,neurogenic tumor (C30.0),C30.0,false,false,,false
6888,189,O,C72.2,topography,Olfactory nerve,,Olfactory nerve,,false,false,,true
6889,189,O,9382/3,morphology,"Oligoastrocytoma, anaplastic (C71._)",,"Oligoastrocytoma, anaplastic (C71._)",,false,false,,true
6890,189,O,9382/3,morphology,Oligoastrocytoma (C71._),,Oligoastrocytoma (C71._),,false,false,,true
6891,189,O,9460/3,morphology,Oligodendroblastoma (C71._),,Oligodendroblastoma (C71._) [obs],,true,false,,true
6892,189,O,9451/3,morphology,"Oligodendroglioma, anaplastic (C71._)",,"Oligodendroglioma, anaplastic (C71._)",,false,false,,true
6893,189,O,9450/3,morphology,"Oligodendroglioma, NOS (C71._)",,"Oligodendroglioma, NOS (C71._)",,false,false,,true
6894,189,O,C71.7,topography,Olive,,Olive,,false,false,,true
6895,189,O,C48.1,topography,Omentum,,Omentum,,false,false,,true
6896,189,O,8290/3,morphology,Oncocytic,,adenocarcinoma,,false,false,,false
6897,189,O,8290/0,morphology,Oncocytic,,adenoma,,false,false,,false
6898,189,O,8290/3,morphology,Oncocytic,,carcinoma,,false,false,,false
6899,189,O,8121/1,morphology,Oncocytic,,"Schneiderian papilloma (C30.0, C31._) -------- Osteitis fibrosa cystica (see SNOMED)",,false,true,,false
6900,189,O,8290/0,morphology,Oncocytoma,,Oncocytoma,,false,false,,true
6901,189,O,8290/0,morphology,"Oncocytoma, spindle cell",,"Oncocytoma, spindle cell (C75.1)",C75.1,false,false,,true
6902,189,O,,,"Oncocytoma, spindle cell",,Oncocytosis (see SNOMED),,false,true,,false
6903,189,O,C71.0,topography,Operculum,,Operculum,,false,false,,true
6904,189,O,C72.3,topography,Optic,,chiasm,,false,false,,false
6905,189,O,C72.3,topography,Optic,,nerve,,false,false,,false
6906,189,O,C72.3,topography,Optic,,tract,,false,false,,false
6907,189,O,C06.9,topography,Oral cavity,,Oral cavity,,false,false,,true
6908,189,O,C06.9,topography,Oral mucosa,,Oral mucosa,,false,false,,true
6909,189,O,C69.6,topography,Orbit,,NOS,,false,false,,false
6910,189,O,C69.6,topography,Orbit,,autonomic nervous system,,false,false,,false
6911,189,O,C69.6,topography,Orbit,,connective tissue,,false,false,,false
6912,189,O,C69.6,topography,Orbit,,peripheral nerve,,false,false,,false
6913,189,O,C69.6,topography,Orbit,,soft tissue,,false,false,,false
6914,189,O,C41.0,topography,Orbital bone,,Orbital bone,,false,false,,true
6915,189,O,9071/3,morphology,Orchioblastoma (C62._),,Orchioblastoma (C62._),,false,false,,true
6916,189,O,C71.0,topography,Organ of Reil,,Organ of Reil,,false,false,,true
6917,189,O,C75.5,topography,Organ of Zuckerkandl,,Organ of Zuckerkandl,,false,false,,true
6918,189,O,8583/3,morphology,"Organoid thymoma, malignant",,"Organoid thymoma, malignant (C37.9)",C37.9,false,false,,true
6919,189,O,8583/1,morphology,"Organoid thymoma, NOS",,"Organoid thymoma, NOS (C37.9)",C37.9,false,false,,true
6920,189,O,C26.9,topography,Organs,,"digestive, NOS",,false,false,,false
6921,189,O,C57.9,topography,Organs,,"female genital, NOS",,false,false,,false
6922,189,O,C63.9,topography,Organs,,"male genital, NOS",,false,false,,false
6923,189,O,C67.6,topography,"Orifice, ureteric",,"Orifice, ureteric",,false,false,,true
6924,189,O,C67.5,topography,"Orifice, urethral, internal",,"Orifice, urethral, internal",,false,false,,true
6925,189,O,C10.9,topography,Oropharynx,,NOS,,false,false,,false
6926,189,O,C10.8,topography,Oropharynx,,junctional region,,false,false,,false
6927,189,O,C10.2,topography,Oropharynx,,lateral wall,,false,false,,false
6928,189,O,C10.3,topography,Oropharynx,,posterior wall,,false,false,,false
6929,189,O,C53.1,topography,"Os, external",,"Os, external",,false,false,,true
6930,189,O,C53.0,topography,"Os, internal",,"Os, internal",,false,false,,true
6931,189,O,9275/0,morphology,Osseous,,"dysplasia, florid (C41._)",,false,false,,false
6932,189,O,8571/3,morphology,Osseous,,"metaplasia, adenocarcinoma with (C41._)",,false,false,,false
6933,189,O,8571/3,morphology,Osseous,,"metaplasia, adenocarcinoma with cartilaginous and (C41._)",,false,false,,false
6934,189,O,9262/0,morphology,Ossifying,,"fibroma (C40._, C41._)",,false,false,,false
6935,189,O,8842/0,morphology,Ossifying,,fibromyxoid tumor,,false,false,,false
6936,189,O,8967/0,morphology,Ossifying,,renal tumor (C64.9),C64.9,false,false,,false
6937,189,O,,,Ossifying,,Osteitis deformans (see SNOMED),,false,true,,false
6938,189,O,9180/3,morphology,"Osteoblastic sarcoma (C40._, C41._)",,"Osteoblastic sarcoma (C40._, C41._)",,false,false,,true
6939,189,O,9200/1,morphology,"Osteoblastoma, aggressive (C40._, C41._)",,"Osteoblastoma, aggressive (C40._, C41._)",,false,false,,true
6940,189,O,9200/0,morphology,"Osteoblastoma, NOS (C40._, C41._)",,"Osteoblastoma, NOS (C40._, C41._)",,false,false,,true
6941,189,O,9210/0,morphology,"Osteocartilaginous exostosis (C40._, C41._)",,"Osteocartilaginous exostosis (C40._, C41._)",,false,false,,true
6942,189,O,9210/0,morphology,"Osteochondroma (C40._, C41._)",,"Osteochondroma (C40._, C41._)",,false,false,,true
6943,189,O,9210/1,morphology,"Osteochondromatosis, NOS (C40._, C41._)",,"Osteochondromatosis, NOS (C40._, C41._)",,false,false,,true
6944,189,O,,,"Osteochondromatosis, NOS (C40._, C41._)",,"Osteochondromatosis, synovial (see SNOMED)",,false,true,,false
6945,189,O,9180/3,morphology,"Osteochondrosarcoma (C40._, C41._)",,"Osteochondrosarcoma (C40._, C41._)",,false,false,,true
6946,189,O,8035/3,morphology,"Osteoclast-like giant cells, carcinoma with",,"Osteoclast-like giant cells, carcinoma with",,false,false,,true
6947,189,O,9250/3,morphology,"Osteoclastoma, malignant (C40._, C41._)",,"Osteoclastoma, malignant (C40._, C41._)",,false,false,,true
6948,189,O,9250/1,morphology,"Osteoclastoma, NOS (C40._, C41._)",,"Osteoclastoma, NOS (C40._, C41._)",,false,false,,true
6949,189,O,9262/0,morphology,"Osteofibroma (C40._, C41._)",,"Osteofibroma (C40._, C41._)",,false,false,,true
6950,189,O,9182/3,morphology,"Osteofibrosarcoma (C40._, C41._)",,"Osteofibrosarcoma (C40._, C41._)",,false,false,,true
6951,189,O,9180/3,morphology,"Osteogenic sarcoma, NOS (C40._, C41._)",,"Osteogenic sarcoma, NOS (C40._, C41._)",,false,false,,true
6952,189,O,9200/0,morphology,"Osteoid osteoma, giant (C40._, C41._)",,"Osteoid osteoma, giant (C40._, C41._)",,false,false,,true
6953,189,O,9191/0,morphology,"Osteoid osteoma, NOS (C40._, C41._)",,"Osteoid osteoma, NOS (C40._, C41._)",,false,false,,true
6954,189,O,9180/0,morphology,Osteoma,,"NOS (C40._, C41._)",,false,false,,false
6955,189,O,9200/0,morphology,Osteoma,,"osteoid, giant (C40._, C41._)",,false,false,,false
6956,189,O,9191/0,morphology,Osteoma,,"osteoid, NOS (C40._, C41._)",,false,false,,false
6957,189,O,9180/3,morphology,Osteosarcoma,,"NOS (C40._, C41._)",,false,false,,false
6958,189,O,9186/3,morphology,Osteosarcoma,,"central (C40._, C41._)",,false,false,,false
6959,189,O,9186/3,morphology,Osteosarcoma,,"central, conventional",,false,false,,false
6960,189,O,9181/3,morphology,Osteosarcoma,,"chondroblastic (C40._, C41._)",,false,false,,false
6961,189,O,9182/3,morphology,Osteosarcoma,,"fibroblastic (C40._, C41._)",,false,false,,false
6962,189,O,9184/3,morphology,Osteosarcoma,,"in Paget disease, bone (C40._, C41._)",,false,false,,false
6963,190,O,9195/3,morphology,Osteosarcoma,,"intracortical (C40._, C41._)",,false,false,,false
6964,190,O,9187/3,morphology,Osteosarcoma,,intraosseous low grade,,false,false,,false
6965,190,O,9187/3,morphology,Osteosarcoma,,intraosseous well differentiated,,false,false,,false
6966,190,O,9192/3,morphology,Osteosarcoma,,"juxtacortical (C40._, C41._)",,false,false,,false
6967,190,O,9186/3,morphology,Osteosarcoma,,"medullary (C40._, C41._)",,false,false,,false
6968,190,O,9192/3,morphology,Osteosarcoma,,"parosteal (C40._, C41._)",,false,false,,false
6969,190,O,9193/3,morphology,Osteosarcoma,,"periosteal (C40._, C41._)",,false,false,,false
6970,190,O,9185/3,morphology,Osteosarcoma,,round cell,,false,false,,false
6971,190,O,9185/3,morphology,Osteosarcoma,,"small cell (C40._, C41._)",,false,false,,false
6972,190,O,9194/3,morphology,Osteosarcoma,,"surface, high grade (C40._, C41._)",,false,false,,false
6973,190,O,9183/3,morphology,Osteosarcoma,,"telangiectatic (C40._, C41._)",,false,false,,false
6974,190,O,9101/3,morphology,"Other germ cell elements, choriocarcinoma",,"Other germ cell elements, choriocarcinoma combined with",,false,false,,true
6975,190,O,8523/3,morphology,"Other types of carcinoma, infiltrating duct",,"Other types of carcinoma, infiltrating duct mixed with (C50._)",,false,false,,true
6976,190,O,8524/3,morphology,"Other types of carcinoma, infiltrating",,"Other types of carcinoma, infiltrating lobular mixed with (C50._)",,false,false,,true
6977,190,O,C50.8,topography,Outer breast,,Outer breast,,false,false,,true
6978,190,O,C44.1,topography,Outer canthus,,Outer canthus,,false,false,,true
6979,190,O,8590/1,morphology,Ovarian stromal tumor,,Ovarian stromal tumor (C56.9),C56.9,false,false,,true
6980,190,O,9090/0,morphology,"Ovarii, struma",,"Ovarii, struma (C56.9)",C56.9,false,false,,true
6981,190,O,9090/3,morphology,"Ovarii, struma, malignant",,"Ovarii, struma, malignant (C56.9)",C56.9,false,false,,true
6982,190,O,C56.9,topography,Ovary,,Ovary,,false,false,,true
6983,190,O,8290/3,morphology,Oxyphilic,,adenocarcinoma,,false,false,,false
6984,190,O,8290/0,morphology,Oxyphilic,,adenoma,,false,false,,false
6985,190,O,8290/0,morphology,Oxyphilic,Cell,follicular adenoma (C73.9),C73.9,false,false,,false
6986,190,O,8290/3,morphology,Oxyphilic,Cell,follicular carcinoma (C73.9),C73.9,false,false,,false
6987,190,O,8342/3,morphology,Oxyphilic,Cell,papillary carcinoma (C73.9),C73.9,false,false,,false
6988,190,P,8936/1,morphology,"Pacemaker cell tumor, gastrointestinal",,"Pacemaker cell tumor, gastrointestinal",,false,false,,true
6989,190,P,9507/0,morphology,Pacinian tumor,,Pacinian tumor,,false,false,,true
6990,190,P,8541/3,morphology,Paget disease,,and infiltrating duct carcinoma of breast (C50._),,false,false,,false
6991,190,P,8543/3,morphology,Paget disease,,and intraductal carcinoma of breast (C50._),,false,false,,false
6992,190,P,9184/3,morphology,Paget disease,,"bone, osteosarcoma in (C40._, C41._)",,false,false,,false
6993,190,P,,,Paget disease,,bone (see SNOMED),,false,true,,false
6994,190,P,8540/3,morphology,Paget disease,,breast (C50._),,false,false,,false
6995,190,P,8542/3,morphology,Paget disease,,extramammary (except Paget disease of bone),,false,false,,false
6996,190,P,8540/3,morphology,Paget disease,,mammary (C50._),,false,false,,false
6997,190,P,9700/3,morphology,Pagetoid reticulosis,,Pagetoid reticulosis,,false,false,,true
6998,190,P,C05.9,topography,Palate,,NOS,,false,false,,false
6999,190,P,C05.0,topography,Palate,,hard,,false,false,,false
7000,190,P,C05.8,topography,Palate,,junction of hard and soft,,false,false,,false
7001,190,P,C11.3,topography,Palate,,"soft, nasopharyngeal surface",,false,false,,false
7002,190,P,C05.1,topography,Palate,,"soft, NOS (excludes nasopharyngeal surface C11.3)",,false,false,,false
7003,190,P,C09.9,topography,Palatine tonsil,,Palatine tonsil,,false,false,,true
7004,190,P,C71.0,topography,Pallium,,Pallium,,false,false,,true
7005,190,P,C49.1,topography,Palmar,,aponeurosis,,false,false,,false
7006,190,P,C49.1,topography,Palmar,,fascia,,false,false,,false
7007,190,P,C44.6,topography,Palmar,,skin,,false,false,,false
7008,190,P,C44.6,topography,"Palm, skin",,"Palm, skin",,false,false,,true
7009,190,P,C44.1,topography,Palpebra,,Palpebra,,false,false,,true
7010,190,P,C25.9,topography,Pancreas,,NOS,,false,false,,false
7011,190,P,C25.1,topography,Pancreas,,body,,false,false,,false
7012,190,P,C25.3,topography,Pancreas,,duct,,false,false,,false
7013,190,P,C25.3,topography,Pancreas,,"duct, Santorini",,false,false,,false
7014,190,P,C25.3,topography,Pancreas,,"duct, Wirsung",,false,false,,false
7015,190,P,C25.4,topography,Pancreas,,endocrine,,false,false,,false
7016,190,P,C25.0,topography,Pancreas,,head,,false,false,,false
7017,190,P,C25.4,topography,Pancreas,,islands of Langerhans,,false,false,,false
7018,190,P,C25.4,topography,Pancreas,,islets of Langerhans,,false,false,,false
7019,190,P,C25.7,topography,Pancreas,,neck,,false,false,,false
7020,190,P,C25.2,topography,Pancreas,,tail,,false,false,,false
7021,190,P,8150/1,morphology,Pancreatic,Endocrine tumor,NOS (C25._),,false,false,,false
7022,190,P,8154/3,morphology,Pancreatic,Endocrine tumor,"and exocrine tumor, malignant mixed (C25._)",,false,false,,false
7023,190,P,8150/0,morphology,Pancreatic,Endocrine tumor,benign (C25._),,false,false,,false
7024,190,P,8150/3,morphology,Pancreatic,Endocrine tumor,malignant (C25._),,false,false,,false
7025,190,P,8150/3,morphology,Pancreatic,Endocrine tumor,nonfunctioning (C25._),,false,false,,false
7026,191,P,8154/3,morphology,Pancreatic,,"exocrine and endocrine tumor, malignant mixed (C25._)",,false,false,,false
7027,191,P,8150/0,morphology,Pancreatic,,microadenoma (C25._),,false,false,,false
7028,191,P,8154/3,morphology,Pancreatic,,"mixed endocrine and exocrine tumor, malignant (C25._)",,false,false,,false
7029,191,P,8152/1,morphology,Pancreatic,,peptide and pancreatic peptide-like peptide within terminal tyrosine amide producing tumor,,false,false,,false
7030,191,P,8152/1,morphology,Pancreatic,,"peptide-like peptide within terminal tyrosine amide producing tumor, pancreatic peptide and",,false,false,,false
7031,191,P,C25.3,topography,Pancreatic duct,,Pancreatic duct,,false,false,,true
7032,191,P,C77.2,topography,Pancreatic lymph node,,Pancreatic lymph node,,false,false,,true
7033,191,P,8163/0,morphology,Pancreatobiliary,,neoplasm,,false,false,,false
7034,191,P,8163/0,morphology,Pancreatobiliary,,"neoplasm, non-invasive",,false,false,,false
7035,191,P,8163/2,morphology,Pancreatobiliary,Papillary neoplasm,"non-invasive, with high grade dysplasia (C24.1)",C24.1,false,false,,false
7036,191,P,8163/2,morphology,Pancreatobiliary,Papillary neoplasm,"non-invasive, with high grade intraepithelial neoplasia",,false,false,,false
7037,191,P,8163/0,morphology,Pancreatobiliary,Papillary neoplasm,"non-invasive, with low grade dysplasia",,false,false,,false
7038,191,P,8163/0,morphology,Pancreatobiliary,Papillary neoplasm,"non-invasive, with low grade intraepithelial neoplasia",,false,false,,false
7039,191,P,8163/3,morphology,Pancreatobiliary-type,,adenocarcinoma (C24.1),C24.1,false,false,,false
7040,191,P,8163/3,morphology,Pancreatobiliary-type,,carcinoma (C24.1),C24.1,false,false,,false
7041,191,P,8163/2,morphology,Pancreatobiliary-type,,papillary neoplasm with high grade intraepithelial neoplasia (C24.1),C24.1,false,false,,false
7042,191,P,8971/3,morphology,Pancreatoblastoma (C25._),,Pancreatoblastoma (C25._),,false,false,,true
7043,191,P,9931/3,morphology,"Panmyelosis, acute, NOS",,"Panmyelosis, acute, NOS (C42.1)",C42.1,false,false,,true
7044,191,P,9931/3,morphology,Panmyelosis with myelofibrosis,,Panmyelosis with myelofibrosis (C42.1),C42.1,false,false,,true
7045,191,P,8260/3,morphology,Papillary,Adenocarcinoma,NOS,,false,false,,false
7046,191,P,8408/3,morphology,Papillary,Adenocarcinoma,digital (C44._),,false,false,,false
7047,191,P,8408/3,morphology,Papillary,Adenocarcinoma,eccrine (C44._),,false,false,,false
7048,191,P,8340/3,morphology,Papillary,Adenocarcinoma,follicular variant (C73.9),C73.9,false,false,,false
7049,191,P,8503/3,morphology,Papillary,Adenocarcinoma,infiltrating (C50._),,false,false,,false
7050,191,P,8504/3,morphology,Papillary,Adenocarcinoma,intracystic,,false,false,,false
7051,191,P,8503/2,morphology,Papillary,Adenocarcinoma,"intraductal, NOS (C50._)",,false,false,,false
7052,191,P,8503/3,morphology,Papillary,Adenocarcinoma,"intraductal, with invasion (C50._)",,false,false,,false
7053,191,P,8503/2,morphology,Papillary,Adenocarcinoma,noninfiltrating intraductal (C50._),,false,false,,false
7054,191,P,8460/3,morphology,Papillary,Adenocarcinoma,serous (C56.9),C56.9,false,false,,false
7055,191,P,9013/0,morphology,Papillary,,adenofibroma,,false,false,,false
7056,191,P,8260/0,morphology,Papillary,Adenoma,NOS,,false,false,,false
7057,191,P,8408/1,morphology,Papillary,Adenoma,aggressive digital (C44._),,false,false,,false
7058,191,P,8408/0,morphology,Papillary,Adenoma,eccrine (C44._),,false,false,,false
7059,191,P,8504/0,morphology,Papillary,Adenoma,intracystic,,false,false,,false
7060,191,P,8340/3,morphology,Papillary,,and follicular adenocarcinoma,,false,false,,false
7061,191,P,8340/3,morphology,Papillary,,and follicular carcinoma,,false,false,,false
7062,191,P,8503/3,morphology,Papillary,,and infiltrating adenocarcinoma (C50._),,false,false,,false
7063,191,P,8452/1,morphology,Papillary,,and solid epithelial neoplasm (C25._),,false,false,,false
7064,191,P,9135/1,morphology,Papillary,,"angioendothelioma, endovascular",,false,false,,false
7065,191,P,8050/3,morphology,Papillary,Carcinoma,NOS,,false,false,,false
7066,191,P,8344/3,morphology,Papillary,Carcinoma,columnar cell (C73.9),C73.9,false,false,,false
7067,191,P,8350/3,morphology,Papillary,Carcinoma,diffuse sclerosing (C73.9),C73.9,false,false,,false
7068,191,P,8343/3,morphology,Papillary,Carcinoma,encapsulated (C73.9),C73.9,false,false,,false
7069,191,P,8052/3,morphology,Papillary,Carcinoma,epidermoid,,false,false,,false
7070,191,P,8340/3,morphology,Papillary,Carcinoma,follicular variant (C73.9) In situ,C73.9,false,false,,false
7071,191,P,8050/2,morphology,Papillary,Carcinoma,NOS,,false,false,,false
7072,191,P,8503/2,morphology,Papillary,Carcinoma,ductal (C50._),,false,false,,false
7073,191,P,8052/2,morphology,Papillary,Carcinoma,squamous cell,,false,false,,false
7074,191,P,8504/3,morphology,Papillary,Carcinoma,intracystic,,false,false,,false
7075,191,P,8503/2,morphology,Papillary,Carcinoma,"intraductal, NOS (C50._)",,false,false,,false
7076,191,P,8342/3,morphology,Papillary,Carcinoma,oxyphilic cell (C73.9),C73.9,false,false,,false
7077,191,P,8461/3,morphology,Papillary,Carcinoma,"primary serous, peritoneum (C48.1)",C48.1,false,false,,false
7078,191,P,8461/3,morphology,Papillary,Carcinoma,serous surface (C56.9),C56.9,false,false,,false
7079,191,P,8052/3,morphology,Papillary,Carcinoma,squamous cell,,false,false,,false
7080,191,P,8052/2,morphology,Papillary,Carcinoma,"squamous cell, non-invasive",,false,false,,false
7081,191,P,8344/3,morphology,Papillary,Carcinoma,tall cell (C73.9),C73.9,false,false,,false
7082,191,P,8260/3,morphology,Papillary,Carcinoma,thyroid (C73.9),C73.9,false,false,,false
7083,191,P,8130/3,morphology,Papillary,Carcinoma,urothelial (C67._),,false,false,,false
7084,191,P,8130/2,morphology,Papillary,Carcinoma,"urothelial, non-invasive (C67._)",,false,false,,false
7085,191,P,9352/1,morphology,Papillary,,craniopharyngioma (C75.2),C75.2,false,false,,false
7086,191,P,8450/3,morphology,Papillary,Cystadenocarcinoma,NOS (C56.9),C56.9,false,false,,false
7087,191,P,8471/3,morphology,Papillary,Cystadenocarcinoma,mucinous (C56.9),C56.9,false,false,,false
7088,191,P,8471/3,morphology,Papillary,Cystadenocarcinoma,pseudomucinous (C56.9),C56.9,false,false,,false
7089,191,P,8460/3,morphology,Papillary,Cystadenocarcinoma,serous C56.9),,false,false,,false
7090,191,P,8450/0,morphology,Papillary,Cystadenoma,NOS (C56.9),C56.9,false,false,,false
7091,191,P,8451/1,morphology,Papillary,Cystadenoma,borderline malignancy (C56.9),C56.9,false,false,,false
7092,191,P,8561/0,morphology,Papillary,Cystadenoma,"lymphomatosum (C07._, C08._)",,false,false,,false
7093,191,P,8473/1,morphology,Papillary,Cystadenoma,"mucinous, borderline malignancy (C56.9)",C56.9,false,false,,false
7094,191,P,8471/0,morphology,Papillary,Cystadenoma,"mucinous, NOS (C56.9)",C56.9,false,false,,false
7095,191,P,8473/1,morphology,Papillary,Cystadenoma,"pseudomucinous, borderline malignancy (C56.9)",C56.9,false,false,,false
7096,191,P,8471/0,morphology,Papillary,Cystadenoma,"pseudomucinous, NOS (C56.9)",C56.9,false,false,,false
7097,191,P,8462/1,morphology,Papillary,Cystadenoma,"serous, borderline malignancy (C56.9)",C56.9,false,false,,false
7098,191,P,8460/0,morphology,Papillary,Cystadenoma,"serous, NOS (C56.9)",C56.9,false,false,,false
7099,191,P,8452/1,morphology,Papillary,,cystic tumor (C25._),,false,false,,false
7100,191,P,8462/1,morphology,Papillary,,"cystic tumor, serous, borderline malignancy (C56.9",,false,false,,false
7101,191,P,,,Papillary,,cystitis (see SNOMED),,false,true,,false
7102,191,P,8503/2,morphology,Papillary,,DCIS (C50._),,false,false,,false
7103,191,P,8503/2,morphology,Papillary,,ductal carcinoma in situ (C50._),,false,false,,false
7104,192,P,9135/1,morphology,Papillary,,"endovascular, angioendothelioma",,false,false,,false
7105,192,P,9393/3,morphology,Papillary,,ependymoma (C71._),,false,false,,false
7106,192,P,8052/3,morphology,Papillary,,epidermoid carcinoma,,false,false,,false
7107,192,P,8452/1,morphology,Papillary,,"epithelial neoplasm, solid and (C25._) 8462/1 tumor, atypical proliferative",,false,false,,false
7108,192,P,8340/3,morphology,Papillary,,"follicular variant, adenocarcinoma (C73.9)",C73.9,false,false,,false
7109,192,P,9509/1,morphology,Papillary,,glioneuronal tumor,,false,false,,false
7110,192,P,8405/0,morphology,Papillary,,hidradenoma (C44._),,false,false,,false
7111,192,P,8504/3,morphology,Papillary,,intracystic adenocarcinoma,,false,false,,false
7112,192,P,8504/3,morphology,Papillary,,intracystic carcinoma,,false,false,,false
7113,192,P,8503/3,morphology,Papillary,Intracystic neoplasm,with associated invasive carcinoma,,false,false,,false
7114,192,P,8503/2,morphology,Papillary,Intracystic neoplasm,with high grade intraepithelial neoplasia (C23.9),C23.9,false,false,,false
7115,192,P,8503/0,morphology,Papillary,Intracystic neoplasm,with intermediate grade intraepithelial neoplasia (C23.9),C23.9,false,false,,false
7116,192,P,8503/0,morphology,Papillary,Intracystic neoplasm,with low grade intrepithelial neoplasia (C23.9),C23.9,false,false,,false
7117,192,P,8503/2,morphology,Papillary,,intracystic tumor with high grade dysplasia (C23.9),C23.9,false,false,,false
7118,192,P,8503/2,morphology,Papillary,,intracystic tumor with high grade intraepithelial neoplasia (C23.9),C23.9,false,false,,false
7119,192,P,8503/0,morphology,Papillary,Intraductal neoplasm,NOS,,false,false,,false
7120,192,P,8503/3,morphology,Papillary,Intraductal neoplasm,with associated invasive carcinoma,,false,false,,false
7121,192,P,8503/2,morphology,Papillary,Intraductal neoplasm,with high grade dysplasia,,false,false,,false
7122,192,P,8503/2,morphology,Papillary,Intraductal neoplasm,with high grade intraepithelial neoplasia,,false,false,,false
7123,192,P,8503/0,morphology,Papillary,Intraductal neoplasm,"with intermediate grade neoplasia (C22._, C24.0)",,false,false,,false
7124,192,P,8503/0,morphology,Papillary,Intraductal neoplasm,"with low grade intraepithelial neoplasia (C22._, C24.0)",,false,false,,false
7125,192,P,8503/0,morphology,Papillary,Intraductal neoplasm,with low grade intraepithelial neoplasia (C23.9),C23.9,false,false,,false
7126,192,P,8503/2,morphology,Papillary,,intraductal tumor with high grade dysplasia,,false,false,,false
7127,192,P,8503/2,morphology,Papillary,,intraductal tumor with high grade intraepithelial neoplasia,,false,false,,false
7128,192,P,8503/0,morphology,Papillary,,"intraglandular neoplasm with low grade intraepithelial neoplasia (C22.1, C24.0)",,false,false,,false
7129,192,P,9538/3,morphology,Papillary,,meningioma (C70._),,false,false,,false
7130,192,P,9052/0,morphology,Papillary,,"mesothelioma, well differentiated, benign",,false,false,,false
7131,192,P,8341/3,morphology,Papillary,,microcarcinoma (C73.9),C73.9,false,false,,false
7132,192,P,8473/1,morphology,Papillary,,mucinous tumor of low malignant potential (C56.9),C56.9,false,false,,false
7133,192,P,8461/3,morphology,Papillary,,"primary serous carcinoma, peritoneum (C48.1)",C48.1,false,false,,false
7134,192,P,8260/3,morphology,Papillary,,renal cell carcinoma (C64.9),C64.9,false,false,,false
7135,192,P,8460/3,morphology,Papillary,Serous,adenocarcinoma (C56.9),C56.9,false,false,,false
7136,192,P,8460/3,morphology,Papillary,Serous,cystadenocarcinoma (C56.9) (C56.9),C56.9,false,false,,false
7137,192,P,8462/1,morphology,Papillary,Serous,"tumor, low malignant potential (C56.9)",C56.9,false,false,,false
7138,192,P,8052/3,morphology,Papillary,Squamous cell carcinoma,NOS,,false,false,,false
7139,192,P,8052/2,morphology,Papillary,Squamous cell carcinoma,in situ,,false,false,,false
7140,192,P,8052/2,morphology,Papillary,Squamous cell carcinoma,non-invasive,,false,false,,false
7141,192,P,8406/0,morphology,Papillary,,syringadenoma (C44._),,false,false,,false
7142,192,P,8406/0,morphology,Papillary,,syringocystadenoma (C44._),,false,false,,false
7143,192,P,8130/3,morphology,Papillary,Transitional cell,carcinoma (C67._),,false,false,,false
7144,192,P,8130/2,morphology,Papillary,Transitional cell,"carcinoma, non-invasive (C67._)",,false,false,,false
7145,192,P,8130/1,morphology,Papillary,Transitional cell,neoplasm of low malignant potential (C67._),,false,false,,false
7146,192,P,9509/1,morphology,Papillary,Tumor,glioneuronal,,false,false,,false
7147,192,P,8503/2,morphology,Papillary,Tumor,"intraductal, with high grade dysplasia",,false,false,,false
7148,192,P,8503/2,morphology,Papillary,Tumor,"intraductal, with high grade intraepithelial neoplasia",,false,false,,false
7149,192,P,9395/3,morphology,Papillary,Tumor,of pineal region,,false,false,,false
7150,192,P,8130/3,morphology,Papillary,Urothelial,carcinoma (C67._),,false,false,,false
7151,192,P,8130/2,morphology,Papillary,Urothelial,"carcinoma, non-invasive (C67._)",,false,false,,false
7152,192,P,8130/1,morphology,Papillary,Urothelial,neoplasm of low malignant potential (C67._),,false,false,,false
7153,192,P,8347/3,morphology,"Papillary-medullary carcinoma, mixed",,"Papillary-medullary carcinoma, mixed (C73.9)",C73.9,false,false,,true
7154,192,P,8453/3,morphology,Papillary-mucinous,,"carcinoma, intraductal, invasive (C25._)",,false,false,,false
7155,192,P,8453/2,morphology,Papillary-mucinous,,"carcinoma, intraductal, non-invasive (C25._)",,false,false,,false
7156,192,P,8453/3,morphology,Papillary-mucinous,Intraductal neoplasm,with an associated invasive carcinoma,,false,false,,false
7157,192,P,8453/2,morphology,Papillary-mucinous,Intraductal neoplasm,with high grade dysplasia,,false,false,,false
7158,192,P,8453/0,morphology,Papillary-mucinous,Intraductal neoplasm,with low grade dysplasia (C25._),,false,false,,false
7159,192,P,8453/0,morphology,Papillary-mucinous,Intraductal neoplasm,with moderate dysplasia (C25._),,false,false,,false
7160,192,P,8453/0,morphology,Papillary-mucinous,Intraductal tumor,with intermediate dysplasia (C25._),,false,false,,false
7161,192,P,8453/0,morphology,Papillary-mucinous,Intraductal tumor,with low grade dysplasia (C25._),,false,false,,false
7162,192,P,8453/0,morphology,Papillary-mucinous,Intraductal tumor,with moderate dysplasia (C25._),,false,false,,false
7163,193,P,8163/2,morphology,Papillary neoplasm,Pancreatobiliary Non-invasive,with high grade dysplasia (C24.1),C24.1,false,false,,false
7164,193,P,8163/2,morphology,Papillary neoplasm,Pancreatobiliary Non-invasive,with high grade intraepithelial neoplasia (C24.1),C24.1,false,false,,false
7165,193,P,8163/0,morphology,Papillary neoplasm,Pancreatobiliary Non-invasive,with low grade dysplasia,,false,false,,false
7166,193,P,8163/0,morphology,Papillary neoplasm,Pancreatobiliary Non-invasive,with low grade intraepithelial neoplasia,,false,false,,false
7167,193,P,8163/2,morphology,Papillary neoplasm,,"pancreatobiliary type, with high grade 8261/0 villous intraepithelial neoplasia (C24.1)",C24.1,false,false,,false
7168,193,P,,,Papillary neoplasm,,Papilliferous hyperplasia (see SNOMED),,false,true,,false
7169,193,P,8405/0,morphology,"Papilliferum, hidradenoma (C44._)",,"Papilliferum, hidradenoma (C44._)",,false,false,,true
7170,193,P,8406/0,morphology,"Papilliferum, syringocystadenoma",,"Papilliferum, syringocystadenoma",,false,false,,true
7171,193,P,8450/3,morphology,Papillocystic adenocarcinoma,,Papillocystic adenocarcinoma,,false,false,,true
7172,193,P,8050/0,morphology,Papilloma,,NOS (except papilloma of bladder 8120/1),,false,false,,false
7173,193,P,,,Papilloma,,basal cell (see SNOMED),,false,true,,false
7174,193,P,,,Papilloma,,basosquamous (see SNOMED),,false,true,,false
7175,193,P,8120/1,morphology,Papilloma,,bladder (C67._),,false,false,,false
7176,193,P,9390/0,morphology,Papilloma,Choroid plexus,NOS (C71.5),C71.5,false,false,,false
7177,193,P,9390/3,morphology,Papilloma,Choroid plexus,anaplastic (C71.5),C71.5,false,false,,false
7178,193,P,9390/1,morphology,Papilloma,Choroid plexus,atypical (C71.5),C71.5,false,false,,false
7179,193,P,9390/3,morphology,Papilloma,Choroid plexus,malignant (C71.5),C71.5,false,false,,false
7180,193,P,8121/1,morphology,Papilloma,,columnar cell,,false,false,,false
7181,193,P,8121/1,morphology,Papilloma,,"cylindrical cell (C30.0, C31._)",,false,false,,false
7182,193,P,8503/0,morphology,Papilloma,,ductal,,false,false,,false
7183,193,P,,,Papilloma,,fibroepithelial (see SNOMED),,false,true,,false
7184,193,P,8260/0,morphology,Papilloma,,glandular,,false,false,,false
7185,193,P,8504/0,morphology,Papilloma,,intracystic,,false,false,,false
7186,193,P,8503/0,morphology,Papilloma,,intraductal,,false,false,,false
7187,193,P,8053/0,morphology,Papilloma,,inverted squamous cell,,false,false,,false
7188,193,P,8052/0,morphology,Papilloma,,keratotic,,false,false,,false
7189,193,P,9052/0,morphology,Papilloma,,mesothelial,,false,false,,false
7190,193,P,8560/0,morphology,Papilloma,,mixed squamous cell and glandular,,false,false,,false
7191,193,P,8121/0,morphology,Papilloma,Schneiderian,"NOS (C30.0, C31._)",,false,false,,false
7192,193,P,8121/1,morphology,Papilloma,Schneiderian,"inverted (C30.0, C31._)",,false,false,,false
7193,193,P,8121/1,morphology,Papilloma,Schneiderian,"oncocytic (C30.0, C31._)",,false,false,,false
7194,193,P,8461/0,morphology,Papilloma,,serous surface (C56.9),C56.9,false,false,,false
7195,193,P,8121/0,morphology,Papilloma,Sinonasal,"NOS (C30.0, C31._)",,false,false,,false
7196,193,P,8121/0,morphology,Papilloma,Sinonasal,"exophytic (C30.0, C31._)",,false,false,,false
7197,193,P,8121/0,morphology,Papilloma,Sinonasal,"fungiform (C30.0, C31._)",,false,false,,false
7198,193,P,8052/0,morphology,Papilloma,,squamous,,false,false,,false
7199,193,P,8052/0,morphology,Papilloma,Squamous cell,NOS,,false,false,,false
7200,193,P,8560/0,morphology,Papilloma,Squamous cell,"and glandular, mixed",,false,false,,false
7201,193,P,8053/0,morphology,Papilloma,Squamous cell,inverted,,false,false,,false
7202,193,P,8120/0,morphology,Papilloma,Transitional,NOS,,false,false,,false
7203,193,P,8120/0,morphology,Papilloma,Transitional,"cell, benign",,false,false,,false
7204,193,P,8121/0,morphology,Papilloma,Transitional,"cell, inverted, benign",,false,false,,false
7205,193,P,8121/1,morphology,Papilloma,Transitional,"cell, inverted, NOS",,false,false,,false
7206,193,P,8120/1,morphology,Papilloma,Transitional,"cell, NOS",,false,false,,false
7207,193,P,8121/0,morphology,Papilloma,Transitional,"inverted, benign",,false,false,,false
7208,193,P,8121/1,morphology,Papilloma,Transitional,"inverted, NOS",,false,false,,false
7209,193,P,8120/1,morphology,Papilloma,,"urothelial, NOS (C67._)",,false,false,,false
7210,193,P,8051/0,morphology,Papilloma,,verrucous,,false,false,,false
7211,193,P,8060/0,morphology,Papillomatosis,,NOS,,false,false,,false
7212,193,P,8264/0,morphology,Papillomatosis,,"biliary (C22.1, C24.0)",,false,false,,false
7213,193,P,8505/0,morphology,Papillomatosis,,diffuse intraductal,,false,false,,false
7214,193,P,8264/0,morphology,Papillomatosis,,glandular,,false,false,,false
7215,193,P,8505/0,morphology,Papillomatosis,,"intraductal, diffuse",,false,false,,false
7216,193,P,8505/0,morphology,Papillomatosis,,"intraductal, NOS",,false,false,,false
7217,193,P,8060/0,morphology,Papillomatosis,,squamous,,false,false,,false
7218,193,P,8506/0,morphology,Papillomatosis,,subareolar duct (C50.0),C50.0,false,false,,false
7219,193,P,8263/3,morphology,Papillotubular adenocarcinoma,,Papillotubular adenocarcinoma,,false,false,,true
7220,193,P,8263/0,morphology,Papillotubular adenoma,,Papillotubular adenoma,,false,false,,true
7221,193,P,9160/0,morphology,"Papule, fibrous, of nose",,"Papule, fibrous, of nose (C44.3) [obs]",C44.3,true,false,,true
7222,193,P,9718/3,morphology,"Papulosis, lymphomatoid (C44._)",,"Papulosis, lymphomatoid (C44._)",,false,false,,true
7223,193,P,C75.5,topography,Para-aortic body,,Para-aortic body,,false,false,,true
7224,193,P,C77.2,topography,Para-aortic lymph node,,Para-aortic lymph node,,false,false,,true
7225,193,P,C77.5,topography,Paracervical lymph node,,Paracervical lymph node,,false,false,,true
7226,193,P,9373/0,morphology,Parachordoma,,Parachordoma,,false,false,,true
7227,193,P,8345/3,morphology,Parafollicular cell carcinoma,,Parafollicular cell carcinoma (C73.9),C73.9,false,false,,true
7228,193,P,8680/1,morphology,Paraganglioma,,NOS,,false,false,,false
7229,193,P,8700/0,morphology,Paraganglioma,,adrenal medullary (C74.1),C74.1,false,false,,false
7230,193,P,8700/3,morphology,Paraganglioma,,"adrenal medullary, malignant (C74.1)",C74.1,false,false,,false
7231,193,P,8691/1,morphology,Paraganglioma,,aortic body (C75.5),C75.5,false,false,,false
7232,193,P,8691/1,morphology,Paraganglioma,,aorticopulmonary (C75.5),C75.5,false,false,,false
7233,193,P,8680/0,morphology,Paraganglioma,,benign,,false,false,,false
7234,193,P,8692/1,morphology,Paraganglioma,,carotid body (C75.4),C75.4,false,false,,false
7235,193,P,8700/0,morphology,Paraganglioma,,chromaffin,,false,false,,false
7236,193,P,8693/3,morphology,Paraganglioma,,"extra-adrenal, malignant",,false,false,,false
7237,193,P,8693/1,morphology,Paraganglioma,,"extra-adrenal, NOS",,false,false,,false
7238,193,P,8683/0,morphology,Paraganglioma,,gangliocytic (C17.0),C17.0,false,false,,false
7239,193,P,8690/1,morphology,Paraganglioma,,jugular (C75.5),C75.5,false,false,,false
7240,193,P,8690/1,morphology,Paraganglioma,,jugulotympanic (C75.5),C75.5,false,false,,false
7241,193,P,8680/3,morphology,Paraganglioma,,malignant,,false,false,,false
7242,193,P,8693/3,morphology,Paraganglioma,,"nonchromaffin, malignant",,false,false,,false
7243,193,P,8693/1,morphology,Paraganglioma,,"nonchromaffin, NOS",,false,false,,false
7244,193,P,8682/1,morphology,Paraganglioma,,parasympathetic,,false,false,,false
7245,193,P,8681/1,morphology,Paraganglioma,,sympathetic,,false,false,,false
7246,193,P,C75.5,topography,Paraganglion,,Paraganglion,,false,false,,true
7247,193,P,9659/3,morphology,"Paragranuloma, Hodgkin, nodular",,"Paragranuloma, Hodgkin, nodular [obs]",,true,false,,true
7248,193,P,9659/3,morphology,"Paragranuloma, Hodgkin, NOS",,"Paragranuloma, Hodgkin, NOS [obs]",,true,false,,true
7249,193,P,C77.5,topography,Parametrial lymph node,,Parametrial lymph node,,false,false,,true
7250,194,P,C57.3,topography,Parametrium,,Parametrium,,false,false,,true
7251,194,P,C31.9,topography,Paranasal sinus,,Paranasal sinus,,false,false,,true
7252,194,P,C72.9,topography,Parasellar,,Parasellar,,false,false,,true
7253,194,P,C77.1,topography,Parasternal lymph node,,Parasternal lymph node,,false,false,,true
7254,194,P,C47.9,topography,"Parasympathetic nervous system, NOS",,"Parasympathetic nervous system, NOS",,false,false,,true
7255,194,P,8682/1,morphology,Parasympathetic paraganglioma,,Parasympathetic paraganglioma,,false,false,,true
7256,194,P,C75.0,topography,Parathyroid gland,,Parathyroid gland,,false,false,,true
7257,194,P,C68.1,topography,Paraurethral gland,,Paraurethral gland,,false,false,,true
7258,194,P,C64.9,topography,"Parenchyma, kidney",,"Parenchyma, kidney",,false,false,,true
7259,194,P,9362/3,morphology,"Parenchymal tumor, pineal, intermediate",,"Parenchymal tumor, pineal, intermediate differentiation (C75.3)",C75.3,false,false,,true
7260,194,P,C41.0,topography,Parietal,,bone,,false,false,,false
7261,194,P,C71.3,topography,Parietal,,lobe,,false,false,,false
7262,194,P,C38.4,topography,Parietal,,pleura,,false,false,,false
7263,194,P,8214/3,morphology,Parietal cell adenocarcinoma (C16._),,Parietal cell adenocarcinoma (C16._),,false,false,,true
7264,194,P,8214/3,morphology,Parietal cell carcinoma (C16._),,Parietal cell carcinoma (C16._),,false,false,,true
7265,194,P,9192/3,morphology,"Parosteal osteosarcoma (C40._, C41._)",,"Parosteal osteosarcoma (C40._, C41._)",,false,false,,true
7266,194,P,C07.9,topography,Parotid,,NOS,,false,false,,false
7267,194,P,C07.9,topography,Parotid,,gland,,false,false,,false
7268,194,P,C07.9,topography,Parotid,,gland duct,,false,false,,false
7269,194,P,C77.0,topography,Parotid,,lymph node,,false,false,,false
7270,194,P,C57.1,topography,Parovarian region,,Parovarian region,,false,false,,true
7271,194,P,9103/0,morphology,Partial hydatidiform mole,,Partial hydatidiform mole (C58.9),C58.9,false,false,,true
7272,194,P,8959/1,morphology,"Partially differentiated nephroblastoma,",,"Partially differentiated nephroblastoma, cystic (C64.9)",C64.9,false,false,,true
7273,194,P,C40.3,topography,Patella,,Patella,,false,false,,true
7274,194,P,9965/3,morphology,"PDGFRA rearrangement, myeloid and 9272/0 Periapical cemental dysplasia (C41._)",,"PDGFRA rearrangement, myeloid and 9272/0 Periapical cemental dysplasia (C41._) lymphoid neoplasms with",,false,false,,true
7275,194,P,9966/3,morphology,"PDGFRB rearrangement, myeloid and",,"PDGFRB rearrangement, myeloid and lymphoid neoplasms with",,false,false,,true
7276,194,P,C49.3,topography,Pectoralis major muscle,,Pectoralis major muscle,,false,false,,true
7277,194,P,C77.3,topography,Pectoral lymph node,,Pectoral lymph node,,false,false,,true
7278,194,P,C71.7,topography,"Peduncle, cerebral",,"Peduncle, cerebral",,false,false,,true
7279,194,P,C41.4,topography,Pelvic,,bone,,false,false,,false
7280,194,P,C18.7,topography,Pelvic,,colon,,false,false,,false
7281,194,P,C77.5,topography,Pelvic,,lymph node,,false,false,,false
7282,194,P,C48.1,topography,Pelvic,,peritoneum,,false,false,,false
7283,194,P,C76.3,topography,Pelvic,,"wall, NOS",,false,false,,false
7284,194,P,C19.9,topography,Pelvirectal junction,,Pelvirectal junction,,false,false,,true
7285,194,P,C76.3,topography,Pelvis,,NOS,,false,false,,false
7286,194,P,C49.5,topography,Pelvis,,"NOS (sarcoma, lipoma)",,false,false,,false
7287,194,P,C47.5,topography,Pelvis,,autonomic nervous system,,false,false,,false
7288,194,P,C41.4,topography,Pelvis,,bone,,false,false,,false
7289,194,P,C49.5,topography,Pelvis,,connective tissue,,false,false,,false
7290,194,P,C49.5,topography,Pelvis,,fibrous tissue,,false,false,,false
7291,194,P,C49.5,topography,Pelvis,,muscle,,false,false,,false
7292,194,P,C47.5,topography,Pelvis,,peripheral nerve,,false,false,,false
7293,194,P,C49.5,topography,Pelvis,,skeletal muscle,,false,false,,false
7294,194,P,C49.5,topography,Pelvis,,soft tissue,,false,false,,false
7295,194,P,C76.3,topography,Pelvis,,"wall, NOS",,false,false,,false
7296,194,P,C65.9,topography,"Pelvis, kidney",,"Pelvis, kidney",,false,false,,true
7297,194,P,C65.9,topography,"Pelvis, renal",,"Pelvis, renal",,false,false,,true
7298,194,P,C65.9,topography,Pelviureteric junction,,Pelviureteric junction,,false,false,,true
7299,194,P,C60.9,topography,Penis,,NOS,,false,false,,false
7300,194,P,C60.2,topography,Penis,,body,,false,false,,false
7301,194,P,C60.2,topography,Penis,,corpus,,false,false,,false
7302,194,P,C60.2,topography,Penis,,corpus cavernosum,,false,false,,false
7303,194,P,C60.0,topography,Penis,,foreskin,,false,false,,false
7304,194,P,C60.1,topography,Penis,,glans,,false,false,,false
7305,194,P,C60.0,topography,Penis,,prepuce,,false,false,,false
7306,194,P,C60.9,topography,Penis,,skin,,false,false,,false
7307,194,P,8152/1,morphology,"Peptide-like peptide, pancreatic, within",,"Peptide-like peptide, pancreatic, within terminal tyrosine amide producing tumor, pancreatic peptide and",,false,false,,true
7308,194,P,8152/1,morphology,"Peptide, pancreatic, and pancreatic peptide-",,"Peptide, pancreatic, and pancreatic peptide- like peptide within terminal tyrosine amide producing tumor",,false,false,,true
7309,194,P,8152/1,morphology,"Peptide-producing tumor, glucagon-like",,"Peptide-producing tumor, glucagon-like",,false,false,,true
7310,194,P,8152/1,morphology,Peptide within terminal tyrosine amide,,"Peptide within terminal tyrosine amide producing tumor, pancreatic peptide and pancreatic peptide-like",,false,false,,true
7311,194,P,C48.0,topography,Periadrenal tissue,,Periadrenal tissue,,false,false,,true
7312,194,P,C24.1,topography,Periampullary,,Periampullary,,false,false,,true
7313,194,P,C44.5,topography,Perianal skin,,Perianal skin,,false,false,,true
7314,194,P,C77.2,topography,Periaortic lymph node,,Periaortic lymph node,,false,false,,true
7315,194,P,9272/0,morphology,Periapical cemento-osseous dysplasia,,Periapical cemento-osseous dysplasia (C41._),,false,false,,true
7316,194,P,8827/1,morphology,"Peribronchial myofibroblastic tumor,",,"Peribronchial myofibroblastic tumor, (C34._)",,false,false,,true
7317,194,P,8827/1,morphology,"Peribronchial myofibroblastic tumor,",,"Peribronchial myofibroblastic tumor, congenital (C34._)",,false,false,,true
7318,194,P,9012/0,morphology,Pericanalicular fibroadenoma (C50._),,Pericanalicular fibroadenoma (C50._),,false,false,,true
7319,194,P,C38.0,topography,Pericardium,,Pericardium,,false,false,,true
7320,194,P,8391/0,morphology,Perifollicular fibroma (C44._),,Perifollicular fibroma (C44._),,false,false,,true
7321,194,P,C48.0,topography,Perinephric tissue,,Perinephric tissue,,false,false,,true
7322,194,P,C76.3,topography,Perineum,,NOS,,false,false,,false
7323,194,P,C44.5,topography,Perineum,,"NOS (carcinoma, melanoma, nevus)",,false,false,,false
7324,194,P,C49.5,topography,Perineum,,"NOS (sarcoma, lipoma)",,false,false,,false
7325,194,P,C47.5,topography,Perineum,,autonomic nervous system,,false,false,,false
7326,194,P,C49.5,topography,Perineum,,connective tissue,,false,false,,false
7327,194,P,C49.5,topography,Perineum,,fibrous tissue,,false,false,,false
7328,194,P,C49.5,topography,Perineum,,muscle,,false,false,,false
7329,194,P,C47.5,topography,Perineum,,peripheral nerve,,false,false,,false
7330,194,P,C49.5,topography,Perineum,,skeletal muscle,,false,false,,false
7331,194,P,C44.5,topography,Perineum,,skin,,false,false,,false
7332,194,P,C49.5,topography,Perineum,,soft tissue,,false,false,,false
7333,195,P,C49.5,topography,Perineum,,subcutaneous tissue,,false,false,,false
7334,195,P,9571/3,morphology,Perineural MPNST,,Perineural MPNST,,false,false,,true
7335,195,P,9571/0,morphology,Perineurioma,,NOS,,false,false,,false
7336,195,P,9571/0,morphology,Perineurioma,,intraneural,,false,false,,false
7337,195,P,9571/3,morphology,Perineurioma,,malignant,,false,false,,false
7338,195,P,9571/0,morphology,Perineurioma,,soft tissue,,false,false,,false
7339,195,P,C03.9,topography,Periodontal tissue,,Periodontal tissue,,false,false,,true
7340,195,P,9221/0,morphology,Periosteal,,"chondroma (C40._, C41._)",,false,false,,false
7341,195,P,9221/3,morphology,Periosteal,,"chondrosarcoma (C40._, C41._)",,false,false,,false
7342,195,P,8812/0,morphology,Periosteal,,"fibroma (C40._, C41._)",,false,false,,false
7343,195,P,8812/3,morphology,Periosteal,,"fibrosarcoma (C40._, C41._)",,false,false,,false
7344,195,P,9193/3,morphology,Periosteal,,"osteosarcoma (C40._, C41._)",,false,false,,false
7345,195,P,8812/3,morphology,Periosteal,,"sarcoma, NOS (C40._, C41._)",,false,false,,false
7346,195,P,C77.2,topography,Peripancreatic lymph node,,Peripancreatic lymph node,,false,false,,true
7347,195,P,C48.0,topography,Peripancreatic tissue,,Peripancreatic tissue,,false,false,,true
7348,195,P,9540/3,morphology,Peripheral,,"nerve sheath tumor, malignant",,false,false,,false
7349,195,P,9561/3,morphology,Peripheral,,"nerve sheath tumor with rhabdomyoblastic differentiation, malignant",,false,false,,false
7350,195,P,9364/3,morphology,Peripheral,,neuroectodermal tumor,,false,false,,false
7351,195,P,9322/0,morphology,Peripheral,,odontogenic fibroma (C41._),,false,false,,false
7352,195,P,C47.9,topography,Peripheral nerve,,NOS,,false,false,,false
7353,195,P,C47.4,topography,Peripheral nerve,,abdomen,,false,false,,false
7354,195,P,C47.4,topography,Peripheral nerve,,abdominal wall,,false,false,,false
7355,195,P,C47.2,topography,Peripheral nerve,,ankle,,false,false,,false
7356,195,P,C47.1,topography,Peripheral nerve,,antecubital space,,false,false,,false
7357,195,P,C47.1,topography,Peripheral nerve,,arm,,false,false,,false
7358,195,P,C47.3,topography,Peripheral nerve,,axilla,,false,false,,false
7359,195,P,C47.6,topography,Peripheral nerve,,back,,false,false,,false
7360,195,P,C47.5,topography,Peripheral nerve,,buttock,,false,false,,false
7361,195,P,C47.2,topography,Peripheral nerve,,calf,,false,false,,false
7362,195,P,C47.0,topography,Peripheral nerve,,cervical region,,false,false,,false
7363,195,P,C47.0,topography,Peripheral nerve,,cheek,,false,false,,false
7364,195,P,C47.3,topography,Peripheral nerve,,chest,,false,false,,false
7365,195,P,C47.3,topography,Peripheral nerve,,chest wall,,false,false,,false
7366,195,P,C47.0,topography,Peripheral nerve,,chin,,false,false,,false
7367,195,P,C47.1,topography,Peripheral nerve,,elbow,,false,false,,false
7368,195,P,C47.0,topography,Peripheral nerve,,face,,false,false,,false
7369,195,P,C47.1,topography,Peripheral nerve,,finger,,false,false,,false
7370,195,P,C47.6,topography,Peripheral nerve,,flank,,false,false,,false
7371,195,P,C47.2,topography,Peripheral nerve,,foot,,false,false,,false
7372,195,P,C47.1,topography,Peripheral nerve,,forearm,,false,false,,false
7373,195,P,C47.0,topography,Peripheral nerve,,forehead,,false,false,,false
7374,195,P,C47.5,topography,Peripheral nerve,,gluteal region,,false,false,,false
7375,195,P,C47.5,topography,Peripheral nerve,,groin,,false,false,,false
7376,195,P,C47.1,topography,Peripheral nerve,,hand,,false,false,,false
7377,195,P,C47.0,topography,Peripheral nerve,,head,,false,false,,false
7378,195,P,C47.2,topography,Peripheral nerve,,heel,,false,false,,false
7379,195,P,C47.2,topography,Peripheral nerve,,hip,,false,false,,false
7380,195,P,C47.3,topography,Peripheral nerve,,infraclavicular region,,false,false,,false
7381,195,P,C47.5,topography,Peripheral nerve,,inguinal region,,false,false,,false
7382,195,P,C47.2,topography,Peripheral nerve,,knee,,false,false,,false
7383,195,P,C47.2,topography,Peripheral nerve,,leg,,false,false,,false
7384,195,P,C47.0,topography,Peripheral nerve,,neck,,false,false,,false
7385,195,P,C69.6,topography,Peripheral nerve,,orbit,,false,false,,false
7386,195,P,C47.5,topography,Peripheral nerve,,pelvis,,false,false,,false
7387,195,P,C47.5,topography,Peripheral nerve,,perineum,,false,false,,false
7388,195,P,C47.2,topography,Peripheral nerve,,popliteal space,,false,false,,false
7389,195,P,C47.0,topography,Peripheral nerve,,pterygoid fossa,,false,false,,false
7390,195,P,C47.5,topography,Peripheral nerve,,sacrococcygeal region,,false,false,,false
7391,195,P,C47.0,topography,Peripheral nerve,,scalp,,false,false,,false
7392,195,P,C47.3,topography,Peripheral nerve,,scapular region,,false,false,,false
7393,195,P,C47.1,topography,Peripheral nerve,,shoulder,,false,false,,false
7394,195,P,C47.0,topography,Peripheral nerve,,supraclavicular region,,false,false,,false
7395,195,P,C47.0,topography,Peripheral nerve,,temple,,false,false,,false
7396,195,P,C47.2,topography,Peripheral nerve,,thigh,,false,false,,false
7397,195,P,C47.3,topography,Peripheral nerve,,thoracic wall,,false,false,,false
7398,195,P,C47.3,topography,Peripheral nerve,,"thorax (excludes thymus, heart and mediastinum C37._, C38._)",,false,false,,false
7399,195,P,C47.1,topography,Peripheral nerve,,thumb,,false,false,,false
7400,195,P,C47.2,topography,Peripheral nerve,,toe,,false,false,,false
7401,195,P,C47.6,topography,Peripheral nerve,,trunk,,false,false,,false
7402,195,P,C47.4,topography,Peripheral nerve,,umbilicus,,false,false,,false
7403,195,P,C47.1,topography,Peripheral nerve,,wrist,,false,false,,false
7404,195,P,C76.3,topography,"Perirectal region, NOS",,"Perirectal region, NOS",,false,false,,true
7405,195,P,C48.0,topography,Perirenal tissue,,Perirenal tissue,,false,false,,true
7406,195,P,C48.2,topography,Peritoneal cavity,,Peritoneal cavity,,false,false,,true
7407,195,P,8480/6,morphology,"Peritonei, pseudomyxoma",,"Peritonei, pseudomyxoma",,false,false,,true
7408,195,P,8480/3,morphology,"Peritonei, pseudomyxoma, with unknown",,"Peritonei, pseudomyxoma, with unknown primary site (C80.9)",C80.9,false,false,,true
7409,195,P,C48.2,topography,Peritoneum,,NOS,,false,false,,false
7410,195,P,C48.2,topography,Peritoneum,,cavity,,false,false,,false
7411,195,P,C48.1,topography,Peritoneum,,cul de sac,,false,false,,false
7412,195,P,C48.1,topography,Peritoneum,,mesentery,,false,false,,false
7413,195,P,C48.1,topography,Peritoneum,,mesoappendix,,false,false,,false
7414,195,P,C48.1,topography,Peritoneum,,mesocolon,,false,false,,false
7415,195,P,C48.1,topography,Peritoneum,,omentum,,false,false,,false
7416,195,P,C48.1,topography,Peritoneum,,pelvic,,false,false,,false
7417,195,P,C48.1,topography,Peritoneum,,"pouch, Douglas",,false,false,,false
7418,195,P,C48.1,topography,Peritoneum,,"pouch, rectouterine",,false,false,,false
7419,195,P,,,Peritoneum,,Peutz-Jeghers polyp (see SNOMED),,false,true,,false
7420,195,P,C40.3,topography,Phalanx of foot,,Phalanx of foot,,false,false,,true
7421,195,P,C40.1,topography,Phalanx of hand,,Phalanx of hand,,false,false,,true
7422,195,P,C11.3,topography,Pharyngeal,,fornix,,false,false,,false
7423,195,P,C11.1,topography,Pharyngeal,,tonsil,,false,false,,false
7424,195,P,C14.0,topography,Pharyngeal,,"wall, NOS",,false,false,,false
7425,196,P,C14.0,topography,Pharynx,,NOS,,false,false,,false
7426,196,P,C14.0,topography,Pharynx,,"wall, lateral, NOS",,false,false,,false
7427,196,P,C14.0,topography,Pharynx,,"wall, NOS",,false,false,,false
7428,196,P,C14.0,topography,Pharynx,,"wall, posterior, NOS",,false,false,,false
7429,196,P,8014/3,morphology,"Phenotype, large cell carcinoma with",,"Phenotype, large cell carcinoma with rhabdoid",,false,false,,true
7430,196,P,8700/3,morphology,Pheochromoblastoma,,Pheochromoblastoma (C74.1),C74.1,false,false,,true
7431,196,P,8700/3,morphology,"Pheochromocytoma, malignant",,"Pheochromocytoma, malignant (C74.1)",C74.1,false,false,,true
7432,196,P,8700/0,morphology,"Pheochromocytoma, NOS",,"Pheochromocytoma, NOS (C74.1)",C74.1,false,false,,true
7433,196,P,9020/1,morphology,Phyllodes,Cystosarcoma,NOS (C50._),,false,false,,false
7434,196,P,9020/0,morphology,Phyllodes,Cystosarcoma,benign (C50._) [obs],,true,false,,false
7435,196,P,9020/3,morphology,Phyllodes,Cystosarcoma,malignant (C50._),,false,false,,false
7436,196,P,9020/1,morphology,Phyllodes,Tumor,NOS (C50._),,false,false,,false
7437,196,P,9020/0,morphology,Phyllodes,Tumor,benign (C50._),,false,false,,false
7438,196,P,9020/1,morphology,Phyllodes,Tumor,borderline (C50._),,false,false,,false
7439,196,P,9020/3,morphology,Phyllodes,Tumor,malignant (C50._),,false,false,,false
7440,196,P,C70.9,topography,Pia mater,,NOS,,false,false,,false
7441,196,P,C70.0,topography,Pia mater,,cranial,,false,false,,false
7442,196,P,C70.1,topography,Pia mater,,spinal,,false,false,,false
7443,196,P,8640/1,morphology,Pick tubular adenoma,,Pick tubular adenoma,,false,false,,true
7444,196,P,8372/0,morphology,Pigmented,,adenoma (C74.0),C74.0,false,false,,false
7445,196,P,8372/0,morphology,Pigmented,,adrenal cortical adenoma (C74.0),C74.0,false,false,,false
7446,196,P,8090/3,morphology,Pigmented,,basal cell carcinoma (C44._),,false,false,,false
7447,196,P,8833/3,morphology,Pigmented,,dermatofibrosarcoma protuberans (C44._),,false,false,,false
7448,196,P,8720/0,morphology,Pigmented,Nevus,NOS (C44._),,false,false,,false
7449,196,P,8761/3,morphology,Pigmented,Nevus,"giant, malignant melanoma in (C44._)",,false,false,,false
7450,196,P,8761/1,morphology,Pigmented,Nevus,"giant, NOS (C44._)",,false,false,,false
7451,196,P,9560/0,morphology,Pigmented,,schwannoma,,false,false,,false
7452,196,P,8770/0,morphology,Pigmented,,spindle cell nevus of Reed (C44._),,false,false,,false
7453,196,P,,,Pigmented,,villonodular synovitis (see SNOMED),,false,true,,false
7454,196,P,9740/1,morphology,"Pigmentosa, urticaria",,"Pigmentosa, urticaria",,false,false,,true
7455,196,P,,,"Pigmentosa, urticaria",,Pilar cyst (see SNOMED),,false,true,,false
7456,196,P,8103/0,morphology,Pilar tumor (C44._),,Pilar tumor (C44._),,false,false,,true
7457,196,P,C09.1,topography,"Pillar, faucial",,"Pillar, faucial",,false,false,,true
7458,196,P,C09.1,topography,"Pillar, tonsillar",,"Pillar, tonsillar",,false,false,,true
7459,196,P,9421/1,morphology,Pilocytic astrocytoma (C71._),,Pilocytic astrocytoma (C71._),,false,false,,true
7460,196,P,9421/1,morphology,Piloid astrocytoma (C71._),,Piloid astrocytoma (C71._),,false,false,,true
7461,196,P,8110/3,morphology,"Pilomatricoma, malignant (C44._)",,"Pilomatricoma, malignant (C44._)",,false,false,,true
7462,196,P,8110/0,morphology,"Pilomatricoma, NOS",,"Pilomatricoma, NOS",,false,false,,true
7463,196,P,8110/3,morphology,Pilomatrix carcinoma (C44._),,Pilomatrix carcinoma (C44._),,false,false,,true
7464,196,P,8110/3,morphology,"Pilomatrixoma, malignant (C44._)",,"Pilomatrixoma, malignant (C44._)",,false,false,,true
7465,196,P,8110/0,morphology,"Pilomatrixoma, NOS (C44._)",,"Pilomatrixoma, NOS (C44._)",,false,false,,true
7466,196,P,9425/3,morphology,Pilomyxoid astrocytoma,,Pilomyxoid astrocytoma,,false,false,,true
7467,196,P,9340/0,morphology,Pindborg tumor (C41._),,Pindborg tumor (C41._),,false,false,,true
7468,196,P,C75.3,topography,Pineal gland,,Pineal gland,,false,false,,true
7469,196,P,9360/1,morphology,Pinealoma,,Pinealoma (C75.3),C75.3,false,false,,true
7470,196,P,9395/3,morphology,"Pineal region, papillary tumor of",,"Pineal region, papillary tumor of",,false,false,,true
7471,196,P,9362/3,morphology,Pineal tumor,,mixed (C75.3),C75.3,false,false,,false
7472,196,P,9362/3,morphology,Pineal tumor,,"parenchymal, intermediate differentiation (C75.3)",C75.3,false,false,,false
7473,196,P,9362/3,morphology,Pineal tumor,,transitional (C75.3),C75.3,false,false,,false
7474,196,P,9362/3,morphology,Pineoblastoma,,Pineoblastoma (C75.3),C75.3,false,false,,true
7475,196,P,9362/3,morphology,"Pineoblastoma-pineocytoma, mixed",,"Pineoblastoma-pineocytoma, mixed (C75.3)",C75.3,false,false,,true
7476,196,P,9361/1,morphology,Pineocytoma,,Pineocytoma (C75.3),C75.3,false,false,,true
7477,196,P,9362/3,morphology,"Pineocytoma-pineoblastoma, mixed",,"Pineocytoma-pineoblastoma, mixed (C75.3)",C75.3,false,false,,true
7478,196,P,8148/2,morphology,PIN III,,PIN III (C61.9),C61.9,false,false,,true
7479,196,P,8093/3,morphology,Pinkus,,tumor,,false,false,,false
7480,196,P,8093/3,morphology,Pinkus,,"type, fibroepithelial basal cell carcinoma",,false,false,,false
7481,196,P,8093/3,morphology,Pinkus,,"type, fibroepithelioma",,false,false,,false
7482,196,P,C44.2,topography,Pinna,,Pinna,,false,false,,true
7483,196,P,C12.9,topography,Piriform fossa,,Piriform fossa,,false,false,,true
7484,196,P,C12.9,topography,Piriform sinus,,Piriform sinus,,false,false,,true
7485,196,P,9432/1,morphology,Pituicytoma,,Pituicytoma,,false,false,,true
7486,196,P,C75.1,topography,Pituitary,,NOS,,false,false,,false
7487,196,P,C75.1,topography,Pituitary,,fossa,,false,false,,false
7488,196,P,C75.1,topography,Pituitary,,gland,,false,false,,false
7489,196,P,8272/0,morphology,"Pituitary adenoma, NOS",,"Pituitary adenoma, NOS (C75.1)",C75.1,false,false,,true
7490,196,P,8272/3,morphology,"Pituitary carcinoma, NOS",,"Pituitary carcinoma, NOS (C75.1)",C75.1,false,false,,true
7491,196,P,C58.9,topography,Placenta,,Placenta,,false,false,,true
7492,196,P,9104/1,morphology,Placental site trophoblastic tumor,,Placental site trophoblastic tumor (C58.9),C58.9,false,false,,true
7493,196,P,C49.2,topography,Plantar,,aponeurosis,,false,false,,false
7494,196,P,C49.2,topography,Plantar,,fascia,,false,false,,false
7495,196,P,C44.7,topography,Plantar,,skin,,false,false,,false
7496,196,P,,,Plasma cell,,granuloma (see SNOMED),,false,true,,false
7497,196,P,9733/3,morphology,Plasma cell,,leukemia (C42.1),C42.1,false,false,,false
7498,196,P,9732/3,morphology,Plasma cell,,myeloma (C42.1),C42.1,false,false,,false
7499,196,P,,,Plasma cell,,pseudotumor (see SNOMED),,false,true,,false
7500,196,P,9731/3,morphology,Plasma cell,,tumor,,false,false,,false
7501,196,P,9733/3,morphology,Plasmacytic leukemia,,Plasmacytic leukemia (C42.1),C42.1,false,false,,true
7502,196,P,9671/3,morphology,Plasmacytic lymphoma,,Plasmacytic lymphoma [obs],,true,false,,true
7503,196,P,9727/3,morphology,"Plasmacytoid dendritic cell neoplasm,",,"Plasmacytoid dendritic cell neoplasm, blastic",,false,false,,true
7504,197,P,9731/3,morphology,Plasmacytoma,,NOS,,false,false,,false
7505,197,P,9734/3,morphology,Plasmacytoma,,extramedullary (not occurring in bone),,false,false,,false
7506,197,P,9734/3,morphology,Plasmacytoma,,extraosseous,,false,false,,false
7507,197,P,9731/3,morphology,Plasmacytoma,,"of bone (C40._, C41._)",,false,false,,false
7508,197,P,9731/3,morphology,Plasmacytoma,,solitary,,false,false,,false
7509,197,P,8142/3,morphology,"Plastica, linitis (C16._)",,"Plastica, linitis (C16._)",,false,false,,true
7510,197,P,8940/0,morphology,Pleomorphic,,adenoma,,false,false,,false
7511,197,P,8941/3,morphology,Pleomorphic,,"adenoma, carcinoma in (C07._, C08._) 8034/3 Polygonal cell carcinoma",,false,false,,false
7512,197,P,8022/3,morphology,Pleomorphic,,carcinoma,,false,false,,false
7513,197,P,8802/3,morphology,Pleomorphic,,cell sarcoma,,false,false,,false
7514,197,P,8893/0,morphology,Pleomorphic,,leiomyoma,,false,false,,false
7515,197,P,8854/0,morphology,Pleomorphic,,lipoma,,false,false,,false
7516,197,P,8854/3,morphology,Pleomorphic,,liposarcoma,,false,false,,false
7517,197,P,8901/3,morphology,Pleomorphic,Rhabdomyosarcoma,NOS,,false,false,,false
7518,197,P,8901/3,morphology,Pleomorphic,Rhabdomyosarcoma,adult type,,false,false,,false
7519,197,P,8910/3,morphology,Pleomorphic,Rhabdomyosarcoma,embryonal,,false,false,,false
7520,197,P,8175/3,morphology,Pleomorphic,,"type, hepatocellular carcinoma (C22.0)",C22.0,false,false,,false
7521,197,P,9424/3,morphology,Pleomorphic,,xanthoastrocytoma (C71._),,false,false,,false
7522,197,P,C38.4,topography,Pleura,,NOS,,false,false,,false
7523,197,P,C38.4,topography,Pleura,,parietal,,false,false,,false
7524,197,P,C38.4,topography,Pleura,,visceral,,false,false,,false
7525,197,P,8973/3,morphology,Pleuropulmonary blastoma,,Pleuropulmonary blastoma,,false,false,,true
7526,197,P,8835/1,morphology,Plexiform,,fibrohistiocytic tumor,,false,false,,false
7527,197,P,8811/0,morphology,Plexiform,,fibromyxoma,,false,false,,false
7528,197,P,9131/0,morphology,Plexiform,,hemangioma,,false,false,,false
7529,197,P,8890/0,morphology,Plexiform,,leiomyoma,,false,false,,false
7530,197,P,9550/0,morphology,Plexiform,,neurofibroma,,false,false,,false
7531,197,P,9550/0,morphology,Plexiform,,neuroma,,false,false,,false
7532,197,P,9560/0,morphology,Plexiform,,schwannoma,,false,false,,false
7533,197,P,C47.1,topography,Plexus,,brachial,,false,false,,false
7534,197,P,C47.0,topography,Plexus,,cervical,,false,false,,false
7535,197,P,C71.5,topography,Plexus,,choroid,,false,false,,false
7536,197,P,C47.5,topography,Plexus,,lumbosacral,,false,false,,false
7537,197,P,C47.5,topography,Plexus,,sacral,,false,false,,false
7538,197,P,C75.8,topography,Pluriglandular,,Pluriglandular,,false,false,,true
7539,197,P,9473/3,morphology,"PNET, NOS",,"PNET, NOS",,false,false,,true
7540,197,P,9473/3,morphology,"PNET, supratentorial",,"PNET, supratentorial",,false,false,,true
7541,197,P,8972/3,morphology,Pneumoblastoma (C34._),,Pneumoblastoma (C34._),,false,false,,true
7542,197,P,8254/3,morphology,"Pneumocyte, type II and goblet cell type",,"Pneumocyte, type II and goblet cell type bronchiolo-alveolar carcinoma (C34._)",,false,false,,true
7543,197,P,8252/3,morphology,"Pneumocyte, type II, bronchiolo-alveolar",,"Pneumocyte, type II, bronchiolo-alveolar carcinoma (C34._)",,false,false,,true
7544,197,P,9423/3,morphology,"Polare, spongioblastoma (C71._)",,"Polare, spongioblastoma (C71._)",,false,false,,true
7545,197,P,9423/3,morphology,Polar spongioblastoma (C71._),,Polar spongioblastoma (C71._),,false,false,,true
7546,197,P,9423/3,morphology,"Polar spongioblastoma, primitive (C71._)",,"Polar spongioblastoma, primitive (C71._)",,false,false,,true
7547,197,P,C71.1,topography,"Pole, frontal",,"Pole, frontal",,false,false,,true
7548,197,P,C71.4,topography,"Pole, occipital",,"Pole, occipital",,false,false,,true
7549,197,P,9950/3,morphology,Polycythemia,,proliferative,,false,false,,false
7550,197,P,9950/3,morphology,Polycythemia,,rubra vera,,false,false,,false
7551,197,P,,,Polycythemia,,secondary (see SNOMED),,false,true,,false
7552,197,P,9950/3,morphology,Polycythemia,,vera,,false,false,,false
7553,197,P,9072/3,morphology,Polyembryoma,,Polyembryoma,,false,false,,true
7554,197,P,9072/3,morphology,Polyembryonal type embryonal carcinoma,,Polyembryonal type embryonal carcinoma,,false,false,,true
7555,197,P,9971/3,morphology,Polymorphic post transplant,,Polymorphic post transplant lymphoproliferative disorder,,false,false,,true
7556,197,P,9719/3,morphology,Polymorphic reticulosis,,Polymorphic reticulosis [obs],,true,false,,true
7557,197,P,8525/3,morphology,Polymorphous low grade adenocarcinoma,,Polymorphous low grade adenocarcinoma (C50._),,false,false,,true
7558,197,P,9751/3,morphology,Poly-ostotic Langerhans cell histiocytosis,,Poly-ostotic Langerhans cell histiocytosis,,false,false,,true
7559,197,P,8210/3,morphology,Polyp,,"NOS, adenocarcinoma in",,false,false,,false
7560,197,P,8210/2,morphology,Polyp,,"NOS, adenocarcinoma in situ in",,false,false,,false
7561,197,P,8210/3,morphology,Polyp,,"NOS, carcinoma in",,false,false,,false
7562,197,P,8210/2,morphology,Polyp,,"NOS, carcinoma in situ in",,false,false,,false
7563,197,P,,,Polyp,,NOS (see SNOMED),,false,true,,false
7564,197,P,8210/0,morphology,Polyp,Adenomatous,NOS,,false,false,,false
7565,197,P,8210/3,morphology,Polyp,Adenomatous,adenocarcinoma in,,false,false,,false
7566,197,P,8210/2,morphology,Polyp,Adenomatous,adenocarcinoma in situ,,false,false,,false
7567,197,P,8213/0,morphology,Polyp,Adenomatous,"and hyperplastic, mixed (C18._)",,false,false,,false
7568,197,P,8210/3,morphology,Polyp,Adenomatous,carcinoma in,,false,false,,false
7569,197,P,8210/2,morphology,Polyp,Adenomatous,carcinoma in situ in,,false,false,,false
7570,197,P,8210/2,morphology,Polyp,,"carcinoma in situ in, NOS",,false,false,,false
7571,197,P,,,Polyp,,fibroepithelial (see SNOMED),,false,true,,false
7572,197,P,,,Polyp,,fibrous (see SNOMED),,false,true,,false
7573,197,P,8213/0,morphology,Polyp,,"hyperplastic and adenomatous polyp, mixed (C18._)",,false,false,,false
7574,197,P,,,Polyp,,hyperplastic (see SNOMED),,false,true,,false
7575,197,P,,,Polyp,,inflammatory (see SNOMED),,false,true,,false
7576,197,P,,,Polyp,,juvenile (see SNOMED),,false,true,,false
7577,197,P,,,Polyp,,"lymphoid, benign (see SNOMED)",,false,true,,false
7578,197,P,,,Polyp,,"lymphoid, NOS (see SNOMED)",,false,true,,false
7579,197,P,,,Polyp,,Peutz-Jeghers (see SNOMED),,false,true,,false
7580,197,P,8213/0,morphology,Polyp,,serrated sessile,,false,false,,false
7581,197,P,8213/0,morphology,Polyp,,sessile serrated,,false,false,,false
7582,197,P,8210/0,morphology,Polypoid,,adenoma,,false,false,,false
7583,197,P,8210/3,morphology,Polypoid,,"adenoma, adenocarcinoma in",,false,false,,false
7584,197,P,8210/2,morphology,Polypoid,,"adenoma, adenocarcinoma in situ in",,false,false,,false
7585,197,P,8932/0,morphology,Polypoid,,atypical adenomyoma,,false,false,,false
7586,198,P,8220/3,morphology,Polyposis,,"adenomatous, coli, adenocarcinoma in C67.4 bladder (C18._)",,false,false,,false
7587,198,P,8220/0,morphology,Polyposis,,"adenomatous, coli (C18._)",,false,false,,false
7588,198,P,8220/0,morphology,Polyposis,,"coli, familial (C18._)",,false,false,,false
7589,198,P,9673/3,morphology,Polyposis,,"lymphomatous, malignant (includes all C10.3 oropharynx variants: blastic, pleomorphic, small C14.0 pharynx, NOS cell)",,false,false,,false
7590,198,P,8221/0,morphology,Polyposis,,multiple,,false,false,,false
7591,198,P,8221/0,morphology,"Polyps, adenomatous, multiple",,"Polyps, adenomatous, multiple",,false,false,,true
7592,198,P,8221/3,morphology,"Polyps, adenomatous, multiple,",,"Polyps, adenomatous, multiple, adenocarcinoma in",,false,false,,true
7593,198,P,9071/3,morphology,Polyvesicular vitelline tumor,,Polyvesicular vitelline tumor,,false,false,,true
7594,198,P,C71.7,topography,Pons,,Pons,,false,false,,true
7595,198,P,8490/3,morphology,Poorly cohesive carcinoma,,Poorly cohesive carcinoma,,false,false,,true
7596,198,P,,,Poorly cohesive carcinoma,,"/-3 Poorly differentiated (see grading code, section 4.3.4)",,false,false,,false
7597,198,P,8631/3,morphology,Poorly differentiated Sertoli-Leydig cell,,Poorly differentiated Sertoli-Leydig cell tumor,,false,false,,true
7598,198,P,8634/3,morphology,Poorly differentiated Sertoli-Leydig cell,,"Poorly differentiated Sertoli-Leydig cell tumor, with heterologous elements",,false,false,,true
7599,198,P,C77.4,topography,Popliteal lymph node,,Popliteal lymph node,,false,false,,true
7600,198,P,C76.5,topography,Popliteal space,,NOS,,false,false,,false
7601,198,P,C44.7,topography,Popliteal space,,"NOS (carcinoma, melanoma, nevus) C77.0 Preauricular lymph node",,false,false,,false
7602,198,P,C49.2,topography,Popliteal space,,"NOS (sarcoma, lipoma)",,false,false,,false
7603,198,P,C49.2,topography,Popliteal space,,adipose tissue,,false,false,,false
7604,198,P,C47.2,topography,Popliteal space,,autonomic nervous system,,false,false,,false
7605,198,P,C49.2,topography,Popliteal space,,connective tissue,,false,false,,false
7606,198,P,C49.2,topography,Popliteal space,,fatty tissue,,false,false,,false
7607,198,P,C49.2,topography,Popliteal space,,fibrous tissue,,false,false,,false
7608,198,P,C47.2,topography,Popliteal space,,peripheral nerve,,false,false,,false
7609,198,P,C44.7,topography,Popliteal space,,skin,,false,false,,false
7610,198,P,C49.2,topography,Popliteal space,,soft tissue,,false,false,,false
7611,198,P,C49.2,topography,Popliteal space,,subcutaneous tissue,,false,false,,false
7612,198,P,C49.2,topography,Popliteal space,,tendon,,false,false,,false
7613,198,P,C49.2,topography,Popliteal space,,tendon sheath,,false,false,,false
7614,198,P,8409/3,morphology,Porocarcinoma (C44._),,Porocarcinoma (C44._),,false,false,,true
7615,198,P,8409/0,morphology,"Poroma, eccrine (C44._)",,"Poroma, eccrine (C44._)",,false,false,,true
7616,198,P,8409/3,morphology,"Poroma, eccrine, malignant",,"Poroma, eccrine, malignant",,false,false,,true
7617,198,P,C77.2,topography,Porta hepatis lymph node,,Porta hepatis lymph node,,false,false,,true
7618,198,P,C77.2,topography,Portal lymph node,,Portal lymph node,,false,false,,true
7619,198,P,,,Portal lymph node,,Portwine nevus (see SNOMED),,false,true,,false
7620,198,P,C13.0,topography,Postcricoid region,,Postcricoid region,,false,false,,true
7621,198,P,C71.9,topography,Posterior,,cranial fossa,,false,false,,false
7622,198,P,C11.3,topography,Posterior,,margin of nasal septum,,false,false,,false
7623,198,P,C38.2,topography,Posterior,,mediastinum,,false,false,,false
7624,198,P,C32.1,topography,Posterior,,surface of epiglottis,,false,false,,false
7625,198,P,C01.9,topography,Posterior,,third of tongue,,false,false,,false
7626,198,P,C01.9,topography,Posterior,,"tongue, NOS",,false,false,,false
7627,198,P,C13.2,topography,Posterior wall,,hypopharynx,,false,false,,false
7628,198,P,C10.3,topography,Posterior wall,,mesopharynx,,false,false,,false
7629,198,P,C11.1,topography,Posterior wall,,nasopharynx,,false,false,,false
7630,198,P,C16.8,topography,Posterior wall,,"stomach, NOS (not classifiable to C16.1 to C16.4)",,false,false,,false
7631,198,P,9971/1,morphology,Post transplant lymphoproliferative,,"Post transplant lymphoproliferative disorder, NOS",,false,false,,true
7632,198,P,9971/3,morphology,Post-transplant lymphoproliferative,,"Post-transplant lymphoproliferative disorder, polymorphic",,false,false,,true
7633,198,P,8936/1,morphology,"Potential, uncertain malignant,",,"Potential, uncertain malignant, gastrointestinal stromal tumor",,false,false,,true
7634,198,P,8897/1,morphology,"Potential, uncertain malignant, smooth",,"Potential, uncertain malignant, smooth muscle tumor",,false,false,,true
7635,198,P,C48.1,topography,Pouch,,Douglas,,false,false,,false
7636,198,P,C75.1,topography,Pouch,,Rathke,,false,false,,false
7637,198,P,C48.1,topography,Pouch,,rectouterine,,false,false,,false
7638,198,P,9350/1,morphology,"Pouch, Rathke, tumor",,"Pouch, Rathke, tumor (C75.1)",C75.1,false,false,,true
7639,198,P,9364/3,morphology,PPNET,,PPNET,,false,false,,true
7640,198,P,8152/1,morphology,PP/PYY producing tumor,,PP/PYY producing tumor,,false,false,,true
7641,198,P,9836/3,morphology,Pre-B ALL (see also 9728/3),,Pre-B ALL (see also 9728/3),,false,false,9728/3,true
7642,198,P,8741/3,morphology,"Precancerous melanosis, malignant",,"Precancerous melanosis, malignant melanoma in (C44._)",,false,false,,true
7643,198,P,8741/2,morphology,"Precancerous melanosis, NOS (C44._)",,"Precancerous melanosis, NOS (C44._)",,false,false,,true
7644,198,P,8583/3,morphology,"Predominantly cortical, thymoma,",,"Predominantly cortical, thymoma, malignant (C37.9)",C37.9,false,false,,true
7645,198,P,8583/1,morphology,"Predominantly cortical, thymoma, NOS",,"Predominantly cortical, thymoma, NOS (C37.9)",C37.9,false,false,,true
7646,198,P,,,"Predominantly cortical, thymoma, NOS",,Pregnancy luteoma (see SNOMED),,false,true,,false
7647,198,P,C77.0,topography,Prelaryngeal lymph node,,Prelaryngeal lymph node,,false,false,,true
7648,198,P,9989/3,morphology,Preleukemia,,Preleukemia [obs],,true,false,,true
7649,198,P,9989/3,morphology,Preleukemic syndrome,,Preleukemic syndrome (C42.1) [obs],C42.1,true,false,,true
7650,198,P,9836/3,morphology,Pre-pre-B ALL (see also 9728/3),,Pre-pre-B ALL (see also 9728/3),,false,false,9728/3,true
7651,198,P,C60.0,topography,Prepuce,,Prepuce,,false,false,,true
7652,198,P,C16.4,topography,Prepylorus,,Prepylorus,,false,false,,true
7653,198,P,C76.3,topography,"Presacral region, NOS",,"Presacral region, NOS",,false,false,,true
7654,198,P,C77.5,topography,Presymphysial lymph node,,Presymphysial lymph node,,false,false,,true
7655,198,P,9837/3,morphology,Pre-T ALL (see also 9729/3),,Pre-T ALL (see also 9729/3),,false,false,9729/3,true
7656,198,P,C77.0,topography,Pretracheal lymph node,,Pretracheal lymph node,,false,false,,true
7657,198,P,9769/1,morphology,Primary,,amyloidosis,,false,false,,false
7658,198,P,9718/3,morphology,Primary,,cutaneous CD30+ T-cell lymphoproliferative disorder (C44._),,false,false,,false
7659,198,P,8247/3,morphology,Primary,,cutaneous neuroendocrine carcinoma (C44._),,false,false,,false
7660,198,P,9270/3,morphology,Primary,,intraosseous carcinoma (C41._),,false,false,,false
7661,198,P,9961/3,morphology,Primary,,myelofibrosis,,false,false,,false
7662,199,P,8461/3,morphology,Primary,,serous papillary carcinoma of peritoneum (C48.1),C48.1,false,false,,false
7663,199,P,,,Primary,,"/3 Primary site, malignant (see behavior code, section 4.3.3)",,false,false,,false
7664,199,P,C80.9,topography,Primary site unknown,,Primary site unknown,,false,false,,true
7665,199,P,9473/3,morphology,Primitive,,"neuroectodermal tumor, central, NOS (C71._)",,false,false,,false
7666,199,P,9473/3,morphology,Primitive,,"neuroectodermal tumor, NOS",,false,false,,false
7667,199,P,9364/3,morphology,Primitive,,"neuroectodermal tumor, peripheral,",,false,false,,false
7668,199,P,9423/3,morphology,Primitive,,polar spongioblastoma (C71._) [obs],,true,false,,false
7669,199,P,,,Primitive,,Primordial cyst (see SNOMED),,false,true,,false
7670,199,P,9836/3,morphology,Pro-B ALL (see also 9728/3),,Pro-B ALL (see also 9728/3),,false,false,9728/3,true
7671,199,P,8158/1,morphology,"Producing tumor, ACTH-",,"Producing tumor, ACTH-",,false,false,,true
7672,199,P,8152/1,morphology,"Producing tumor, pancreatic peptide and",,"Producing tumor, pancreatic peptide and pancreatic peptide-like peptide within terminal tyrosine amide",,false,false,,true
7673,199,P,8152/1,morphology,"Producing tumor, PP/PYY",,"Producing tumor, PP/PYY",,false,false,,true
7674,199,P,8141/3,morphology,"Productive fibrosis, carcinoma with",,"Productive fibrosis, carcinoma with",,false,false,,true
7675,199,P,9363/0,morphology,"Progonoma, melanotic",,"Progonoma, melanotic",,false,false,,true
7676,199,P,9751/3,morphology,"Progressive histiocytosis X, acute",,"Progressive histiocytosis X, acute [obs]",,true,false,,true
7677,199,P,8271/0,morphology,Prolactinoma,,Prolactinoma (C75.1),C75.1,false,false,,true
7678,199,P,9000/1,morphology,Proliferating,,Brenner tumor (C56.9),C56.9,false,false,,false
7679,199,P,8444/1,morphology,Proliferating,,"clear cell tumor, atypical (C56.9)",C56.9,false,false,,false
7680,199,P,8442/1,morphology,Proliferating,,"serous tumor, atypical (C56.9)",C56.9,false,false,,false
7681,199,P,8103/0,morphology,Proliferating,,trichilemmal cyst,,false,false,,false
7682,199,P,8103/0,morphology,Proliferating,,trichilemmal tumor,,false,false,,false
7683,199,P,8762/1,morphology,Proliferative,,dermal lesion in congenital nevus (C44._),,false,false,,false
7684,199,P,8380/1,morphology,Proliferative,,"endometrioid tumor, atypical",,false,false,,false
7685,199,P,8472/1,morphology,Proliferative,,"mucinous tumor, atypical (C56.9)",C56.9,false,false,,false
7686,199,P,8462/1,morphology,Proliferative,,"papillary serous tumor, atypical (C56.9)",C56.9,false,false,,false
7687,199,P,9950/3,morphology,Proliferative,,polycythemia,,false,false,,false
7688,199,P,C61.9,topography,Prostate gland,,Prostate gland,,false,false,,true
7689,199,P,C61.9,topography,"Prostate, NOS",,"Prostate, NOS",,false,false,,true
7690,199,P,8148/2,morphology,"Prostatic intraepithelial neoplasia, grade III C49.0 soft tissue",,"Prostatic intraepithelial neoplasia, grade III C49.0 soft tissue (C61.9)",C61.9,false,false,,true
7691,199,P,C68.0,topography,Prostatic utricle,,Prostatic utricle,,false,false,,true
7692,199,P,9837/3,morphology,Pro-T ALL (see also 9729/3),,Pro-T ALL (see also 9729/3),,false,false,9729/3,true
7693,199,P,9410/3,morphology,Protoplasmic astrocytoma (C71._),,Protoplasmic astrocytoma (C71._),,false,false,,true
7694,199,P,8832/3,morphology,"Protuberans, dermatofibrosarcoma, NOS",,"Protuberans, dermatofibrosarcoma, NOS (C44._)",,false,false,,true
7695,199,P,8833/3,morphology,"Protuberans, dermatofibrosarcoma,",,"Protuberans, dermatofibrosarcoma, pigmented (C44._)",,false,false,,true
7696,199,P,C15.3,topography,Proximal third of esophagus,,Proximal third of esophagus,,false,false,,true
7697,199,P,9533/0,morphology,Psammomatous,,meningioma (C70._),,false,false,,false
7698,199,P,9540/3,morphology,Psammomatous,,"MPNST, melanotic",,false,false,,false
7699,199,P,9560/0,morphology,Psammomatous,,schwannoma,,false,false,,false
7700,199,P,,,Psammomatous,,Pseudoepitheliomatous hyperplasia (see SNOMED),,false,true,,false
7701,199,P,8075/3,morphology,Pseudoglandular squamous cell carcinoma,,Pseudoglandular squamous cell carcinoma,,false,false,,true
7702,199,P,,,Pseudoglandular squamous cell carcinoma,,Pseudolymphoma (see SNOMED),,false,true,,false
7703,199,P,8470/3,morphology,Pseudomucinous,,adenocarcinoma (C56.9),C56.9,false,false,,false
7704,199,P,8470/3,morphology,Pseudomucinous,,"cystadenocarcinoma, NOS (C56.9)",C56.9,false,false,,false
7705,199,P,8471/3,morphology,Pseudomucinous,,"cystadenocarcinoma, papillary (C56.9)",C56.9,false,false,,false
7706,199,P,8470/0,morphology,Pseudomucinous,Cystadenoma,NOS (C56.9),C56.9,false,false,,false
7707,199,P,8472/1,morphology,Pseudomucinous,Cystadenoma,borderline malignancy (C56.9),C56.9,false,false,,false
7708,199,P,8473/1,morphology,Pseudomucinous,Cystadenoma,"papillary, borderline malignancy (C56.9)",C56.9,false,false,,false
7709,199,P,8471/0,morphology,Pseudomucinous,Cystadenoma,"papillary, NOS (C56.9)",C56.9,false,false,,false
7710,199,P,8480/6,morphology,Pseudomyxoma peritonei,,Pseudomyxoma peritonei,,false,false,,true
7711,199,P,8480/3,morphology,Pseudomyxoma peritonei with unknown,,Pseudomyxoma peritonei with unknown primary site (C80.9),C80.9,false,false,,true
7712,199,P,8452/3,morphology,"Pseudopapillary carcinoma, solid (C25._)",,"Pseudopapillary carcinoma, solid (C25._)",,false,false,,true
7713,199,P,8452/1,morphology,"Pseudopapillary tumor, solid (C25._)",,"Pseudopapillary tumor, solid (C25._)",,false,false,,true
7714,199,P,,,"Pseudopapillary tumor, solid (C25._)",,"Pseudopolyp, NOS (see SNOMED)",,false,true,,false
7715,199,P,,,"Pseudopapillary tumor, solid (C25._)",,Pseudosarcoma (see SNOMED),,false,true,,false
7716,199,P,8033/3,morphology,Pseudosarcomatous,,carcinoma,,false,false,,false
7717,199,P,,,Pseudosarcomatous,,fasciitis (see SNOMED),,false,true,,false
7718,199,P,,,Pseudosarcomatous,,fibromatosis (see SNOMED),,false,true,,false
7719,199,P,,,Pseudotumor,,NOS (see SNOMED),,false,true,,false
7720,199,P,,,Pseudotumor,,inflammatory (see SNOMED),,false,true,,false
7721,199,P,,,Pseudotumor,,plasma cell (see SNOMED),,false,true,,false
7722,199,P,C49.4,topography,Psoas muscle,,Psoas muscle,,false,false,,true
7723,199,P,C49.0,topography,Pterygoid fossa,,NOS,,false,false,,false
7724,199,P,C47.0,topography,Pterygoid fossa,,autonomic nervous system,,false,false,,false
7725,199,P,C49.0,topography,Pterygoid fossa,,connective tissue,,false,false,,false
7726,199,P,C49.0,topography,Pterygoid fossa,,fibrous tissue,,false,false,,false
7727,199,P,C47.0,topography,Pterygoid fossa,,peripheral nerve,,false,false,,false
7728,199,P,9971/1,morphology,"PTLD, NOS",,"PTLD, NOS",,false,false,,true
7729,199,P,C41.4,topography,Pubic bone,,Pubic bone,,false,false,,true
7730,199,P,C51.9,topography,Pudendum,,Pudendum,,false,false,,true
7731,199,P,C34.9,topography,Pulmonary,,NOS,,false,false,,false
7732,199,P,C77.1,topography,Pulmonary,,"lymph node, hilar",,false,false,,false
7733,199,P,C77.1,topography,Pulmonary,,"lymph node, NOS",,false,false,,false
7734,200,P,8250/1,morphology,Pulmonary adenomatosis (C34._),,Pulmonary adenomatosis (C34._),,false,false,,true
7735,200,P,8972/3,morphology,Pulmonary blastoma (C34._),,Pulmonary blastoma (C34._),,false,false,,true
7736,200,P,C71.0,topography,Putamen,,Putamen,,false,false,,true
7737,200,P,C16.3,topography,Pyloric,,antrum,,false,false,,false
7738,200,P,C16.4,topography,Pyloric,,canal,,false,false,,false
7739,200,P,C77.2,topography,Pyloric,,lymph node,,false,false,,false
7740,200,P,C16.4,topography,Pylorus,,Pylorus,,false,false,,true
7741,200,P,,,Pylorus,,Pyogenic granuloma (see SNOMED),,false,true,,false
7742,200,P,C71.7,topography,Pyramid,,Pyramid,,false,false,,true
7743,200,P,C12.9,topography,Pyriform fossa,,Pyriform fossa,,false,false,,true
7744,200,P,C12.9,topography,Pyriform sinus,,Pyriform sinus,,false,false,,true
7745,200,Q,C49.2,topography,Quadriceps femoris muscle,,Quadriceps femoris muscle,,false,false,,true
7746,200,Q,8076/2,morphology,"Questionable stromal invasion, epidermoid",,"Questionable stromal invasion, epidermoid carcinoma in situ with",,false,false,,true
7747,200,Q,8076/2,morphology,"Questionable stromal invasion, squamous",,"Questionable stromal invasion, squamous cell carcinoma in situ with",,false,false,,true
7748,200,Q,8080/2,morphology,Queyrat erythroplasia (C60._),,Queyrat erythroplasia (C60._),,false,false,,true
7749,200,R,9123/0,morphology,Racemose hemangioma,,Racemose hemangioma,,false,false,,true
7750,200,R,C49.1,topography,Radial artery,,Radial artery,,false,false,,true
7751,200,R,C47.1,topography,Radial nerve,,Radial nerve,,false,false,,true
7752,200,R,,,Radial nerve,,Radicular cyst (see SNOMED),,false,true,,false
7753,200,R,C40.0,topography,Radius,,Radius,,false,false,,true
7754,200,R,9983/3,morphology,RAEB,,RAEB (C42.1),C42.1,false,false,,true
7755,200,R,9983/3,morphology,RAEB I,,RAEB I (C42.1),C42.1,false,false,,true
7756,200,R,9983/3,morphology,RAEB II,,RAEB II (C42.1),C42.1,false,false,,true
7757,200,R,9984/3,morphology,RAEB-T,,RAEB-T (C42.1),C42.1,false,false,,true
7758,200,R,9982/3,morphology,RARS,,RARS (C42.1),C42.1,false,false,,true
7759,200,R,C75.1,topography,Rathke pouch,,Rathke pouch,,false,false,,true
7760,200,R,9350/1,morphology,Rathke pouch tumor,,Rathke pouch tumor (C75.1),C75.1,false,false,,true
7761,200,R,9965/3,morphology,"Rearrangement, PDGFRA, myeloid and",,"Rearrangement, PDGFRA, myeloid and lymphoid neoplasms with",,false,false,,true
7762,200,R,9966/3,morphology,"Rearrangement, PDGFRB, myeloid and",,"Rearrangement, PDGFRB, myeloid and lymphoid neoplasms with",,false,false,,true
7763,200,R,9540/1,morphology,Recklinghausen disease (except of bone),,Recklinghausen disease (except of bone),,false,false,,true
7764,200,R,,,Recklinghausen disease (except of bone),,Recklinghausen disease of bone (see SNOMED),,false,true,,false
7765,200,R,C20.9,topography,Rectal ampulla,,Rectal ampulla,,false,false,,true
7766,200,R,C19.9,topography,Rectosigmoid,,NOS,,false,false,,false
7767,200,R,C19.9,topography,Rectosigmoid,,colon,,false,false,,false
7768,200,R,C19.9,topography,Rectosigmoid,,junction,,false,false,,false
7769,200,R,C48.1,topography,Rectouterine pouch,,Rectouterine pouch,,false,false,,true
7770,200,R,C76.3,topography,Rectovaginal septum,,Rectovaginal septum,,false,false,,true
7771,200,R,C76.3,topography,Rectovesical septum,,Rectovesical septum,,false,false,,true
7772,200,R,C19.9,topography,Rectum and colon,,Rectum and colon,,false,false,,true
7773,200,R,C20.9,topography,"Rectum, NOS",,"Rectum, NOS",,false,false,,true
7774,200,R,C49.4,topography,Rectus abdominis muscle,,Rectus abdominis muscle,,false,false,,true
7775,200,R,8770/0,morphology,Reed pigmented spindle cell nevus (C44._),,Reed pigmented spindle cell nevus (C44._),,false,false,,true
7776,200,R,9985/3,morphology,Refractory,,cytopenia of childhood,,false,false,,false
7777,200,R,9985/3,morphology,Refractory,,cytopenia with multilineage dysplasia,,false,false,,false
7778,200,R,9991/3,morphology,Refractory,,neutropenia,,false,false,,false
7779,200,R,9992/3,morphology,Refractory,,thrombocytopenia,,false,false,,false
7780,200,R,9980/3,morphology,Refractory anemia (C42.1),,NOS,,false,false,,false
7781,200,R,9984/3,morphology,Refractory anemia (C42.1),,with excess blasts in transformation (RAEB-T) [obs],,true,false,,false
7782,200,R,9983/3,morphology,Refractory anemia (C42.1),,with excess blasts (RAEB),,false,false,,false
7783,200,R,9980/3,morphology,Refractory anemia (C42.1),,without sideroblasts,,false,false,,false
7784,200,R,9982/3,morphology,Refractory anemia (C42.1),,with ringed sideroblasts (RARS),,false,false,,false
7785,200,R,9982/3,morphology,Refractory anemia (C42.1),,with ring sideroblasts associated with marked thrombocytosis,,false,false,,false
7786,200,R,9982/3,morphology,Refractory anemia (C42.1),,with sideroblasts,,false,false,,false
7787,200,R,9395/3,morphology,"Region, papillary tumor of pineal",,"Region, papillary tumor of pineal",,false,false,,true
7788,200,R,9514/1,morphology,"Regressed, spontaneously, retinoblastoma",,"Regressed, spontaneously, retinoblastoma (C69.2)",C69.2,false,false,,true
7789,200,R,8723/3,morphology,Regressing malignant melanoma (C44._),,Regressing malignant melanoma (C44._),,false,false,,true
7790,200,R,8723/0,morphology,Regressing nevus (C44._),,Regressing nevus (C44._),,false,false,,true
7791,200,R,C71.0,topography,"Reil, island of",,"Reil, island of",,false,false,,true
7792,200,R,C71.0,topography,"Reil, organ of",,"Reil, organ of",,false,false,,true
7793,200,R,8312/3,morphology,Renal cell,,adenocarcinoma (C64.9),C64.9,false,false,,false
7794,200,R,8312/3,morphology,Renal cell,Carcinoma,NOS (C64.9),C64.9,false,false,,false
7795,200,R,8317/3,morphology,Renal cell,Carcinoma,chromophobe type (C64.9),C64.9,false,false,,false
7796,200,R,8316/3,morphology,Renal cell,Carcinoma,cyst-associated (C64.9),C64.9,false,false,,false
7797,200,R,8260/3,morphology,Renal cell,Carcinoma,papillary (C64.9),C64.9,false,false,,false
7798,200,R,8318/3,morphology,Renal cell,Carcinoma,sarcomatoid (C64.9),C64.9,false,false,,false
7799,200,R,8318/3,morphology,Renal cell,Carcinoma,spindle cell (C64.9),C64.9,false,false,,false
7800,200,R,8317/3,morphology,Renal (morphology),,"carcinoma, chromophobe cell (C64.9)",C64.9,false,false,,false
7801,200,R,8319/3,morphology,Renal (morphology),,"carcinoma, collecting duct type (C64.9)",C64.9,false,false,,false
7802,200,R,8967/0,morphology,Renal (morphology),,"tumor, ossifying (C64.9)",C64.9,false,false,,false
7803,200,R,C64.9,topography,Renal (topography),,NOS,,false,false,,false
7804,200,R,C49.4,topography,Renal (topography),,artery,,false,false,,false
7805,200,R,C65.9,topography,Renal (topography),,calyces,,false,false,,false
7806,200,R,C65.9,topography,Renal (topography),,calyx,,false,false,,false
7807,200,R,C65.9,topography,Renal (topography),,pelvis,,false,false,,false
7808,201,R,8361/0,morphology,Reninoma,,Reninoma (C64.9),C64.9,false,false,,true
7809,201,R,8966/0,morphology,Renomedullary fibroma,,Renomedullary fibroma (C64.9),C64.9,false,false,,true
7810,201,R,8966/0,morphology,Renomedullary interstitial cell tumor,,Renomedullary interstitial cell tumor (C64.9),C64.9,false,false,,true
7811,201,R,8041/3,morphology,Reserve cell carcinoma,,Reserve cell carcinoma,,false,false,,true
7812,201,R,C39.9,topography,"Respiratory tract, NOS",,"Respiratory tract, NOS",,false,false,,true
7813,201,R,C39.0,topography,"Respiratory tract, upper, NOS",,"Respiratory tract, upper, NOS",,false,false,,true
7814,201,R,,,Rest,,"embryonal, NOS (see SNOMED)",,false,true,,false
7815,201,R,8671/0,morphology,Rest,,"tumor, adrenal",,false,false,,false
7816,201,R,,,Rest,,Walthard (see SNOMED),,false,true,,false
7817,201,R,C62.0,topography,Retained testis (site of neoplasm),,Retained testis (site of neoplasm),,false,false,,true
7818,201,R,9759/3,morphology,"Reticular cell tumor, fibroblastic",,"Reticular cell tumor, fibroblastic",,false,false,,true
7819,201,R,C42.3,topography,"Reticuloendothelial system, NOS",,"Reticuloendothelial system, NOS",,false,false,,true
7820,201,R,9940/3,morphology,"Reticuloendotheliosis, leukemic",,"Reticuloendotheliosis, leukemic",,false,false,,true
7821,201,R,9751/3,morphology,"Reticuloendotheliosis, nonlipid",,"Reticuloendotheliosis, nonlipid [obs]",,true,false,,true
7822,201,R,,,"Reticuloendotheliosis, nonlipid",,Reticulohistiocytic granuloma (see SNOMED),,false,true,,false
7823,201,R,8831/0,morphology,Reticulohistiocytoma,,Reticulohistiocytoma,,false,false,,true
7824,201,R,9591/3,morphology,"Reticulosarcoma, diffuse",,"Reticulosarcoma, diffuse [obs]",,true,false,,true
7825,201,R,9591/3,morphology,"Reticulosarcoma, NOS",,"Reticulosarcoma, NOS [obs]",,true,false,,true
7826,201,R,9750/3,morphology,Reticulosis,,histiocytic medullary [obs],,true,false,,false
7827,201,R,9719/3,morphology,Reticulosis,,malignant midline [obs],,true,false,,false
7828,201,R,9719/3,morphology,Reticulosis,,"malignant, NOS [obs]",,true,false,,false
7829,201,R,9700/3,morphology,Reticulosis,,Pagetoid,,false,false,,false
7830,201,R,9719/3,morphology,Reticulosis,,polymorphic [obs],,true,false,,false
7831,201,R,9591/3,morphology,"Reticulum cell sarcoma, diffuse",,"Reticulum cell sarcoma, diffuse [obs]",,true,false,,true
7832,201,R,9591/3,morphology,"Reticulum cell sarcoma, NOS",,"Reticulum cell sarcoma, NOS [obs]",,true,false,,true
7833,201,R,8633/1,morphology,Retiform Sertoli-Leydig cell tumor,,Retiform Sertoli-Leydig cell tumor,,false,false,,true
7834,201,R,8634/1,morphology,"Retiform Sertoli-Leydig cell tumor, with",,"Retiform Sertoli-Leydig cell tumor, with heterologous elements",,false,false,,true
7835,201,R,C69.2,topography,Retina,,Retina,,false,false,,true
7836,201,R,9363/0,morphology,Retinal anlage tumor,,Retinal anlage tumor,,false,false,,true
7837,201,R,9510/3,morphology,Retinoblastoma,,NOS (C69.2),C69.2,false,false,,false
7838,201,R,9511/3,morphology,Retinoblastoma,,differentiated (C69.2),C69.2,false,false,,false
7839,201,R,9513/3,morphology,Retinoblastoma,,diffuse (C69.2),C69.2,false,false,,false
7840,201,R,9514/1,morphology,Retinoblastoma,,spontaneously regressed (C69.2),C69.2,false,false,,false
7841,201,R,9512/3,morphology,Retinoblastoma,,undifferentiated (C69.2),C69.2,false,false,,false
7842,201,R,9510/0,morphology,Retinocytoma,,Retinocytoma (C69.2),C69.2,false,false,,true
7843,201,R,C69.6,topography,Retrobulbar tissue,,Retrobulbar tissue,,false,false,,true
7844,201,R,C48.0,topography,Retrocecal tissue,,Retrocecal tissue,,false,false,,true
7845,201,R,C06.2,topography,Retromolar,,area,,false,false,,false
7846,201,R,C06.2,topography,Retromolar,,triangle,,false,false,,false
7847,201,R,C06.2,topography,Retromolar,,trigone,,false,false,,false
7848,201,R,8822/1,morphology,Retroperitoneal fibromatosis,,Retroperitoneal fibromatosis (C48.0),C48.0,false,false,,true
7849,201,R,C77.2,topography,Retroperitoneal lymph node,,Retroperitoneal lymph node,,false,false,,true
7850,201,R,C48.0,topography,Retroperitoneal tissue,,Retroperitoneal tissue,,false,false,,true
7851,201,R,C48.0,topography,Retroperitoneum,,Retroperitoneum,,false,false,,true
7852,201,R,C77.0,topography,Retropharyngeal lymph node,,Retropharyngeal lymph node,,false,false,,true
7853,201,R,C14.0,topography,Retropharynx,,Retropharynx,,false,false,,true
7854,201,R,9538/3,morphology,Rhabdoid,,meningioma (C70._),,false,false,,false
7855,201,R,8014/3,morphology,Rhabdoid,,"phenotype, large cell carcinoma with",,false,false,,false
7856,201,R,8963/3,morphology,Rhabdoid,,sarcoma,,false,false,,false
7857,201,R,8963/3,morphology,Rhabdoid,,"tumor, malignant",,false,false,,false
7858,201,R,8963/3,morphology,Rhabdoid,,"tumor, NOS",,false,false,,false
7859,201,R,9508/3,morphology,"Rhabdoid/teratoid tumor, atypical (C71._)",,"Rhabdoid/teratoid tumor, atypical (C71._)",,false,false,,true
7860,201,R,9561/3,morphology,Rhabdomyoblastic differentiation,,malignant peripheral nerve sheath tumor with,,false,false,,false
7861,201,R,9561/3,morphology,Rhabdomyoblastic differentiation,,malignant schwannoma with,,false,false,,false
7862,201,R,9561/3,morphology,Rhabdomyoblastic differentiation,,MPNST with,,false,false,,false
7863,201,R,8900/0,morphology,Rhabdomyoma,,NOS,,false,false,,false
7864,201,R,8904/0,morphology,Rhabdomyoma,,adult,,false,false,,false
7865,201,R,8903/0,morphology,Rhabdomyoma,,fetal,,false,false,,false
7866,201,R,8905/0,morphology,Rhabdomyoma,,"genital (C51._, C52.9)",,false,false,,false
7867,201,R,8904/0,morphology,Rhabdomyoma,,glycogenic,,false,false,,false
7868,201,R,8900/3,morphology,Rhabdomyosarcoma,,NOS,,false,false,,false
7869,201,R,8901/3,morphology,Rhabdomyosarcoma,,adult type,,false,false,,false
7870,201,R,8920/3,morphology,Rhabdomyosarcoma,,alveolar,,false,false,,false
7871,201,R,8902/3,morphology,Rhabdomyosarcoma,,"alveolar and embryonal, mixed",,false,false,,false
7872,201,R,8910/3,morphology,Rhabdomyosarcoma,,"embryonal, NOS",,false,false,,false
7873,201,R,8910/3,morphology,Rhabdomyosarcoma,,"embryonal, pleomorphic",,false,false,,false
7874,201,R,8902/3,morphology,Rhabdomyosarcoma,,mixed embryonal and alveolar,,false,false,,false
7875,201,R,8902/3,morphology,Rhabdomyosarcoma,,mixed type,,false,false,,false
7876,201,R,8901/3,morphology,Rhabdomyosarcoma,,"pleomorphic, NOS",,false,false,,false
7877,201,R,8912/3,morphology,Rhabdomyosarcoma,,spindle cell,,false,false,,false
7878,201,R,8921/3,morphology,Rhabdomyosarcoma,,with ganglionic differentiation,,false,false,,false
7879,201,R,8900/3,morphology,Rhabdosarcoma,,Rhabdosarcoma,,false,false,,true
7880,201,R,C71.0,topography,Rhinencephalon,,Rhinencephalon,,false,false,,true
7881,201,R,C41.3,topography,Rib,,Rib,,false,false,,true
7882,201,R,C18.2,topography,Right colon,,Right colon,,false,false,,true
7883,201,R,9982/3,morphology,"Ringed sideroblasts, refractory anemia with",,"Ringed sideroblasts, refractory anemia with",,false,false,,true
7884,201,R,9982/3,morphology,"Ring sideroblasts, refractory anemia with,",,"Ring sideroblasts, refractory anemia with, associated with marked thrombocytosis",,false,false,,true
7885,201,R,8090/3,morphology,Rodent ulcer (C44._),,Rodent ulcer (C44._),,false,false,,true
7886,201,R,C05.9,topography,Roof of mouth,,Roof of mouth,,false,false,,true
7887,201,R,C11.0,topography,Roof of nasopharynx,,Roof of nasopharynx,,false,false,,true
7888,201,R,C01.9,topography,Root of tongue,,Root of tongue,,false,false,,true
7889,201,R,C11.2,topography,Rosenmuller fossa,,Rosenmuller fossa,,false,false,,true
7890,201,R,C77.4,topography,Rosenmuller lymph node,,Rosenmuller lymph node,,false,false,,true
7891,201,R,9509/1,morphology,Rosette-forming glioneuronal tumor,,Rosette-forming glioneuronal tumor,,false,false,,true
7892,202,R,8041/3,morphology,Round cell,,carcinoma,,false,false,,false
7893,202,R,8853/3,morphology,Round cell,,liposarcoma,,false,false,,false
7894,202,R,9185/3,morphology,Round cell,,"osteosarcoma (C40._, C41._)",,false,false,,false
7895,202,R,8803/3,morphology,Round cell,,sarcoma,,false,false,,false
7896,202,R,8806/3,morphology,Round cell,,"tumor, desmoplastic small",,false,false,,false
7897,202,R,C57.2,topography,Round ligament,,Round ligament,,false,false,,true
7898,202,R,9950/3,morphology,"Rubra vera, polycythemia",,"Rubra vera, polycythemia",,false,false,,true
7899,202,R,,,"Rubra vera, polycythemia",,"Rugal hypertrophy, giant (see SNOMED)",,false,true,,false
7900,202,S,C69.5,topography,"Sac, lacrimal",,"Sac, lacrimal",,false,false,,true
7901,202,S,C72.0,topography,Sacral,,cord,,false,false,,false
7902,202,S,C77.5,topography,Sacral,,lymph node,,false,false,,false
7903,202,S,C47.5,topography,Sacral,,nerve,,false,false,,false
7904,202,S,C47.5,topography,Sacral,,plexus,,false,false,,false
7905,202,S,C76.3,topography,Sacrococcygeal region,,NOS,,false,false,,false
7906,202,S,C44.5,topography,Sacrococcygeal region,,"NOS (carcinoma, melanoma, nevus)",,false,false,,false
7907,202,S,C49.5,topography,Sacrococcygeal region,,"NOS (sarcoma, lipoma)",,false,false,,false
7908,202,S,C49.5,topography,Sacrococcygeal region,,adipose tissue,,false,false,,false
7909,202,S,C47.5,topography,Sacrococcygeal region,,autonomic nervous system,,false,false,,false
7910,202,S,C49.5,topography,Sacrococcygeal region,,connective tissue,,false,false,,false
7911,202,S,C49.5,topography,Sacrococcygeal region,,fatty tissue,,false,false,,false
7912,202,S,C49.5,topography,Sacrococcygeal region,,fibrous tissue,,false,false,,false
7913,202,S,C49.5,topography,Sacrococcygeal region,,muscle,,false,false,,false
7914,202,S,C47.5,topography,Sacrococcygeal region,,peripheral nerve,,false,false,,false
7915,202,S,C49.5,topography,Sacrococcygeal region,,skeletal muscle,,false,false,,false
7916,202,S,C44.5,topography,Sacrococcygeal region,,skin,,false,false,,false
7917,202,S,C49.5,topography,Sacrococcygeal region,,soft tissue,,false,false,,false
7918,202,S,C49.5,topography,Sacrococcygeal region,,subcutaneous tissue,,false,false,,false
7919,202,S,C41.4,topography,Sacrum,,Sacrum,,false,false,,true
7920,202,S,C08.9,topography,Salivary gland,,"NOS (excludes minor salivary gland, 9140/3 hemorrhagic, multiple NOS C06.9; see coding guidelines, section 4.3.5, pseudo-topographic morphology terms, and note under C08)",,false,false,,false
7921,202,S,C08.9,topography,Salivary gland,,"major, NOS",,false,false,,false
7922,202,S,C06.9,topography,Salivary gland,,"minor, NOS (see coding guidelines, section 4.3.5, pseudo-topographic morphology terms, and note under C08)",,false,false,,false
7923,202,S,8940/3,morphology,"Salivary gland type mixed tumor, malignant",,"Salivary gland type mixed tumor, malignant (C07._, C08._)",,false,false,,true
7924,202,S,8940/0,morphology,"Salivary gland type mixed tumor, NOS",,"Salivary gland type mixed tumor, NOS (C07._, C08._)",,false,false,,true
7925,202,S,,,"Salivary gland type mixed tumor, NOS",,Salpingitis isthmica nodosa (see SNOMED),,false,true,,false
7926,202,S,9699/3,morphology,SALT lymphoma,,SALT lymphoma,,false,false,,true
7927,202,S,C25.3,topography,Santorini duct,,Santorini duct,,false,false,,true
7928,202,S,,,Santorini duct,,Sarcoid granuloma (see SNOMED),,false,true,,false
7929,202,S,8800/3,morphology,Sarcoma,,NOS,,false,false,,false
7930,202,S,9581/3,morphology,Sarcoma,,alveolar soft part,,false,false,,false
7931,202,S,9330/3,morphology,Sarcoma,,ameloblastic (C41._),,false,false,,false
7932,202,S,9471/3,morphology,Sarcoma,,"arachnoidal cerebellar, circumscribed (C71.6) [obs]",C71.6,true,false,,false
7933,202,S,8910/3,morphology,Sarcoma,,botryoid,,false,false,,false
7934,202,S,8910/3,morphology,Sarcoma,,botryoides,,false,false,,false
7935,202,S,9480/3,morphology,Sarcoma,,"cerebellar, NOS (C71.6) [obs]",C71.6,true,false,,false
7936,202,S,9471/3,morphology,Sarcoma,,circumscribed arachnoidal cerebellar (C71.6) [obs],C71.6,true,false,,false
7937,202,S,9044/3,morphology,Sarcoma,Clear cell,NOS (except of kidney 8964/3),,false,false,,false
7938,202,S,8964/3,morphology,Sarcoma,Clear cell,of kidney (C64.9),C64.9,false,false,,false
7939,202,S,9044/3,morphology,Sarcoma,Clear cell,of tendons and aponeuroses (C49._),,false,false,,false
7940,202,S,9757/3,morphology,Sarcoma,Dendritic cell,NOS,,false,false,,false
7941,202,S,9758/3,morphology,Sarcoma,Dendritic cell,follicular,,false,false,,false
7942,202,S,9757/3,morphology,Sarcoma,Dendritic cell,interdigitating,,false,false,,false
7943,202,S,8991/3,morphology,Sarcoma,,embryonal,,false,false,,false
7944,202,S,8930/3,morphology,Sarcoma,,"endometrial, NOS (C54.1)",C54.1,false,false,,false
7945,202,S,8930/3,morphology,Sarcoma,Endometrial stromal,NOS (C54.1),C54.1,false,false,,false
7946,202,S,8930/3,morphology,Sarcoma,Endometrial stromal,high grade (C54.1),C54.1,false,false,,false
7947,202,S,8931/3,morphology,Sarcoma,Endometrial stromal,low grade (C54.1),C54.1,false,false,,false
7948,202,S,8804/3,morphology,Sarcoma,,epithelioid,,false,false,,false
7949,202,S,8804/3,morphology,Sarcoma,,epithelioid cell,,false,false,,false
7950,202,S,9260/3,morphology,Sarcoma,,"Ewing (C40._, C41._)",,false,false,,false
7951,202,S,9758/3,morphology,Sarcoma,,follicular dendritic cell,,false,false,,false
7952,202,S,8936/3,morphology,Sarcoma,,gastrointestinal stromal,,false,false,,false
7953,202,S,9250/3,morphology,Sarcoma,,"giant cell, bone (C40._, C41._)",,false,false,,false
7954,202,S,8802/3,morphology,Sarcoma,,giant cell (except of bone 9250/3),,false,false,,false
7955,202,S,8710/3,morphology,Sarcoma,,glomoid,,false,false,,false
7956,202,S,9930/3,morphology,Sarcoma,,granulocytic,,false,false,,false
7957,202,S,9130/3,morphology,Sarcoma,,hemangioendothelial,,false,false,,false
7958,202,S,9755/3,morphology,Sarcoma,,histiocytic,,false,false,,false
7959,202,S,9662/3,morphology,Sarcoma,,Hodgkin [obs],,true,false,,false
7960,202,S,9684/3,morphology,Sarcoma,,immunoblastic [obs],,true,false,,false
7961,202,S,9757/3,morphology,Sarcoma,,interdigitating cell,,false,false,,false
7962,202,S,9757/3,morphology,Sarcoma,,interdigitating dendritic cell,,false,false,,false
7963,202,S,9140/3,morphology,Sarcoma,,Kaposi,,false,false,,false
7964,202,S,9124/3,morphology,Sarcoma,,Kupffer cell (C22.0),C22.0,false,false,,false
7965,202,S,9756/3,morphology,Sarcoma,,Langerhans cell,,false,false,,false
7966,202,S,9530/3,morphology,Sarcoma,,leptomeningeal (C70._),,false,false,,false
7967,202,S,9170/3,morphology,Sarcoma,,lymphangioendothelial (C70._),,false,false,,false
7968,202,S,9740/3,morphology,Sarcoma,,mast cell,,false,false,,false
7969,202,S,9530/3,morphology,Sarcoma,,meningeal (C70._),,false,false,,false
7970,202,S,9530/3,morphology,Sarcoma,,meningothelial (C70._),,false,false,,false
7971,202,S,8990/3,morphology,Sarcoma,,"mesenchymal, mixed",,false,false,,false
7972,202,S,9441/3,morphology,Sarcoma,,monstrocellular [obs] (C71._),,true,false,,false
7973,202,S,9140/3,morphology,Sarcoma,,multiple hemorrhagic,,false,false,,false
7974,203,S,9930/3,morphology,Sarcoma,,myeloid (see also 9861/3),,false,false,9861/3,false
7975,203,S,9540/3,morphology,Sarcoma,,neurogenic [obs],,true,false,,false
7976,203,S,9270/3,morphology,Sarcoma,,odontogenic (C41._),,false,false,,false
7977,203,S,9180/3,morphology,Sarcoma,,"osteoblastic (C40._, C41._)",,false,false,,false
7978,203,S,9180/3,morphology,Sarcoma,,"osteogenic, NOS (C40._, C41._)",,false,false,,false
7979,203,S,8812/3,morphology,Sarcoma,,"periosteal, NOS (C40._, C41._)",,false,false,,false
7980,203,S,8802/3,morphology,Sarcoma,,pleomorphic cell,,false,false,,false
7981,203,S,9591/3,morphology,Sarcoma,,"reticulum cell, diffuse [obs]",,true,false,,false
7982,203,S,9591/3,morphology,Sarcoma,,"reticulum cell, NOS [obs]",,true,false,,false
7983,203,S,8963/3,morphology,Sarcoma,,rhabdoid,,false,false,,false
7984,203,S,8803/3,morphology,Sarcoma,,round cell,,false,false,,false
7985,203,S,8803/3,morphology,Sarcoma,,small cell,,false,false,,false
7986,203,S,8800/3,morphology,Sarcoma,,soft tissue,,false,false,,false
7987,203,S,8801/3,morphology,Sarcoma,,spindle cell,,false,false,,false
7988,203,S,8935/3,morphology,Sarcoma,Stromal,NOS Endometrial,,false,false,,false
7989,203,S,8930/3,morphology,Sarcoma,Stromal,NOS (C54.1),C54.1,false,false,,false
7990,203,S,8930/3,morphology,Sarcoma,Stromal,high grade (C54.1),C54.1,false,false,,false
7991,203,S,8931/3,morphology,Sarcoma,Stromal,low grade (C54.1),C54.1,false,false,,false
7992,203,S,8936/3,morphology,Sarcoma,Stromal,gastrointestinal,,false,false,,false
7993,203,S,9040/3,morphology,Sarcoma,Synovial,NOS,,false,false,,false
7994,203,S,9043/3,morphology,Sarcoma,Synovial,biphasic,,false,false,,false
7995,203,S,9042/3,morphology,Sarcoma,Synovial,epithelioid cell,,false,false,,false
7996,203,S,9041/3,morphology,Sarcoma,Synovial,monophasic fibrous,,false,false,,false
7997,203,S,9041/3,morphology,Sarcoma,Synovial,spindle cell,,false,false,,false
7998,203,S,8805/3,morphology,Sarcoma,,undifferentiated,,false,false,,false
7999,203,S,8033/3,morphology,Sarcomatoid,Carcinoma,NOS,,false,false,,false
8000,203,S,8173/3,morphology,Sarcomatoid,Carcinoma,hepatocellular (C22.0),C22.0,false,false,,false
8001,203,S,8318/3,morphology,Sarcomatoid,Carcinoma,renal cell (C64.9),C64.9,false,false,,false
8002,203,S,8074/3,morphology,Sarcomatoid,Carcinoma,squamous cell,,false,false,,false
8003,203,S,8620/3,morphology,Sarcomatoid,,granulosa cell tumor (C56.9),C56.9,false,false,,false
8004,203,S,9051/3,morphology,Sarcomatoid,,mesothelioma,,false,false,,false
8005,203,S,8318/3,morphology,Sarcomatoid,,renal cell carcinoma (C64.9),C64.9,false,false,,false
8006,203,S,8631/3,morphology,Sarcomatoid,,Sertoli-Leydig cell tumor,,false,false,,false
8007,203,S,8074/3,morphology,Sarcomatoid,,squamous cell carcinoma,,false,false,,false
8008,203,S,8122/3,morphology,Sarcomatoid,,transitional cell carcinoma,,false,false,,false
8009,203,S,9539/3,morphology,"Sarcomatosis, meningeal (C70._)",,"Sarcomatosis, meningeal (C70._)",,false,false,,true
8010,203,S,8800/9,morphology,"Sarcomatosis, NOS",,"Sarcomatosis, NOS",,false,false,,true
8011,203,S,9442/3,morphology,"Sarcomatous component, glioblastoma with",,"Sarcomatous component, glioblastoma with (C71._)",,false,false,,true
8012,203,S,C77.0,topography,Scalene lymph node,,Scalene lymph node,,false,false,,true
8013,203,S,C44.4,topography,Scalp,,NOS,,false,false,,false
8014,203,S,C44.4,topography,Scalp,,"NOS (carcinoma, melanoma, nevus) 8141/3 carcinoma",,false,false,,false
8015,203,S,C49.0,topography,Scalp,,"NOS (sarcoma, lipoma)",,false,false,,false
8016,203,S,C49.0,topography,Scalp,,adipose tissue,,false,false,,false
8017,203,S,C47.0,topography,Scalp,,autonomic nervous system,,false,false,,false
8018,203,S,C49.0,topography,Scalp,,connective tissue,,false,false,,false
8019,203,S,C49.0,topography,Scalp,,fatty tissue,,false,false,,false
8020,203,S,C49.0,topography,Scalp,,fibrous tissue,,false,false,,false
8021,203,S,C49.0,topography,Scalp,,muscle,,false,false,,false
8022,203,S,C47.0,topography,Scalp,,peripheral nerve,,false,false,,false
8023,203,S,C49.0,topography,Scalp,,skeletal muscle,,false,false,,false
8024,203,S,C44.4,topography,Scalp,,skin,,false,false,,false
8025,203,S,C49.0,topography,Scalp,,soft tissue,,false,false,,false
8026,203,S,C49.0,topography,Scalp,,subcutaneous tissue,,false,false,,false
8027,203,S,C40.0,topography,Scapula,,Scapula,,false,false,,true
8028,203,S,C76.1,topography,Scapular region,,NOS,,false,false,,false
8029,203,S,C44.5,topography,Scapular region,,"NOS (carcinoma, melanoma, nevus)",,false,false,,false
8030,203,S,C49.3,topography,Scapular region,,"NOS (sarcoma, lipoma)",,false,false,,false
8031,203,S,C49.3,topography,Scapular region,,adipose tissue,,false,false,,false
8032,203,S,C47.3,topography,Scapular region,,autonomic nervous system,,false,false,,false
8033,203,S,C49.3,topography,Scapular region,,connective tissue,,false,false,,false
8034,203,S,C49.3,topography,Scapular region,,fatty tissue,,false,false,,false
8035,203,S,C49.3,topography,Scapular region,,fibrous tissue,,false,false,,false
8036,203,S,C47.3,topography,Scapular region,,peripheral nerve,,false,false,,false
8037,203,S,C44.5,topography,Scapular region,,skin,,false,false,,false
8038,203,S,C49.3,topography,Scapular region,,soft tissue,,false,false,,false
8039,203,S,C49.3,topography,Scapular region,,subcutaneous tissue,,false,false,,false
8040,203,S,,,Scapular region,,"Scar, hyperplastic (see SNOMED)",,false,true,,false
8041,203,S,8082/3,morphology,Schmincke tumor (C11._),,Schmincke tumor (C11._),,false,false,,true
8042,203,S,8121/3,morphology,Schneiderian,,"carcinoma (C30.0, C31._)",,false,false,,false
8043,203,S,8121/0,morphology,Schneiderian,Papilloma,"NOS (C30.0, C31._)",,false,false,,false
8044,203,S,8121/1,morphology,Schneiderian,Papilloma,"inverted (C30.0, C31._)",,false,false,,false
8045,203,S,8121/1,morphology,Schneiderian,Papilloma,"oncocytic (C30.0, C31._)",,false,false,,false
8046,203,S,9560/0,morphology,Schwannoma,,NOS,,false,false,,false
8047,203,S,9560/0,morphology,Schwannoma,,ancient,,false,false,,false
8048,203,S,9560/0,morphology,Schwannoma,,cellular,,false,false,,false
8049,203,S,9560/0,morphology,Schwannoma,,degenerated,,false,false,,false
8050,203,S,9560/3,morphology,Schwannoma,,"malignant, NOS [obs]",,true,false,,false
8051,203,S,9561/3,morphology,Schwannoma,,"malignant, with rhabdomyoblastic differentiation",,false,false,,false
8052,203,S,9560/0,morphology,Schwannoma,,melanotic,,false,false,,false
8053,203,S,9560/0,morphology,Schwannoma,,pigmented,,false,false,,false
8054,203,S,9560/0,morphology,Schwannoma,,plexiform,,false,false,,false
8055,203,S,9560/0,morphology,Schwannoma,,psammomatous,,false,false,,false
8056,203,S,9561/3,morphology,Schwannoma,,"with rhabdomyoblastic differentiation, malignant",,false,false,,false
8057,203,S,C47.2,topography,Sciatic nerve,,Sciatic nerve,,false,false,,true
8058,203,S,8141/3,morphology,Scirrhous,,adenocarcinoma,,false,false,,false
8059,203,S,8172/3,morphology,Scirrhous,,"carcinoma, hepatocellular (C22.0)",C22.0,false,false,,false
8060,203,S,C69.4,topography,Sclera,,Sclera,,false,false,,true
8061,204,S,8350/3,morphology,Sclerosing,,"adenocarcinoma, nonencapsulated (C73.9)",C73.9,false,false,,false
8062,204,S,,,Sclerosing,,adenosis (see SNOMED),,false,true,,false
8063,204,S,8092/3,morphology,Sclerosing,,"basal cell carcinoma, infiltrating (C44._)",,false,false,,false
8064,204,S,8350/3,morphology,Sclerosing,,"carcinoma, nonencapsulated (C73.9)",C73.9,false,false,,false
8065,204,S,8350/3,morphology,Sclerosing,,"carcinoma, papillary, diffuse (C73.9)",C73.9,false,false,,false
8066,204,S,8832/0,morphology,Sclerosing,,hemangioma (C44._),,false,false,,false
8067,204,S,8172/3,morphology,Sclerosing,,hepatic carcinoma (C22.0),C22.0,false,false,,false
8068,204,S,8851/3,morphology,Sclerosing,,liposarcoma,,false,false,,false
8069,204,S,8350/3,morphology,Sclerosing,,"papillary carcinoma, diffuse (C73.9)",C73.9,false,false,,false
8070,204,S,8602/0,morphology,Sclerosing,,stromal tumor (C56.9),C56.9,false,false,,false
8071,204,S,8407/3,morphology,Sclerosing,,sweat duct carcinoma (C44._),,false,false,,false
8072,204,S,8350/3,morphology,Sclerosing,,"tumor, nonencapsulated (C73.9)",C73.9,false,false,,false
8073,204,S,8602/0,morphology,Sclerosing,,"tumor, stromal (C56.9)",C56.9,false,false,,false
8074,204,S,C62.1,topography,Scrotal testis,,Scrotal testis,,false,false,,true
8075,204,S,C63.2,topography,"Scrotum, NOS",,"Scrotum, NOS",,false,false,,true
8076,204,S,C63.2,topography,"Scrotum, skin",,"Scrotum, skin",,false,false,,true
8077,204,S,8410/3,morphology,Sebaceous,,adenocarcinoma (C44._),,false,false,,false
8078,204,S,8410/0,morphology,Sebaceous,,adenoma (C44._),,false,false,,false
8079,204,S,8410/3,morphology,Sebaceous,,carcinoma (C44._),,false,false,,false
8080,204,S,,,Sebaceous,,cyst (see SNOMED),,false,true,,false
8081,204,S,8410/0,morphology,Sebaceous,,epithelioma (C44._),,false,false,,false
8082,204,S,,,Sebaceous,,Seborrheic keratosis (see SNOMED),,false,true,,false
8083,204,S,,,Sebaceous,,Seborrheic verruca (see SNOMED),,false,true,,false
8084,204,S,8010/6,morphology,Secondary,,carcinoma,,false,false,,false
8085,204,S,8000/6,morphology,Secondary,,neoplasm,,false,false,,false
8086,204,S,,,Secondary,,polycythemia (see SNOMED),,false,true,,false
8087,204,S,8000/6,morphology,Secondary,,tumor,,false,false,,false
8088,204,S,9084/3,morphology,Secondary,,"tumor, dermoid cyst with (C56.9)",C56.9,false,false,,false
8089,204,S,,,Secondary,,"/6 Secondary site (see behavior code, section 4.3.3)",,false,false,,false
8090,204,S,8502/3,morphology,Secretory,,"carcinoma, breast (C50._)",,false,false,,false
8091,204,S,9530/0,morphology,Secretory,,meningioma (C70._),,false,false,,false
8092,204,S,8382/3,morphology,Secretory,,"variant, endometrioid adenocarcinoma",,false,false,,false
8093,204,S,9582/0,morphology,Sellar region granular cell tumor,,Sellar region granular cell tumor (C75.1),C75.1,false,false,,true
8094,204,S,C75.1,topography,Sella turcica,,Sella turcica,,false,false,,true
8095,204,S,C40.2,topography,Semilunar cartilage,,Semilunar cartilage,,false,false,,true
8096,204,S,C63.7,topography,Seminal vesicle,,Seminal vesicle,,false,false,,true
8097,204,S,9061/3,morphology,Seminoma,,NOS (C62._),,false,false,,false
8098,204,S,9062/3,morphology,Seminoma,,anaplastic (C62._),,false,false,,false
8099,204,S,9085/3,morphology,Seminoma,,"and teratoma, mixed",,false,false,,false
8100,204,S,9063/3,morphology,Seminoma,,spermatocytic (C62._),,false,false,,false
8101,204,S,9062/3,morphology,Seminoma,,with high mitotic index (C62._),,false,false,,false
8102,204,S,,,Seminoma,,Senile keratosis (see SNOMED),,false,true,,false
8103,204,S,C30.0,topography,Septum,,"nasal, NOS (excludes posterior margin of nasal septum C11.3)",,false,false,,false
8104,204,S,C11.3,topography,Septum,,"nasal, posterior margin",,false,false,,false
8105,204,S,C76.3,topography,Septum,,rectovaginal,,false,false,,false
8106,204,S,C76.3,topography,Septum,,rectovesical,,false,false,,false
8107,204,S,C57.9,topography,Septum,,urethrovaginal,,false,false,,false
8108,204,S,C57.9,topography,Septum,,vesicovaginal,,false,false,,false
8109,204,S,8241/3,morphology,Serotonin producing carcinoid,,Serotonin producing carcinoid,,false,false,,true
8110,204,S,9014/3,morphology,Serous,,adenocarcinofibroma,,false,false,,false
8111,204,S,8441/3,morphology,Serous,,"adenocarcinoma, NOS (C56.9)",C56.9,false,false,,false
8112,204,S,8460/3,morphology,Serous,,"adenocarcinoma, papillary (C56.9)",C56.9,false,false,,false
8113,204,S,9014/0,morphology,Serous,Adenofibroma,NOS,,false,false,,false
8114,204,S,9014/1,morphology,Serous,Adenofibroma,borderline malignancy,,false,false,,false
8115,204,S,9014/3,morphology,Serous,Adenofibroma,malignant,,false,false,,false
8116,204,S,8441/0,morphology,Serous,,"adenoma, microcystic",,false,false,,false
8117,204,S,8441/3,morphology,Serous,,carcinoma (C56.9),C56.9,false,false,,false
8118,204,S,8460/3,morphology,Serous,,"carcinoma, micropapillary (C56.9)",C56.9,false,false,,false
8119,204,S,9014/3,morphology,Serous,,cystadenocarcinofibroma,,false,false,,false
8120,204,S,8441/3,morphology,Serous,,"cystadenocarcinoma, NOS (C56.9)",C56.9,false,false,,false
8121,204,S,8460/3,morphology,Serous,,"cystadenocarcinoma, papillary (C56.9)",C56.9,false,false,,false
8122,204,S,9014/0,morphology,Serous,Cystadenofibroma,NOS,,false,false,,false
8123,204,S,9014/1,morphology,Serous,Cystadenofibroma,borderline malignancy,,false,false,,false
8124,204,S,9014/3,morphology,Serous,Cystadenofibroma,malignant,,false,false,,false
8125,204,S,8441/0,morphology,Serous,Cystadenoma,NOS (C56.9),C56.9,false,false,,false
8126,204,S,8442/1,morphology,Serous,Cystadenoma,borderline malignancy (C56.9),C56.9,false,false,,false
8127,204,S,8462/1,morphology,Serous,Cystadenoma,"papillary, borderline malignancy (C56.9)",C56.9,false,false,,false
8128,204,S,8460/0,morphology,Serous,Cystadenoma,"papillary, NOS (C56.9)",C56.9,false,false,,false
8129,204,S,8441/0,morphology,Serous,,cystoma (C56.9),C56.9,false,false,,false
8130,204,S,8441/0,morphology,Serous,,microcystic adenoma,,false,false,,false
8131,204,S,8461/3,morphology,Serous,,"papillary carcinoma, primary, peritoneum (C48.1)",C48.1,false,false,,false
8132,204,S,8462/1,morphology,Serous,,papillary cystic tumor of borderline malignancy (C56.9),C56.9,false,false,,false
8133,204,S,8461/3,morphology,Serous,Surface,papillary carcinoma (C56.9),C56.9,false,false,,false
8134,204,S,8463/1,morphology,Serous,Surface,papillary tumor of borderline malignancy (C56.9),C56.9,false,false,,false
8135,204,S,8461/0,morphology,Serous,Surface,papilloma (C56.9),C56.9,false,false,,false
8136,204,S,8442/1,morphology,Serous,Tumor,"NOS, of low malignant potential (C56.9)",C56.9,false,false,,false
8137,204,S,8442/1,morphology,Serous,Tumor,atypical proliferating (C56.9),C56.9,false,false,,false
8138,204,S,8462/1,morphology,Serous,Tumor,"papillary, atypical proliferative (C56.9)",C56.9,false,false,,false
8139,204,S,8462/1,morphology,Serous,Tumor,"papillary, of low malignant potential (C56.9)",C56.9,false,false,,false
8140,205,S,8213/3,morphology,Serrated,,adenocarcinoma,,false,false,,false
8141,205,S,8213/0,morphology,Serrated,,adenoma (C18._),,false,false,,false
8142,205,S,8213/0,morphology,Serrated,,"adenoma, sessile",,false,false,,false
8143,205,S,8213/0,morphology,Serrated,,"adenoma, traditional",,false,false,,false
8144,205,S,8213/0,morphology,Serrated,,"adenoma, traditional sessile",,false,false,,false
8145,205,S,8213/0,morphology,Serrated,,"polyp, sessile",,false,false,,false
8146,205,S,8640/1,morphology,Sertoli cell,,adenoma,,false,false,,false
8147,205,S,8640/3,morphology,Sertoli cell,,carcinoma (C62._),,false,false,,false
8148,205,S,8640/1,morphology,Sertoli cell,Tumor,NOS,,false,false,,false
8149,205,S,8642/1,morphology,Sertoli cell,Tumor,large cell calcifying,,false,false,,false
8150,205,S,8641/0,morphology,Sertoli cell,Tumor,lipid-rich (C56.9),C56.9,false,false,,false
8151,205,S,8641/0,morphology,Sertoli cell,Tumor,with lipid storage (C56.9),C56.9,false,false,,false
8152,205,S,8631/1,morphology,Sertoli-Leydig cell tumor,,NOS,,false,false,,false
8153,205,S,8631/1,morphology,Sertoli-Leydig cell tumor,,intermediate differentiation,,false,false,,false
8154,205,S,8634/1,morphology,Sertoli-Leydig cell tumor,,"intermediate differentiation, with heterologous elements",,false,false,,false
8155,205,S,8631/3,morphology,Sertoli-Leydig cell tumor,,poorly differentiated,,false,false,,false
8156,205,S,8634/3,morphology,Sertoli-Leydig cell tumor,,"poorly differentiated, with heterologous elements",,false,false,,false
8157,205,S,8633/1,morphology,Sertoli-Leydig cell tumor,,retiform,,false,false,,false
8158,205,S,8634/1,morphology,Sertoli-Leydig cell tumor,,"retiform, with heterologous elements",,false,false,,false
8159,205,S,8631/3,morphology,Sertoli-Leydig cell tumor,,sarcomatoid,,false,false,,false
8160,205,S,8631/0,morphology,Sertoli-Leydig cell tumor,,well differentiated,,false,false,,false
8161,205,S,8213/0,morphology,Sessile,,serrated adenoma,,false,false,,false
8162,205,S,8213/0,morphology,Sessile,,serrated polyp,,false,false,,false
8163,205,S,8213/0,morphology,Sessile,,traditional serrated adenoma,,false,false,,false
8164,205,S,8588/3,morphology,SETTLE,,SETTLE,,false,false,,true
8165,205,S,8077/2,morphology,"Severe dysplasia, CIN III with (C53._)",,"Severe dysplasia, CIN III with (C53._)",,false,false,,true
8166,205,S,8593/1,morphology,Sex cord,,"elements, stromal tumor with minor (C56.9)",C56.9,false,false,,false
8167,205,S,8590/1,morphology,Sex cord,,"tumor, NOS",,false,false,,false
8168,205,S,8623/1,morphology,Sex cord,,tumor with annular tubules (C56.9),C56.9,false,false,,false
8169,205,S,8590/1,morphology,Sex cord-gonadal stromal tumor,,NOS,,false,false,,false
8170,205,S,8591/1,morphology,Sex cord-gonadal stromal tumor,,incompletely differentiated,,false,false,,false
8171,205,S,8592/1,morphology,Sex cord-gonadal stromal tumor,,mixed forms,,false,false,,false
8172,205,S,9701/3,morphology,Sezary disease,,Sezary disease,,false,false,,true
8173,205,S,9701/3,morphology,Sezary syndrome,,Sezary syndrome,,false,false,,true
8174,205,S,C76.4,topography,Shoulder,,NOS,,false,false,,false
8175,205,S,C44.6,topography,Shoulder,,"NOS (carcinoma, melanoma, nevus)",,false,false,,false
8176,205,S,C49.1,topography,Shoulder,,"NOS (sarcoma, lipoma)",,false,false,,false
8177,205,S,C49.1,topography,Shoulder,,adipose tissue,,false,false,,false
8178,205,S,C47.1,topography,Shoulder,,autonomic nervous system,,false,false,,false
8179,205,S,C40.0,topography,Shoulder,,bone,,false,false,,false
8180,205,S,C49.1,topography,Shoulder,,connective tissue,,false,false,,false
8181,205,S,C49.1,topography,Shoulder,,fatty tissue,,false,false,,false
8182,205,S,C49.1,topography,Shoulder,,fibrous tissue,,false,false,,false
8183,205,S,C40.0,topography,Shoulder,,girdle,,false,false,,false
8184,205,S,C40.0,topography,Shoulder,,joint,,false,false,,false
8185,205,S,C49.1,topography,Shoulder,,muscle,,false,false,,false
8186,205,S,C47.1,topography,Shoulder,,peripheral nerve,,false,false,,false
8187,205,S,C49.1,topography,Shoulder,,skeletal muscle,,false,false,,false
8188,205,S,C44.6,topography,Shoulder,,skin,,false,false,,false
8189,205,S,C49.1,topography,Shoulder,,soft tissue,,false,false,,false
8190,205,S,C49.1,topography,Shoulder,,subcutaneous tissue,,false,false,,false
8191,205,S,8974/1,morphology,Sialoblastoma,,Sialoblastoma,,false,false,,true
8192,205,S,9982/3,morphology,Sideroblasts,Refractory anemia,with (C42.1),C42.1,false,false,,false
8193,205,S,9980/3,morphology,Sideroblasts,Refractory anemia,without (C42.1),C42.1,false,false,,false
8194,205,S,9982/3,morphology,Sideroblasts,Refractory anemia,"with ring, associated with marked thrombocytosis",,false,false,,false
8195,205,S,9982/3,morphology,Sideroblasts,Refractory anemia,with ringed (C42.1),C42.1,false,false,,false
8196,205,S,C18.7,topography,Sigmoid,,NOS,,false,false,,false
8197,205,S,C18.7,topography,Sigmoid,,colon,,false,false,,false
8198,205,S,C18.7,topography,Sigmoid,,flexure of colon,,false,false,,false
8199,205,S,8490/3,morphology,Signet ring cell,,adenocarcinoma,,false,false,,false
8200,205,S,8490/3,morphology,Signet ring cell,,carcinoma,,false,false,,false
8201,205,S,8490/6,morphology,Signet ring cell,,"carcinoma, metastatic",,false,false,,false
8202,205,S,8231/3,morphology,"Simplex, carcinoma",,"Simplex, carcinoma",,false,false,,true
8203,205,S,9131/0,morphology,"Simplex, hemangioma",,"Simplex, hemangioma",,false,false,,true
8204,205,S,8121/0,morphology,Sinonasal papilloma,,"NOS (C30.0, C31._)",,false,false,,false
8205,205,S,8121/0,morphology,Sinonasal papilloma,,"exophytic (C30.0, C31._)",,false,false,,false
8206,205,S,8121/0,morphology,Sinonasal papilloma,,"fungiform (C30.0, C31._)",,false,false,,false
8207,205,S,C31.9,topography,Sinus,,"accessory, nasal",,false,false,,false
8208,205,S,C31.9,topography,Sinus,,"accessory, NOS",,false,false,,false
8209,205,S,C31.1,topography,Sinus,,ethmoid,,false,false,,false
8210,205,S,C31.2,topography,Sinus,,frontal,,false,false,,false
8211,205,S,C31.0,topography,Sinus,,maxillary,,false,false,,false
8212,205,S,C31.9,topography,Sinus,,paranasal,,false,false,,false
8213,205,S,C12.9,topography,Sinus,,pyriform,,false,false,,false
8214,205,S,C31.3,topography,Sinus,,sphenoid,,false,false,,false
8215,205,S,,,Sinus,,Sinus histiocytosis with massive lymphadenopathy (see SNOMED),,false,true,,false
8216,205,S,9071/3,morphology,"Sinus tumor, endodermal",,"Sinus tumor, endodermal",,false,false,,true
8217,205,S,C76.2,topography,Site,,"intra-abdominal, NOS",,false,false,,false
8218,205,S,C71.9,topography,Site,,intracranial,,false,false,,false
8219,205,S,C76.1,topography,Site,,"intrathoracic, NOS",,false,false,,false
8220,205,S,C80.9,topography,Site,,"primary, unknown",,false,false,,false
8221,205,S,C41.9,topography,Skeletal bone,,Skeletal bone,,false,false,,true
8222,206,S,C49.9,topography,Skeletal muscle,,NOS,,false,false,,false
8223,206,S,C49.4,topography,Skeletal muscle,,abdominal wall,,false,false,,false
8224,206,S,C49.1,topography,Skeletal muscle,,arm,,false,false,,false
8225,206,S,C49.6,topography,Skeletal muscle,,back,,false,false,,false
8226,206,S,C49.5,topography,Skeletal muscle,,buttock,,false,false,,false
8227,206,S,C49.2,topography,Skeletal muscle,,calf,,false,false,,false
8228,206,S,C49.3,topography,Skeletal muscle,,chest wall,,false,false,,false
8229,206,S,C49.0,topography,Skeletal muscle,,face,,false,false,,false
8230,206,S,C49.1,topography,Skeletal muscle,,finger,,false,false,,false
8231,206,S,C49.6,topography,Skeletal muscle,,flank,,false,false,,false
8232,206,S,C49.2,topography,Skeletal muscle,,foot,,false,false,,false
8233,206,S,C49.1,topography,Skeletal muscle,,forearm,,false,false,,false
8234,206,S,C49.1,topography,Skeletal muscle,,hand,,false,false,,false
8235,206,S,C49.0,topography,Skeletal muscle,,head,,false,false,,false
8236,206,S,C49.2,topography,Skeletal muscle,,leg,,false,false,,false
8237,206,S,C49.0,topography,Skeletal muscle,,neck,,false,false,,false
8238,206,S,C49.5,topography,Skeletal muscle,,perineum,,false,false,,false
8239,206,S,C49.5,topography,Skeletal muscle,,sacrococcygeal region,,false,false,,false
8240,206,S,C49.0,topography,Skeletal muscle,,scalp,,false,false,,false
8241,206,S,C49.1,topography,Skeletal muscle,,shoulder,,false,false,,false
8242,206,S,C49.2,topography,Skeletal muscle,,thigh,,false,false,,false
8243,206,S,C49.3,topography,Skeletal muscle,,thoracic wall,,false,false,,false
8244,206,S,C49.3,topography,Skeletal muscle,,thorax,,false,false,,false
8245,206,S,C49.1,topography,Skeletal muscle,,thumb,,false,false,,false
8246,206,S,C49.2,topography,Skeletal muscle,,toe,,false,false,,false
8247,206,S,C49.6,topography,Skeletal muscle,,"trunk, NOS",,false,false,,false
8248,206,S,C44.9,topography,Skin,,"NOS (excludes skin of vulva C51._, skin of penis C60.9 and skin of scrotum C63.2)",,false,false,,false
8249,206,S,C44.5,topography,Skin,,abdomen,,false,false,,false
8250,206,S,C44.5,topography,Skin,,abdominal wall,,false,false,,false
8251,206,S,C44.3,topography,Skin,,ala nasi,,false,false,,false
8252,206,S,C44.7,topography,Skin,,ankle,,false,false,,false
8253,206,S,C44.6,topography,Skin,,antecubital space,,false,false,,false
8254,206,S,C44.5,topography,Skin,,anus,,false,false,,false
8255,206,S,C44.6,topography,Skin,,arm,,false,false,,false
8256,206,S,C44.2,topography,Skin,Auditory,"canal, external",,false,false,,false
8257,206,S,C44.2,topography,Skin,Auditory,"canal, NOS",,false,false,,false
8258,206,S,C44.2,topography,Skin,Auditory,"meatus, external",,false,false,,false
8259,206,S,C44.2,topography,Skin,,auricle,,false,false,,false
8260,206,S,C44.2,topography,Skin,,"auricular canal, external",,false,false,,false
8261,206,S,C44.2,topography,Skin,,"auricular canal, NOS",,false,false,,false
8262,206,S,C44.5,topography,Skin,,axilla,,false,false,,false
8263,206,S,C44.5,topography,Skin,,back,,false,false,,false
8264,206,S,C44.5,topography,Skin,,breast,,false,false,,false
8265,206,S,C44.3,topography,Skin,,brow,,false,false,,false
8266,206,S,C44.5,topography,Skin,,buttock,,false,false,,false
8267,206,S,C44.7,topography,Skin,,calf,,false,false,,false
8268,206,S,C44.1,topography,Skin,Canthus,NOS,,false,false,,false
8269,206,S,C44.1,topography,Skin,Canthus,inner,,false,false,,false
8270,206,S,C44.1,topography,Skin,Canthus,outer,,false,false,,false
8271,206,S,C44.4,topography,Skin,,cervical region,,false,false,,false
8272,206,S,C44.3,topography,Skin,,"cheek, external",,false,false,,false
8273,206,S,C44.3,topography,Skin,,"cheek, NOS",,false,false,,false
8274,206,S,C44.5,topography,Skin,,chest,,false,false,,false
8275,206,S,C44.5,topography,Skin,,chest wall,,false,false,,false
8276,206,S,C44.3,topography,Skin,,chin,,false,false,,false
8277,206,S,C44.3,topography,Skin,,columnella,,false,false,,false
8278,206,S,C44.2,topography,Skin,,concha,,false,false,,false
8279,206,S,C44.2,topography,Skin,Ear,NOS,,false,false,,false
8280,206,S,C44.2,topography,Skin,Ear,canal,,false,false,,false
8281,206,S,C44.2,topography,Skin,Ear,external,,false,false,,false
8282,206,S,C44.2,topography,Skin,Ear,lobule,,false,false,,false
8283,206,S,C44.2,topography,Skin,,earlobe,,false,false,,false
8284,206,S,C44.6,topography,Skin,,elbow,,false,false,,false
8285,206,S,C44.2,topography,Skin,,external ear,,false,false,,false
8286,206,S,C44.3,topography,Skin,,eyebrow,,false,false,,false
8287,206,S,C44.1,topography,Skin,Eyelid,NOS,,false,false,,false
8288,206,S,C44.1,topography,Skin,Eyelid,lower,,false,false,,false
8289,206,S,C44.1,topography,Skin,Eyelid,upper,,false,false,,false
8290,206,S,C44.3,topography,Skin,,face,,false,false,,false
8291,206,S,C44.6,topography,Skin,,finger,,false,false,,false
8292,206,S,C44.5,topography,Skin,,flank,,false,false,,false
8293,206,S,C44.7,topography,Skin,,foot,,false,false,,false
8294,206,S,C44.6,topography,Skin,,forearm,,false,false,,false
8295,206,S,C44.3,topography,Skin,,forehead,,false,false,,false
8296,206,S,C44.5,topography,Skin,,gluteal region,,false,false,,false
8297,206,S,C44.5,topography,Skin,,groin,,false,false,,false
8298,206,S,C44.6,topography,Skin,,hand,,false,false,,false
8299,206,S,C44.4,topography,Skin,,"head, NOS",,false,false,,false
8300,206,S,C44.7,topography,Skin,,heel,,false,false,,false
8301,206,S,C44.2,topography,Skin,,helix,,false,false,,false
8302,206,S,C44.7,topography,Skin,,hip,,false,false,,false
8303,206,S,C44.5,topography,Skin,,infraclavicular region,,false,false,,false
8304,206,S,C44.5,topography,Skin,,inguinal region,,false,false,,false
8305,206,S,C44.1,topography,Skin,,inner canthus,,false,false,,false
8306,206,S,C44.3,topography,Skin,,jaw,,false,false,,false
8307,206,S,C44.7,topography,Skin,,knee,,false,false,,false
8308,206,S,C51.0,topography,Skin,,labia majora,,false,false,,false
8309,206,S,C44.7,topography,Skin,,leg,,false,false,,false
8310,206,S,C44.1,topography,Skin,Lid,NOS,,false,false,,false
8311,206,S,C44.1,topography,Skin,Lid,lower,,false,false,,false
8312,206,S,C44.1,topography,Skin,Lid,upper,,false,false,,false
8313,206,S,C44.7,topography,Skin,,"limb, lower",,false,false,,false
8314,206,S,C44.6,topography,Skin,,"limb, upper",,false,false,,false
8315,206,S,C44.0,topography,Skin,Lip,NOS,,false,false,,false
8316,206,S,C44.0,topography,Skin,Lip,lower,,false,false,,false
8317,206,S,C44.0,topography,Skin,Lip,upper,,false,false,,false
8318,206,S,C44.2,topography,Skin,,"lobule, ear",,false,false,,false
8319,206,S,C44.4,topography,Skin,,neck,,false,false,,false
8320,207,S,C44.3,topography,Skin,,nose,,false,false,,false
8321,207,S,C44.3,topography,Skin,,"nose, external",,false,false,,false
8322,207,S,C44.1,topography,Skin,,outer canthus,,false,false,,false
8323,207,S,C44.6,topography,Skin,,palm,,false,false,,false
8324,207,S,C44.6,topography,Skin,,palmar,,false,false,,false
8325,207,S,C44.1,topography,Skin,,palpebra,,false,false,,false
8326,207,S,C60.9,topography,Skin,,penis,,false,false,,false
8327,207,S,C44.5,topography,Skin,,perianal,,false,false,,false
8328,207,S,C44.5,topography,Skin,,perineum,,false,false,,false
8329,207,S,C44.2,topography,Skin,,pinna,,false,false,,false
8330,207,S,C44.7,topography,Skin,,plantar,,false,false,,false
8331,207,S,C44.7,topography,Skin,,popliteal space,,false,false,,false
8332,207,S,C44.5,topography,Skin,,sacrococcygeal region,,false,false,,false
8333,207,S,C44.4,topography,Skin,,scalp,,false,false,,false
8334,207,S,C44.5,topography,Skin,,scapular region,,false,false,,false
8335,207,S,C63.2,topography,Skin,,scrotum,,false,false,,false
8336,207,S,C44.6,topography,Skin,,shoulder,,false,false,,false
8337,207,S,C44.7,topography,Skin,,"sole, foot",,false,false,,false
8338,207,S,C44.4,topography,Skin,,supraclavicular region,,false,false,,false
8339,207,S,C44.3,topography,Skin,,temple,,false,false,,false
8340,207,S,C44.7,topography,Skin,,thigh,,false,false,,false
8341,207,S,C44.5,topography,Skin,,thoracic wall,,false,false,,false
8342,207,S,C44.5,topography,Skin,,thorax,,false,false,,false
8343,207,S,C44.6,topography,Skin,,thumb,,false,false,,false
8344,207,S,C44.7,topography,Skin,,toe,,false,false,,false
8345,207,S,C44.2,topography,Skin,,tragus,,false,false,,false
8346,207,S,C44.5,topography,Skin,,trunk,,false,false,,false
8347,207,S,C44.5,topography,Skin,,umbilicus,,false,false,,false
8348,207,S,C51.9,topography,Skin,,vulva,,false,false,,false
8349,207,S,C44.6,topography,Skin,,wrist,,false,false,,false
8350,207,S,8390/0,morphology,Skin appendage,,adenoma (C44._),,false,false,,false
8351,207,S,8390/3,morphology,Skin appendage,,carcinoma (C44._),,false,false,,false
8352,207,S,8390/0,morphology,Skin appendage,,"tumor, benign (C44._)",,false,false,,false
8353,207,S,C41.0,topography,"Skull, bone",,"Skull, bone",,false,false,,true
8354,207,S,C41.0,topography,"Skull, NOS",,"Skull, NOS",,false,false,,true
8355,207,S,8761/0,morphology,Small,,congenital nevus (C44._),,false,false,,false
8356,207,S,9764/3,morphology,Small,,"intestinal disease, immunoproliferative (C17._)",,false,false,,false
8357,207,S,8806/3,morphology,Small,,"round cell tumor, desmoplastic",,false,false,,false
8358,207,S,C17.9,topography,"Small bowel, NOS",,"Small bowel, NOS",,false,false,,true
8359,207,S,8041/3,morphology,Small cell,Carcinoma,NOS,,false,false,,false
8360,207,S,8045/3,morphology,Small cell,Carcinoma,combined,,false,false,,false
8361,207,S,8073/3,morphology,Small cell,Carcinoma,"epidermoid, nonkeratinizing",,false,false,,false
8362,207,S,8043/3,morphology,Small cell,Carcinoma,fusiform cell,,false,false,,false
8363,207,S,8044/3,morphology,Small cell,Carcinoma,intermediate cell,,false,false,,false
8364,207,S,8045/3,morphology,Small cell,Carcinoma,mixed,,false,false,,false
8365,207,S,8041/3,morphology,Small cell,Carcinoma,neuroendocrine,,false,false,,false
8366,207,S,8073/3,morphology,Small cell,Carcinoma,"squamous cell, nonkeratinizing",,false,false,,false
8367,207,S,9185/3,morphology,Small cell,,"osteosarcoma (C40._, C41._)",,false,false,,false
8368,207,S,8803/3,morphology,Small cell,,sarcoma,,false,false,,false
8369,207,S,8002/3,morphology,Small cell,,"type, malignant tumor",,false,false,,false
8370,207,S,8045/3,morphology,"Small cell-adenocarcinoma, combined",,"Small cell-adenocarcinoma, combined (C34._)",,false,false,,true
8371,207,S,8045/3,morphology,"Small cell-large cell carcinoma, combined",,"Small cell-large cell carcinoma, combined (C34._)",,false,false,,true
8372,207,S,8045/3,morphology,"Small cell-squamous cell carcinoma,",,"Small cell-squamous cell carcinoma, combined (C34._)",,false,false,,true
8373,207,S,9764/3,morphology,Small intestinal immunoproliferative,,Small intestinal immunoproliferative disease (C17._),,false,false,,true
8374,207,S,C17.9,topography,Small intestine,,NOS,,false,false,,false
8375,207,S,C17.0,topography,Small intestine,,duodenum,,false,false,,false
8376,207,S,C17.2,topography,Small intestine,,ileum (excludes ileocecal valve C18.0),,false,false,,false
8377,207,S,C17.1,topography,Small intestine,,jejunum,,false,false,,false
8378,207,S,C17.3,topography,Small intestine,,Meckel diverticulum (site of neoplasm),,false,false,,false
8379,207,S,C17.9,topography,Small intestine,,"small bowel, NOS",,false,false,,false
8380,207,S,8897/1,morphology,"Smooth muscle tumor, NOS",,"Smooth muscle tumor, NOS",,false,false,,true
8381,207,S,8897/1,morphology,"Smooth muscle tumor, uncertain malignant",,"Smooth muscle tumor, uncertain malignant potential",,false,false,,true
8382,207,S,C03.9,topography,"Socket, tooth",,"Socket, tooth",,false,false,,true
8383,207,S,C05.1,topography,Soft palate,,NOS (excludes nasopharyngeal surface C11.3),,false,false,,false
8384,207,S,C05.8,topography,Soft palate,,"and hard palate, junction",,false,false,,false
8385,207,S,C11.3,topography,Soft palate,,nasopharyngeal surface,,false,false,,false
8386,207,S,9251/3,morphology,Soft parts,,"giant cell tumor, malignant",,false,false,,false
8387,207,S,9251/1,morphology,Soft parts,,"giant cell tumor, NOS",,false,false,,false
8388,207,S,9044/3,morphology,Soft parts,,"melanoma, malignant (C49._)",,false,false,,false
8389,207,S,9581/3,morphology,"Soft part sarcoma, alveolar",,"Soft part sarcoma, alveolar",,false,false,,true
8390,207,S,9571/0,morphology,Soft tissue (morphology),,perineurioma,,false,false,,false
8391,207,S,8800/3,morphology,Soft tissue (morphology),,sarcoma,,false,false,,false
8392,207,S,8850/1,morphology,Soft tissue (morphology),,"superficial, well differentiated liposarcoma",,false,false,,false
8393,207,S,8800/0,morphology,Soft tissue (morphology),,"tumor, benign",,false,false,,false
8394,207,S,8800/3,morphology,Soft tissue (morphology),,"tumor, malignant",,false,false,,false
8395,207,S,C49.9,topography,Soft tissue (topography),,NOS,,false,false,,false
8396,207,S,C49.4,topography,Soft tissue (topography),,abdomen,,false,false,,false
8397,207,S,C49.4,topography,Soft tissue (topography),,abdominal wall,,false,false,,false
8398,207,S,C49.2,topography,Soft tissue (topography),,ankle,,false,false,,false
8399,207,S,C49.1,topography,Soft tissue (topography),,antecubital space,,false,false,,false
8400,207,S,C49.1,topography,Soft tissue (topography),,arm,,false,false,,false
8401,207,S,C49.3,topography,Soft tissue (topography),,axilla,,false,false,,false
8402,207,S,C49.6,topography,Soft tissue (topography),,back,,false,false,,false
8403,207,S,C49.5,topography,Soft tissue (topography),,buttock,,false,false,,false
8404,207,S,C49.2,topography,Soft tissue (topography),,calf,,false,false,,false
8405,207,S,C49.0,topography,Soft tissue (topography),,cervical region,,false,false,,false
8406,207,S,C49.0,topography,Soft tissue (topography),,cheek,,false,false,,false
8407,208,S,C49.3,topography,Soft tissue (topography),,chest,,false,false,,false
8408,208,S,C49.3,topography,Soft tissue (topography),,chest wall,,false,false,,false
8409,208,S,C49.0,topography,Soft tissue (topography),,chin,,false,false,,false
8410,208,S,C49.1,topography,Soft tissue (topography),,elbow,,false,false,,false
8411,208,S,C49.0,topography,Soft tissue (topography),,face,,false,false,,false
8412,208,S,C49.1,topography,Soft tissue (topography),,finger,,false,false,,false
8413,208,S,C49.6,topography,Soft tissue (topography),,flank,,false,false,,false
8414,208,S,C49.2,topography,Soft tissue (topography),,foot,,false,false,,false
8415,208,S,C49.1,topography,Soft tissue (topography),,forearm,,false,false,,false
8416,208,S,C49.0,topography,Soft tissue (topography),,forehead,,false,false,,false
8417,208,S,C49.5,topography,Soft tissue (topography),,gluteal region,,false,false,,false
8418,208,S,C49.5,topography,Soft tissue (topography),,groin,,false,false,,false
8419,208,S,C49.1,topography,Soft tissue (topography),,hand,,false,false,,false
8420,208,S,C49.0,topography,Soft tissue (topography),,head,,false,false,,false
8421,208,S,C49.2,topography,Soft tissue (topography),,heel,,false,false,,false
8422,208,S,C49.2,topography,Soft tissue (topography),,hip,,false,false,,false
8423,208,S,C49.3,topography,Soft tissue (topography),,infraclavicular region,,false,false,,false
8424,208,S,C49.5,topography,Soft tissue (topography),,inguinal region,,false,false,,false
8425,208,S,C49.2,topography,Soft tissue (topography),,knee,,false,false,,false
8426,208,S,C49.2,topography,Soft tissue (topography),,leg,,false,false,,false
8427,208,S,C49.0,topography,Soft tissue (topography),,neck,,false,false,,false
8428,208,S,C69.6,topography,Soft tissue (topography),,orbit,,false,false,,false
8429,208,S,C49.5,topography,Soft tissue (topography),,perineum,,false,false,,false
8430,208,S,C49.2,topography,Soft tissue (topography),,popliteal space,,false,false,,false
8431,208,S,C49.0,topography,Soft tissue (topography),,"pterygoid fossa, NOS",,false,false,,false
8432,208,S,C49.5,topography,Soft tissue (topography),,sacrococcygeal region,,false,false,,false
8433,208,S,C49.0,topography,Soft tissue (topography),,scalp,,false,false,,false
8434,208,S,C49.3,topography,Soft tissue (topography),,scapular region,,false,false,,false
8435,208,S,C49.1,topography,Soft tissue (topography),,shoulder,,false,false,,false
8436,208,S,C44.7,topography,Soft tissue (topography),,Sole of foot,,false,false,,false
8437,208,S,C49.0,topography,Soft tissue (topography),,supraclavicular region,,false,false,,false
8438,208,S,C49.0,topography,Soft tissue (topography),,temple,,false,false,,false
8439,208,S,C49.2,topography,Soft tissue (topography),,thigh,,false,false,,false
8440,208,S,C49.3,topography,Soft tissue (topography),,thoracic wall,,false,false,,false
8441,208,S,C49.1,topography,Soft tissue (topography),,thumb,,false,false,,false
8442,208,S,C49.2,topography,Soft tissue (topography),,toe,,false,false,,false
8443,208,S,C49.6,topography,Soft tissue (topography),,"trunk, NOS",,false,false,,false
8444,208,S,C49.4,topography,Soft tissue (topography),,umbilicus,,false,false,,false
8445,208,S,C49.1,topography,Soft tissue (topography),,wrist,,false,false,,false
8446,208,S,8230/3,morphology,Solid,,adenocarcinoma with mucin formation,,false,false,,false
8447,208,S,8452/1,morphology,Solid,,and cystic tumor (C25._),,false,false,,false
8448,208,S,8452/1,morphology,Solid,,and papillary epithelial neoplasm (C25._),,false,false,,false
8449,208,S,8230/3,morphology,Solid,,"carcinoma, NOS",,false,false,,false
8450,208,S,8230/3,morphology,Solid,,carcinoma with mucin formation,,false,false,,false
8451,208,S,8452/3,morphology,Solid,,pseudopapillary carcinoma (C25._),,false,false,,false
8452,208,S,8452/1,morphology,Solid,,pseudopapillary tumor (C25._),,false,false,,false
8453,208,S,9080/1,morphology,Solid,,teratoma,,false,false,,false
8454,208,S,8230/2,morphology,Solid,,"type, ductal carcinoma in situ (C50._)",,false,false,,false
8455,208,S,8230/2,morphology,Solid,,"type, intraductal carcinoma",,false,false,,false
8456,208,S,,,Solitary,,cyst (see SNOMED),,false,true,,false
8457,208,S,8815/0,morphology,Solitary,,fibrous tumor,,false,false,,false
8458,208,S,8815/3,morphology,Solitary,,"fibrous tumor, malignant",,false,false,,false
8459,208,S,9740/1,morphology,Solitary,,mastocytoma of skin,,false,false,,false
8460,208,S,9731/3,morphology,Solitary,,myeloma,,false,false,,false
8461,208,S,9731/3,morphology,Solitary,,plasmacytoma,,false,false,,false
8462,208,S,8156/3,morphology,"Somatostatin cell tumor, malignant",,"Somatostatin cell tumor, malignant",,false,false,,true
8463,208,S,8156/1,morphology,"Somatostatin cell tumor, NOS",,"Somatostatin cell tumor, NOS",,false,false,,true
8464,208,S,8156/3,morphology,"Somatostatinoma, malignant",,"Somatostatinoma, malignant",,false,false,,true
8465,208,S,8156/1,morphology,"Somatostatinoma, NOS",,"Somatostatinoma, NOS",,false,false,,true
8466,208,S,C63.1,topography,Spermatic cord,,Spermatic cord,,false,false,,true
8467,208,S,9063/3,morphology,Spermatocytic seminoma (C62._),,Spermatocytic seminoma (C62._),,false,false,,true
8468,208,S,9063/3,morphology,Spermatocytoma (C62._),,Spermatocytoma (C62._),,false,false,,true
8469,208,S,C41.0,topography,Sphenoid bone,,Sphenoid bone,,false,false,,true
8470,208,S,C31.3,topography,Sphenoid sinus,,Sphenoid sinus,,false,false,,true
8471,208,S,C21.1,topography,"Sphincter, anal",,"Sphincter, anal",,false,false,,true
8472,208,S,C24.0,topography,Sphincter of Oddi,,Sphincter of Oddi,,false,false,,true
8473,208,S,,,Spider,,angioma (see SNOMED),,false,true,,false
8474,208,S,,,Spider,,nevus (see SNOMED),,false,true,,false
8475,208,S,,,Spider,,vascular (see SNOMED),,false,true,,false
8476,208,S,C72.5,topography,Spinal,,accessory nerve,,false,false,,false
8477,208,S,C70.1,topography,Spinal,,arachnoid,,false,false,,false
8478,208,S,C41.2,topography,Spinal,,column,,false,false,,false
8479,208,S,C72.0,topography,Spinal,,cord,,false,false,,false
8480,208,S,C70.1,topography,Spinal,,dura mater,,false,false,,false
8481,208,S,C70.1,topography,Spinal,,meninges,,false,false,,false
8482,208,S,C47.9,topography,Spinal,,"nerve, NOS",,false,false,,false
8483,208,S,C70.1,topography,Spinal,,pia mater,,false,false,,false
8484,208,S,8770/3,morphology,Spindle cell,,"and epithelioid melanoma, mixed",,false,false,,false
8485,208,S,8770/0,morphology,Spindle cell,,and epithelioid nevus (C44._),,false,false,,false
8486,208,S,9130/1,morphology,Spindle cell,,angioendothelioma,,false,false,,false
8487,208,S,8032/3,morphology,Spindle cell,Carcinoma,NOS,,false,false,,false
8488,208,S,8030/3,morphology,Spindle cell,Carcinoma,and giant cell carcinoma,,false,false,,false
8489,208,S,8318/3,morphology,Spindle cell,Carcinoma,renal cell (C64.9),C64.9,false,false,,false
8490,208,S,8074/3,morphology,Spindle cell,,epidermoid carcinoma,,false,false,,false
8491,208,S,9136/1,morphology,Spindle cell,,hemangioendothelioma,,false,false,,false
8492,208,S,8857/0,morphology,Spindle cell,,lipoma,,false,false,,false
8493,208,S,8772/3,morphology,Spindle cell,Melanoma,NOS,,false,false,,false
8494,208,S,8770/3,morphology,Spindle cell,Melanoma,"and epithelioid melanoma, mixed",,false,false,,false
8495,208,S,8773/3,morphology,Spindle cell,Melanoma,type A (C69._),,false,false,,false
8496,208,S,8774/3,morphology,Spindle cell,Melanoma,type B (C69._),,false,false,,false
8497,208,S,8572/3,morphology,Spindle cell,,"metaplasia, adenocarcinoma with",,false,false,,false
8498,208,S,8772/0,morphology,Spindle cell,,nevus (C44._),,false,false,,false
8499,208,S,8770/0,morphology,Spindle cell,,"nevus of Reed, pigmented (C44._)",,false,false,,false
8500,208,S,8290/0,morphology,Spindle cell,,oncocytoma (C75.1),C75.1,false,false,,false
8501,208,S,8318/3,morphology,Spindle cell,,renal cell carcinoma (C64.9),C64.9,false,false,,false
8502,208,S,8912/3,morphology,Spindle cell,,rhabdomyosarcoma,,false,false,,false
8503,208,S,8801/3,morphology,Spindle cell,,sarcoma,,false,false,,false
8504,208,S,8074/3,morphology,Spindle cell,,squamous cell carcinoma,,false,false,,false
8505,208,S,9041/3,morphology,Spindle cell,,synovial sarcoma,,false,false,,false
8506,208,S,8581/3,morphology,Spindle cell,,"thymoma, malignant (C37.9)",C37.9,false,false,,false
8507,209,S,8581/1,morphology,Spindle cell,,"thymoma, NOS (C37.9)",C37.9,false,false,,false
8508,209,S,8122/3,morphology,Spindle cell,,transitional cell carcinoma,,false,false,,false
8509,209,S,8004/3,morphology,Spindle cell,,"type, malignant tumor",,false,false,,false
8510,209,S,8173/3,morphology,Spindle cell,,"variant, hepatocellular carcinoma (C22.0)",C22.0,false,false,,false
8511,209,S,9051/3,morphology,Spindled mesothelioma,,Spindled mesothelioma,,false,false,,true
8512,209,S,8588/3,morphology,Spindle epithelial tumor with thymus-like,,Spindle epithelial tumor with thymus-like differentiation,,false,false,,true
8513,209,S,8588/3,morphology,Spindle epithelial tumor with thymus-like,,Spindle epithelial tumor with thymus-like element,,false,false,,true
8514,209,S,C41.2,topography,Spine,,Spine,,false,false,,true
8515,209,S,8403/0,morphology,Spiradenoma,,NOS (C44._),,false,false,,false
8516,209,S,8403/0,morphology,Spiradenoma,,eccrine (C44._),,false,false,,false
8517,209,S,8403/3,morphology,Spiradenoma,,"eccrine, malignant (C44._)",,false,false,,false
8518,209,S,8770/0,morphology,Spitz nevus (C44._),,Spitz nevus (C44._),,false,false,,true
8519,209,S,C42.2,topography,Spleen,,Spleen,,false,false,,true
8520,209,S,C18.5,topography,Splenic,,flexure of colon,,false,false,,false
8521,209,S,C77.2,topography,Splenic,,"lymph node, hilar",,false,false,,false
8522,209,S,C77.2,topography,Splenic,,"lymph node, NOS",,false,false,,false
8523,209,S,9591/3,morphology,"Splenic B-cell lymphoma/leukemia,",,"Splenic B-cell lymphoma/leukemia, unclassifiable",,false,false,,true
8524,209,S,,,"Splenic B-cell lymphoma/leukemia,",,"Sponge nevus, white (see SNOMED)",,false,true,,false
8525,209,S,9421/1,morphology,Spongioblastoma,,NOS (C71._) [obs],,true,false,,false
8526,209,S,9440/3,morphology,Spongioblastoma,,multiforme (C71._),,false,false,,false
8527,209,S,9423/3,morphology,Spongioblastoma,,polar (C71._),,false,false,,false
8528,209,S,9423/3,morphology,Spongioblastoma,,polare (C71._),,false,false,,false
8529,209,S,9423/3,morphology,Spongioblastoma,,primitive polar (C71._) [obs],,true,false,,false
8530,209,S,9504/3,morphology,Spongioneuroblastoma,,Spongioneuroblastoma,,false,false,,true
8531,209,S,9514/1,morphology,Spontaneously regressed retinoblastoma,,Spontaneously regressed retinoblastoma (C69.2),C69.2,false,false,,true
8532,209,S,C53.8,topography,"Squamocolumnar junction, cervix",,"Squamocolumnar junction, cervix",,false,false,,true
8533,209,S,8070/3,morphology,Squamous,,carcinoma,,false,false,,false
8534,209,S,8077/2,morphology,Squamous,Intraepithelial neoplasia,"esophageal, high grade (C15._)",,false,false,,false
8535,209,S,8077/0,morphology,Squamous,Intraepithelial neoplasia,"esophageal, low grade (C15._)",,false,false,,false
8536,209,S,8077/0,morphology,Squamous,Intraepithelial neoplasia,grade I,,false,false,,false
8537,209,S,8077/0,morphology,Squamous,Intraepithelial neoplasia,grade II,,false,false,,false
8538,209,S,8077/2,morphology,Squamous,Intraepithelial neoplasia,grade III,,false,false,,false
8539,209,S,8077/2,morphology,Squamous,Intraepithelial neoplasia,high grade,,false,false,,false
8540,209,S,8077/0,morphology,Squamous,Intraepithelial neoplasia,low grade,,false,false,,false
8541,209,S,,,Squamous,,"keratosis, benign (see SNOMED)",,false,true,,false
8542,209,S,,,Squamous,,metaplasia (see SNOMED),,false,true,,false
8543,209,S,9312/0,morphology,Squamous,,odontogenic tumor (C41._),,false,false,,false
8544,209,S,8052/0,morphology,Squamous,,papilloma,,false,false,,false
8545,209,S,8060/0,morphology,Squamous,,papillomatosis,,false,false,,false
8546,209,S,8094/3,morphology,"Squamous-basal cell carcinoma, mixed",,"Squamous-basal cell carcinoma, mixed (C44._)",,false,false,,true
8547,209,S,8070/3,morphology,Squamous cell,Carcinoma,NOS,,false,false,,false
8548,209,S,8075/3,morphology,Squamous cell,Carcinoma,acantholytic,,false,false,,false
8549,209,S,8075/3,morphology,Squamous cell,Carcinoma,adenoid,,false,false,,false
8550,209,S,8560/3,morphology,Squamous cell,Carcinoma,"and adenocarcinoma, mixed",,false,false,,false
8551,209,S,8083/3,morphology,Squamous cell,Carcinoma,basaloid,,false,false,,false
8552,209,S,8081/2,morphology,Squamous cell,Carcinoma,"Bowen type, intraepidermal (C44._)",,false,false,,false
8553,209,S,8084/3,morphology,Squamous cell,Carcinoma,clear cell type,,false,false,,false
8554,209,S,8070/2,morphology,Squamous cell,Carcinoma,"in situ, NOS",,false,false,,false
8555,209,S,8076/2,morphology,Squamous cell,Carcinoma,in situ with questionable stromal invasion,,false,false,,false
8556,209,S,8081/2,morphology,Squamous cell,Carcinoma,"intraepidermal, Bowen type (C44._)",,false,false,,false
8557,209,S,8070/2,morphology,Squamous cell,Carcinoma,intraepithelial,,false,false,,false
8558,209,S,8071/3,morphology,Squamous cell,Carcinoma,"keratinizing, NOS",,false,false,,false
8559,209,S,8071/3,morphology,Squamous cell,Carcinoma,"large cell, keratinizing",,false,false,,false
8560,209,S,8072/3,morphology,Squamous cell,Carcinoma,"large cell, nonkeratinizing, NOS",,false,false,,false
8561,209,S,8070/6,morphology,Squamous cell,Carcinoma,"metastatic, NOS",,false,false,,false
8562,209,S,8076/3,morphology,Squamous cell,Carcinoma,microinvasive,,false,false,,false
8563,209,S,8072/3,morphology,Squamous cell,Carcinoma,"nonkeratinizing, NOS Papillary",,false,false,,false
8564,209,S,8052/3,morphology,Squamous cell,Carcinoma,NOS,,false,false,,false
8565,209,S,8052/2,morphology,Squamous cell,Carcinoma,in situ,,false,false,,false
8566,209,S,8052/2,morphology,Squamous cell,Carcinoma,non-invasive,,false,false,,false
8567,209,S,8075/3,morphology,Squamous cell,Carcinoma,pseudoglandular,,false,false,,false
8568,209,S,8074/3,morphology,Squamous cell,Carcinoma,sarcomatoid,,false,false,,false
8569,209,S,8073/3,morphology,Squamous cell,Carcinoma,"small cell, nonkeratinizing",,false,false,,false
8570,209,S,8074/3,morphology,Squamous cell,Carcinoma,spindle cell,,false,false,,false
8571,209,S,8051/3,morphology,Squamous cell,Carcinoma,verrucous,,false,false,,false
8572,209,S,8078/3,morphology,Squamous cell,Carcinoma,with horn formation,,false,false,,false
8573,209,S,8070/3,morphology,Squamous cell,,epithelioma,,false,false,,false
8574,209,S,8570/3,morphology,Squamous cell,,"metaplasia, adenocarcinoma with",,false,false,,false
8575,209,S,8052/0,morphology,Squamous cell,Papilloma,NOS,,false,false,,false
8576,209,S,8560/0,morphology,Squamous cell,Papilloma,"and glandular papilloma, mixed",,false,false,,false
8577,209,S,8053/0,morphology,Squamous cell,Papilloma,inverted,,false,false,,false
8578,209,S,8045/3,morphology,"Squamous cell-small cell carcinoma,",,"Squamous cell-small cell carcinoma, combined (C34._)",,false,false,,true
8579,209,S,,,"Squamous cell-small cell carcinoma,",,Steatocystoma multiplex (see SNOMED),,false,true,,false
8580,209,S,C71.7,topography,"Stem, brain",,"Stem, brain",,false,false,,true
8581,209,S,9801/3,morphology,Stem cell leukemia,,Stem cell leukemia,,false,false,,true
8582,209,S,C07.9,topography,Stensen duct,,Stensen duct,,false,false,,true
8583,209,S,C49.0,topography,Sternocleidomastoid muscle,,Sternocleidomastoid muscle,,false,false,,true
8584,209,S,C41.3,topography,Sternocostal joint,,Sternocostal joint,,false,false,,true
8585,209,S,C41.3,topography,Sternum,,Sternum,,false,false,,true
8586,210,S,8670/3,morphology,"Steroid cell tumor, malignant",,"Steroid cell tumor, malignant (C56.9)",C56.9,false,false,,true
8587,210,S,8670/0,morphology,"Steroid cell tumor, NOS",,"Steroid cell tumor, NOS (C56.9)",C56.9,false,false,,true
8588,210,S,C16.9,topography,Stomach,,NOS,,false,false,,false
8589,210,S,C16.8,topography,Stomach,,"anterior wall, NOS (not classifiable to C16.1 to C16.4)",,false,false,,false
8590,210,S,C16.3,topography,Stomach,,antrum,,false,false,,false
8591,210,S,C16.3,topography,Stomach,,"antrum, gastric",,false,false,,false
8592,210,S,C16.3,topography,Stomach,,"antrum, pyloric",,false,false,,false
8593,210,S,C16.2,topography,Stomach,,body,,false,false,,false
8594,210,S,C16.0,topography,Stomach,,"cardia, gastric",,false,false,,false
8595,210,S,C16.0,topography,Stomach,,"cardia, NOS",,false,false,,false
8596,210,S,C16.0,topography,Stomach,,cardioesophageal junction,,false,false,,false
8597,210,S,C16.2,topography,Stomach,,corpus,,false,false,,false
8598,210,S,C16.2,topography,Stomach,,"corpus, gastric",,false,false,,false
8599,210,S,C16.0,topography,Stomach,,esophagogastric junction,,false,false,,false
8600,210,S,C16.1,topography,Stomach,,fundus,,false,false,,false
8601,210,S,C16.1,topography,Stomach,,"fundus, gastric",,false,false,,false
8602,210,S,C16.0,topography,Stomach,,gastroesophageal junction,,false,false,,false
8603,210,S,C16.6,topography,Stomach,,"greater curvature, NOS (not classifiable to C16.1 to C16.4)",,false,false,,false
8604,210,S,C16.5,topography,Stomach,,"lesser curvature, NOS (not classifiable to C16.1 to C16.4)",,false,false,,false
8605,210,S,C16.8,topography,Stomach,,"posterior wall, NOS (not classifiable to C16.1 to C16.4)",,false,false,,false
8606,210,S,C16.4,topography,Stomach,,prepylorus,,false,false,,false
8607,210,S,C16.3,topography,Stomach,,pyloric antrum,,false,false,,false
8608,210,S,C16.4,topography,Stomach,,pyloric canal,,false,false,,false
8609,210,S,C16.4,topography,Stomach,,pylorus,,false,false,,false
8610,210,S,8641/0,morphology,"Storage, lipid, Sertoli cell tumor with",,"Storage, lipid, Sertoli cell tumor with",,false,false,,true
8611,210,S,8641/0,morphology,"Storage, lipid, tubular androblastoma with C53.8 Stump, cervical",,"Storage, lipid, tubular androblastoma with C53.8 Stump, cervical",,false,false,,true
8612,210,S,,,"Storage, lipid, tubular androblastoma with C53.8 Stump, cervical",,Strawberry nevus (see SNOMED),,false,true,,false
8613,210,S,C54.1,topography,"Stroma, endometrial",,"Stroma, endometrial",,false,false,,true
8614,210,S,8931/3,morphology,Stromal,,endometriosis (C54.1),C54.1,false,false,,false
8615,210,S,,,Stromal,,hyperplasia (see SNOMED),,false,true,,false
8616,210,S,8931/3,morphology,Stromal,,"myosis, endolymphatic (C54.1)",C54.1,false,false,,false
8617,210,S,8931/3,morphology,Stromal,,"myosis, NOS (C54.1)",C54.1,false,false,,false
8618,210,S,8930/0,morphology,Stromal,,"nodule, endometrial (C54.1)",C54.1,false,false,,false
8619,210,S,8935/3,morphology,Stromal,Sarcoma,NOS Endometrial,,false,false,,false
8620,210,S,8930/3,morphology,Stromal,Sarcoma,NOS (C54.1),C54.1,false,false,,false
8621,210,S,8930/3,morphology,Stromal,Sarcoma,high grade (C54.1),C54.1,false,false,,false
8622,210,S,8931/3,morphology,Stromal,Sarcoma,low grade (C54.1),C54.1,false,false,,false
8623,210,S,8936/3,morphology,Stromal,Sarcoma,gastrointestinal,,false,false,,false
8624,210,S,8935/1,morphology,Stromal,Tumor,NOS,,false,false,,false
8625,210,S,8935/0,morphology,Stromal,Tumor,benign,,false,false,,false
8626,210,S,8975/1,morphology,Stromal,Tumor,calcifying nested epithelial (C22.0),C22.0,false,false,,false
8627,210,S,8936/1,morphology,Stromal,Tumor Gastrointestinal,NOS,,false,false,,false
8628,210,S,8936/0,morphology,Stromal,Tumor Gastrointestinal,benign,,false,false,,false
8629,210,S,8936/3,morphology,Stromal,Tumor Gastrointestinal,malignant,,false,false,,false
8630,210,S,8936/1,morphology,Stromal,Tumor Gastrointestinal,uncertain malignant potential,,false,false,,false
8631,210,S,8590/1,morphology,Stromal,Tumor Gastrointestinal,gonadal,,false,false,,false
8632,210,S,8590/1,morphology,Stromal,Tumor Gastrointestinal,ovarian (C56.9),C56.9,false,false,,false
8633,210,S,8602/0,morphology,Stromal,Tumor Gastrointestinal,sclerosing (C56.9) Sex cord-gonadal,C56.9,false,false,,false
8634,210,S,8590/1,morphology,Stromal,Tumor Gastrointestinal,NOS,,false,false,,false
8635,210,S,8591/1,morphology,Stromal,Tumor Gastrointestinal,incompletely differentiated,,false,false,,false
8636,210,S,8592/1,morphology,Stromal,Tumor Gastrointestinal,mixed forms,,false,false,,false
8637,210,S,8590/1,morphology,Stromal,Tumor Gastrointestinal,testicular (C62._),,false,false,,false
8638,210,S,8593/1,morphology,Stromal,Tumor Gastrointestinal,with minor sex cord elements (C56.9),C56.9,false,false,,false
8639,210,S,8345/3,morphology,"Stroma, medullary carcinoma with amyloid",,"Stroma, medullary carcinoma with amyloid (C73.9)",C73.9,false,false,,true
8640,210,S,8512/3,morphology,"Stroma, medullary carcinoma with",,"Stroma, medullary carcinoma with lymphoid",,false,false,,true
8641,210,S,8931/3,morphology,"Stromatosis, endometrial",,"Stromatosis, endometrial (C54.1)",C54.1,false,false,,true
8642,210,S,9091/1,morphology,Strumal carcinoid,,Strumal carcinoid (C56.9),C56.9,false,false,,true
8643,210,S,9090/0,morphology,Struma ovarii,,NOS (C56.9),C56.9,false,false,,false
8644,210,S,9091/1,morphology,Struma ovarii,,and carcinoid (C56.9),C56.9,false,false,,false
8645,210,S,9090/3,morphology,Struma ovarii,,malignant (C56.9),C56.9,false,false,,false
8646,210,S,8506/0,morphology,Subareolar duct papillomatosis,,Subareolar duct papillomatosis (C50.0),C50.0,false,false,,true
8647,210,S,C49.3,topography,Subclavian artery,,Subclavian artery,,false,false,,true
8648,210,S,C77.3,topography,Subclavicular lymph node,,Subclavicular lymph node,,false,false,,true
8649,210,S,C49.9,topography,Subcutaneous tissue,,NOS,,false,false,,false
8650,210,S,C49.4,topography,Subcutaneous tissue,,abdomen,,false,false,,false
8651,210,S,C49.4,topography,Subcutaneous tissue,,abdominal wall,,false,false,,false
8652,210,S,C49.2,topography,Subcutaneous tissue,,ankle,,false,false,,false
8653,210,S,C49.1,topography,Subcutaneous tissue,,antecubital space,,false,false,,false
8654,210,S,C49.1,topography,Subcutaneous tissue,,arm,,false,false,,false
8655,210,S,C49.3,topography,Subcutaneous tissue,,axilla,,false,false,,false
8656,210,S,C49.6,topography,Subcutaneous tissue,,back,,false,false,,false
8657,210,S,C49.5,topography,Subcutaneous tissue,,buttock,,false,false,,false
8658,210,S,C49.2,topography,Subcutaneous tissue,,calf,,false,false,,false
8659,210,S,C49.0,topography,Subcutaneous tissue,,cervical region,,false,false,,false
8660,210,S,C49.0,topography,Subcutaneous tissue,,cheek,,false,false,,false
8661,210,S,C49.3,topography,Subcutaneous tissue,,chest,,false,false,,false
8662,210,S,C49.3,topography,Subcutaneous tissue,,chest wall,,false,false,,false
8663,210,S,C49.0,topography,Subcutaneous tissue,,chin,,false,false,,false
8664,210,S,C49.1,topography,Subcutaneous tissue,,elbow,,false,false,,false
8665,210,S,C49.0,topography,Subcutaneous tissue,,face,,false,false,,false
8666,210,S,C49.1,topography,Subcutaneous tissue,,finger,,false,false,,false
8667,210,S,C49.6,topography,Subcutaneous tissue,,flank,,false,false,,false
8668,210,S,C49.2,topography,Subcutaneous tissue,,foot,,false,false,,false
8669,211,S,C49.1,topography,Subcutaneous tissue,,forearm,,false,false,,false
8670,211,S,C49.0,topography,Subcutaneous tissue,,forehead,,false,false,,false
8671,211,S,C49.5,topography,Subcutaneous tissue,,gluteal region,,false,false,,false
8672,211,S,C49.5,topography,Subcutaneous tissue,,groin,,false,false,,false
8673,211,S,C49.1,topography,Subcutaneous tissue,,hand,,false,false,,false
8674,211,S,C49.0,topography,Subcutaneous tissue,,head,,false,false,,false
8675,211,S,C49.2,topography,Subcutaneous tissue,,heel,,false,false,,false
8676,211,S,C49.2,topography,Subcutaneous tissue,,hip,,false,false,,false
8677,211,S,C49.3,topography,Subcutaneous tissue,,infraclavicular region,,false,false,,false
8678,211,S,C49.5,topography,Subcutaneous tissue,,inguinal region,,false,false,,false
8679,211,S,C49.2,topography,Subcutaneous tissue,,knee,,false,false,,false
8680,211,S,C49.2,topography,Subcutaneous tissue,,leg,,false,false,,false
8681,211,S,C49.0,topography,Subcutaneous tissue,,neck,,false,false,,false
8682,211,S,C49.5,topography,Subcutaneous tissue,,perineum,,false,false,,false
8683,211,S,C49.2,topography,Subcutaneous tissue,,popliteal space,,false,false,,false
8684,211,S,C49.5,topography,Subcutaneous tissue,,sacrococcygeal region,,false,false,,false
8685,211,S,C49.0,topography,Subcutaneous tissue,,scalp,,false,false,,false
8686,211,S,C49.3,topography,Subcutaneous tissue,,scapular region,,false,false,,false
8687,211,S,C49.1,topography,Subcutaneous tissue,,shoulder,,false,false,,false
8688,211,S,C49.0,topography,Subcutaneous tissue,,supraclavicular region,,false,false,,false
8689,211,S,C49.0,topography,Subcutaneous tissue,,temple,,false,false,,false
8690,211,S,C49.2,topography,Subcutaneous tissue,,thigh,,false,false,,false
8691,211,S,C49.3,topography,Subcutaneous tissue,,thoracic wall,,false,false,,false
8692,211,S,C49.3,topography,Subcutaneous tissue,,thorax,,false,false,,false
8693,211,S,C49.1,topography,Subcutaneous tissue,,thumb,,false,false,,false
8694,211,S,C49.2,topography,Subcutaneous tissue,,toe,,false,false,,false
8695,211,S,C49.6,topography,Subcutaneous tissue,,"trunk, NOS",,false,false,,false
8696,211,S,C49.4,topography,Subcutaneous tissue,,umbilicus,,false,false,,false
8697,211,S,C49.1,topography,Subcutaneous tissue,,wrist,,false,false,,false
8698,211,S,9384/1,morphology,Subependymal,,"astrocytoma, giant cell (C71._)",,false,false,,false
8699,211,S,9383/1,morphology,Subependymal,,"astrocytoma, NOS (C71._)",,false,false,,false
8700,211,S,9383/1,morphology,Subependymal,,glioma (C71._),,false,false,,false
8701,211,S,9383/1,morphology,Subependymoma (C71._),,Subependymoma (C71._),,false,false,,true
8702,211,S,9383/1,morphology,"Subependymoma-ependymoma, mixed",,"Subependymoma-ependymoma, mixed (C71._)",,false,false,,true
8703,211,S,8832/0,morphology,Subepidermal nodular fibrosis (C44._),,Subepidermal nodular fibrosis (C44._),,false,false,,true
8704,211,S,C32.2,topography,Subglottis,,Subglottis,,false,false,,true
8705,211,S,C77.4,topography,Subinguinal lymph node,,Subinguinal lymph node,,false,false,,true
8706,211,S,C08.1,topography,Sublingual,,gland,,false,false,,false
8707,211,S,C08.1,topography,Sublingual,,gland duct,,false,false,,false
8708,211,S,C77.0,topography,Sublingual,,lymph node,,false,false,,false
8709,211,S,C08.0,topography,Submandibular gland,,Submandibular gland,,false,false,,true
8710,211,S,C77.0,topography,Submandibular lymph node,,Submandibular lymph node,,false,false,,true
8711,211,S,C08.0,topography,Submaxillary,,gland,,false,false,,false
8712,211,S,C08.0,topography,Submaxillary,,gland duct,,false,false,,false
8713,211,S,C77.0,topography,Submaxillary,,lymph node,,false,false,,false
8714,211,S,C77.0,topography,Submental lymph node,,Submental lymph node,,false,false,,true
8715,211,S,C77.3,topography,Subscapular lymph node,,Subscapular lymph node,,false,false,,true
8716,211,S,C06.1,topography,Sulcus,,alveolar,,false,false,,false
8717,211,S,C06.1,topography,Sulcus,,buccal,,false,false,,false
8718,211,S,C06.1,topography,Sulcus,,labial,,false,false,,false
8719,211,S,8091/3,morphology,Superficial,,"basal cell carcinoma, multifocal (C44._)",,false,false,,false
8720,211,S,8850/1,morphology,Superficial,,"soft tissue, well differentiated liposarcoma",,false,false,,false
8721,211,S,8143/3,morphology,Superficial,,spreading adenocarcinoma,,false,false,,false
8722,211,S,8743/3,morphology,Superficial,,spreading melanoma (C44._),,false,false,,false
8723,211,S,8850/1,morphology,Superficial,,well differentated liposarcoma,,false,false,,false
8724,211,S,C77.2,topography,Superior,,mesenteric lymph node,,false,false,,false
8725,211,S,C49.3,topography,Superior,,vena cava,,false,false,,false
8726,211,S,C11.0,topography,Superior,,wall of nasopharynx,,false,false,,false
8727,211,S,C77.0,topography,Supraclavicular lymph node,,Supraclavicular lymph node,,false,false,,true
8728,211,S,C76.0,topography,Supraclavicular region,,NOS,,false,false,,false
8729,211,S,C44.4,topography,Supraclavicular region,,"NOS (carcinoma, melanoma, nevus)",,false,false,,false
8730,211,S,C49.0,topography,Supraclavicular region,,"NOS (sarcoma, lipoma)",,false,false,,false
8731,211,S,C49.0,topography,Supraclavicular region,,adipose tissue,,false,false,,false
8732,211,S,C47.0,topography,Supraclavicular region,,autonomic nervous system,,false,false,,false
8733,211,S,C49.0,topography,Supraclavicular region,,connective tissue,,false,false,,false
8734,211,S,C49.0,topography,Supraclavicular region,,fatty tissue,,false,false,,false
8735,211,S,C49.0,topography,Supraclavicular region,,fibrous tissue,,false,false,,false
8736,211,S,C77.0,topography,Supraclavicular region,,lymph node,,false,false,,false
8737,211,S,C47.0,topography,Supraclavicular region,,peripheral nerve,,false,false,,false
8738,211,S,C44.4,topography,Supraclavicular region,,skin,,false,false,,false
8739,211,S,C49.0,topography,Supraclavicular region,,soft tissue,,false,false,,false
8740,211,S,C49.0,topography,Supraclavicular region,,subcutaneous tissue,,false,false,,false
8741,211,S,C32.1,topography,Supraglottis,,Supraglottis,,false,false,,true
8742,211,S,C74.9,topography,Suprarenal gland,,Suprarenal gland,,false,false,,true
8743,211,S,C71.9,topography,Suprasellar,,Suprasellar,,false,false,,true
8744,211,S,C71.0,topography,"Supratentorial brain, NOS (see also brain)",,"Supratentorial brain, NOS (see also brain)",,false,false,brain,true
8745,211,S,9473/3,morphology,Supratentorial PNET,,Supratentorial PNET,,false,false,,true
8746,211,S,9194/3,morphology,Surface,,"osteosarcoma, high grade (C40._, C41._)",,false,false,,false
8747,211,S,8461/3,morphology,Surface,,"papillary carcinoma, serous (C56.9)",C56.9,false,false,,false
8748,211,S,8463/1,morphology,Surface,,"papillary tumor, serous surface, borderline malignancy (C56.9)",C56.9,false,false,,false
8749,211,S,8461/0,morphology,Surface,,"papilloma, serous (C56.9)",C56.9,false,false,,false
8750,211,S,8407/3,morphology,"Sweat duct carcinoma, sclerosing (C44._)",,"Sweat duct carcinoma, sclerosing (C44._)",,false,false,,true
8751,211,S,8400/3,morphology,Sweat gland,,adenocarcinoma (C44._),,false,false,,false
8752,211,S,8400/0,morphology,Sweat gland,,adenoma (C44._),,false,false,,false
8753,211,S,8400/3,morphology,Sweat gland,,carcinoma (C44._),,false,false,,false
8754,211,S,8400/1,morphology,Sweat gland,Tumor,NOS (C44._),,false,false,,false
8755,211,S,8400/0,morphology,Sweat gland,Tumor,benign (C44._),,false,false,,false
8756,211,S,8400/3,morphology,Sweat gland,Tumor,malignant (C44._),,false,false,,false
8757,212,S,C47.9,topography,"Sympathetic nervous system, NOS",,"Sympathetic nervous system, NOS",,false,false,,true
8758,212,S,8681/1,morphology,Sympathetic paraganglioma,,Sympathetic paraganglioma,,false,false,,true
8759,212,S,9500/3,morphology,Sympathicoblastoma,,Sympathicoblastoma,,false,false,,true
8760,212,S,C41.4,topography,Symphysis pubis,,Symphysis pubis,,false,false,,true
8761,212,S,8893/0,morphology,Symplastic leiomyoma,,Symplastic leiomyoma,,false,false,,true
8762,212,S,9531/0,morphology,Syncytial meningioma (C70._),,Syncytial meningioma (C70._),,false,false,,true
8763,212,S,9986/3,morphology,Syndrome,,"5q deletion (5q–), with myelodysplastic syndrome",,false,false,,false
8764,212,S,9964/3,morphology,Syndrome,,hypereosinophilic,,false,false,,false
8765,212,S,9989/3,morphology,Syndrome,Myelodysplastic,NOS (C42.1),C42.1,false,false,,false
8766,212,S,9895/3,morphology,Syndrome,Myelodysplastic,"prior, acute myeloid leukemia with",,false,false,,false
8767,212,S,9895/3,morphology,Syndrome,Myelodysplastic,"prior, acute myeloid leukemia without",,false,false,,false
8768,212,S,9989/3,morphology,Syndrome,Myelodysplastic,unclassifiable,,false,false,,false
8769,212,S,9986/3,morphology,Syndrome,Myelodysplastic,with 5q deletion (5q–) syndrome,,false,false,,false
8770,212,S,9986/3,morphology,Syndrome,Myelodysplastic,with isolated del (5q),,false,false,,false
8771,212,S,9989/3,morphology,Syndrome,,preleukemic (C42.1) [obs],C42.1,true,false,,false
8772,212,S,9701/3,morphology,Syndrome,,Sezary,,false,false,,false
8773,212,S,,,Syndrome,,Synovial chondromatosis (see SNOMED),,false,true,,false
8774,212,S,,,Syndrome,,Synovial osteochondromatosis (see SNOMED),,false,true,,false
8775,212,S,9040/3,morphology,Synovial sarcoma,,NOS,,false,false,,false
8776,212,S,9043/3,morphology,Synovial sarcoma,,biphasic,,false,false,,false
8777,212,S,9042/3,morphology,Synovial sarcoma,,epithelioid cell,,false,false,,false
8778,212,S,9041/3,morphology,Synovial sarcoma,,monophasic fibrous,,false,false,,false
8779,212,S,9041/3,morphology,Synovial sarcoma,,spindle cell,,false,false,,false
8780,212,S,C49.9,topography,"Synovia, NOS",,"Synovia, NOS",,false,false,,true
8781,212,S,9040/3,morphology,Synovioma,,NOS,,false,false,,false
8782,212,S,9040/0,morphology,Synovioma,,benign,,false,false,,false
8783,212,S,9040/3,morphology,Synovioma,,malignant,,false,false,,false
8784,212,S,,,Synovioma,,"Synovitis, pigmented villonodular (see SNOMED)",,false,true,,false
8785,212,S,8400/0,morphology,"Syringadenoma, NOS (C44._)",,"Syringadenoma, NOS (C44._)",,false,false,,true
8786,212,S,8406/0,morphology,"Syringadenoma, papillary (C44._)",,"Syringadenoma, papillary (C44._)",,false,false,,true
8787,212,S,8406/0,morphology,"Syringocystadenoma, papillary (C44._)",,"Syringocystadenoma, papillary (C44._)",,false,false,,true
8788,212,S,8406/0,morphology,Syringocystadenoma papilliferum (C44._),,Syringocystadenoma papilliferum (C44._),,false,false,,true
8789,212,S,8392/0,morphology,Syringofibroadenoma (C44._),,Syringofibroadenoma (C44._),,false,false,,true
8790,212,S,8407/0,morphology,Syringoma,,NOS (C44._),,false,false,,false
8791,212,S,8940/0,morphology,Syringoma,,chondroid (C44._),,false,false,,false
8792,212,S,8940/3,morphology,Syringoma,,"chondroid, malignant (C44._)",,false,false,,false
8793,212,S,8407/3,morphology,Syringomatous carcinoma (C44._),,Syringomatous carcinoma (C44._),,false,false,,true
8794,212,S,9741/3,morphology,Systemic,,aggressive mastocytosis,,false,false,,false
8795,212,S,9724/3,morphology,Systemic,,EBV positive T-cell lymphoproliferative disease of childhood,,false,false,,false
8796,212,S,,,Systemic,,hemangiomatosis (see SNOMED),,false,true,,false
8797,212,S,9769/1,morphology,Systemic,,light chain disease,,false,false,,false
8798,212,S,,,Systemic,,lymphangiomatosis (see SNOMED),,false,true,,false
8799,212,S,9741/3,morphology,Systemic,Mastocytosis,aggressive,,false,false,,false
8800,212,S,9741/1,morphology,Systemic,Mastocytosis,indolent,,false,false,,false
8801,212,S,9741/3,morphology,Systemic,Mastocytosis,with associated hematological clonal non-mast cell disorder,,false,false,,false
8802,212,S,9741/3,morphology,Systemic,,tissue mast cell disease,,false,false,,false
8803,212,S,9741/3,morphology,Systemic,,"with AHNMD, mastocytosis",,false,false,,false
8804,212,S,9741/3,morphology,Systemic,,"with associated hematological clonal non-mast cell disorder, mastocytosis",,false,false,,false
8805,212,T,C50.6,topography,Tail,,"breast, axillary",,false,false,,false
8806,212,T,C50.6,topography,Tail,,"breast, NOS",,false,false,,false
8807,212,T,C25.2,topography,Tail,,pancreas,,false,false,,false
8808,212,T,8344/3,morphology,Tall cell papillary carcinoma,,Tall cell papillary carcinoma (C73.9),C73.9,false,false,,true
8809,212,T,9837/3,morphology,"T ALL, cortical (see also 9729/3)",,"T ALL, cortical (see also 9729/3)",,false,false,9729/3,true
8810,212,T,9837/3,morphology,"T ALL, mature (see also 9729/3)",,"T ALL, mature (see also 9729/3)",,false,false,9729/3,true
8811,212,T,9391/3,morphology,Tanycytic ependymoma (C71._),,Tanycytic ependymoma (C71._),,false,false,,true
8812,212,T,C71.8,topography,Tapetum,,Tapetum,,false,false,,true
8813,212,T,C40.3,topography,Tarsal bone,,Tarsal bone,,false,false,,true
8814,212,T,9831/3,morphology,T-cell large granular lymphocytosis,,T-cell large granular lymphocytosis,,false,false,,true
8815,212,T,9724/3,morphology,T-cell lymphoproliferative disease of,,"T-cell lymphoproliferative disease of childhood, systemic EBV positive",,false,false,,true
8816,212,T,9718/3,morphology,"T-cell lymphoproliferative disorder,",,"T-cell lymphoproliferative disorder, primary cutaneous CD30+ (C44._)",,false,false,,true
8817,212,T,,,"T-cell lymphoproliferative disorder,",,"/-5 T-cell (see cell designation code, section 4.3.4)",,false,false,,false
8818,212,T,9183/3,morphology,"Telangiectatic osteosarcoma (C40._, C41._)",,"Telangiectatic osteosarcoma (C40._, C41._)",,false,false,,true
8819,212,T,C44.3,topography,Temple,,NOS,,false,false,,false
8820,212,T,C44.3,topography,Temple,,"NOS (carcinoma, melanoma, nevus)",,false,false,,false
8821,212,T,C49.0,topography,Temple,,"NOS (sarcoma, lipoma)",,false,false,,false
8822,212,T,C49.0,topography,Temple,,adipose tissue,,false,false,,false
8823,212,T,C47.0,topography,Temple,,autonomic nervous system,,false,false,,false
8824,212,T,C49.0,topography,Temple,,connective tissue,,false,false,,false
8825,212,T,C49.0,topography,Temple,,fatty tissue,,false,false,,false
8826,212,T,C49.0,topography,Temple,,fibrous tissue,,false,false,,false
8827,212,T,C47.0,topography,Temple,,peripheral nerve,,false,false,,false
8828,212,T,C44.3,topography,Temple,,skin,,false,false,,false
8829,212,T,C49.0,topography,Temple,,soft tissue,,false,false,,false
8830,212,T,C49.0,topography,Temple,,subcutaneous tissue,,false,false,,false
8831,213,T,C41.0,topography,Temporal bone,,Temporal bone,,false,false,,true
8832,213,T,C71.2,topography,Temporal lobe,,Temporal lobe,,false,false,,true
8833,213,T,C41.1,topography,Temporomandibular joint,,Temporomandibular joint,,false,false,,true
8834,213,T,C49.9,topography,Tendon,,NOS,,false,false,,false
8835,213,T,C49.2,topography,Tendon,,ankle,,false,false,,false
8836,213,T,C49.1,topography,Tendon,,arm,,false,false,,false
8837,213,T,C49.6,topography,Tendon,,back,,false,false,,false
8838,213,T,C49.2,topography,Tendon,,calf,,false,false,,false
8839,213,T,C49.1,topography,Tendon,,finger,,false,false,,false
8840,213,T,C49.6,topography,Tendon,,flank,,false,false,,false
8841,213,T,C49.2,topography,Tendon,,foot,,false,false,,false
8842,213,T,C49.1,topography,Tendon,,forearm,,false,false,,false
8843,213,T,C49.1,topography,Tendon,,hand,,false,false,,false
8844,213,T,C49.2,topography,Tendon,,heel,,false,false,,false
8845,213,T,C49.2,topography,Tendon,,hip,,false,false,,false
8846,213,T,C49.2,topography,Tendon,,knee,,false,false,,false
8847,213,T,C49.2,topography,Tendon,,leg,,false,false,,false
8848,213,T,C49.0,topography,Tendon,,neck,,false,false,,false
8849,213,T,C49.2,topography,Tendon,,popliteal space,,false,false,,false
8850,213,T,C49.2,topography,Tendon,,thigh,,false,false,,false
8851,213,T,C49.1,topography,Tendon,,thumb,,false,false,,false
8852,213,T,C49.2,topography,Tendon,,toe,,false,false,,false
8853,213,T,C49.1,topography,Tendon,,wrist,,false,false,,false
8854,213,T,C49.9,topography,Tendon sheath,,NOS,,false,false,,false
8855,213,T,C49.2,topography,Tendon sheath,,ankle,,false,false,,false
8856,213,T,C49.1,topography,Tendon sheath,,arm,,false,false,,false
8857,213,T,C49.6,topography,Tendon sheath,,back,,false,false,,false
8858,213,T,C49.2,topography,Tendon sheath,,calf,,false,false,,false
8859,213,T,C49.1,topography,Tendon sheath,,finger,,false,false,,false
8860,213,T,C49.2,topography,Tendon sheath,,foot,,false,false,,false
8861,213,T,C49.1,topography,Tendon sheath,,forearm,,false,false,,false
8862,213,T,C49.1,topography,Tendon sheath,,hand,,false,false,,false
8863,213,T,C49.2,topography,Tendon sheath,,heel,,false,false,,false
8864,213,T,C49.2,topography,Tendon sheath,,hip,,false,false,,false
8865,213,T,C49.2,topography,Tendon sheath,,knee,,false,false,,false
8866,213,T,C49.2,topography,Tendon sheath,,leg,,false,false,,false
8867,213,T,C49.0,topography,Tendon sheath,,neck,,false,false,,false
8868,213,T,C49.2,topography,Tendon sheath,,popliteal space,,false,false,,false
8869,213,T,C49.2,topography,Tendon sheath,,thigh,,false,false,,false
8870,213,T,C49.1,topography,Tendon sheath,,thumb,,false,false,,false
8871,213,T,C49.2,topography,Tendon sheath,,toe,,false,false,,false
8872,213,T,C49.1,topography,Tendon sheath,,wrist,,false,false,,false
8873,213,T,9252/0,morphology,Tenosynovial giant cell tumor (C49._),,Tenosynovial giant cell tumor (C49._),,false,false,,true
8874,213,T,9252/3,morphology,"Tenosynovial giant cell tumor, malignant",,"Tenosynovial giant cell tumor, malignant (C49._)",,false,false,,true
8875,213,T,,,"Tenosynovial giant cell tumor, malignant",,"Tenosynovitis, nodular (see SNOMED)",,false,true,,false
8876,213,T,C70.0,topography,Tentorium cerebelli,,Tentorium cerebelli,,false,false,,true
8877,213,T,C70.0,topography,"Tentorium, NOS",,"Tentorium, NOS",,false,false,,true
8878,213,T,9080/3,morphology,"Teratoblastoma, malignant",,"Teratoblastoma, malignant",,false,false,,true
8879,213,T,9081/3,morphology,Teratocarcinoma,,Teratocarcinoma,,false,false,,true
8880,213,T,9502/0,morphology,"Teratoid medulloepithelioma, benign",,"Teratoid medulloepithelioma, benign (C69.4)",C69.4,false,false,,true
8881,213,T,9502/3,morphology,Teratoid medulloepithelioma,,Teratoid medulloepithelioma (C69.4),C69.4,false,false,,true
8882,213,T,9508/3,morphology,"Teratoid/rhabdoid tumor, atypical (C71._)",,"Teratoid/rhabdoid tumor, atypical (C71._)",,false,false,,true
8883,213,T,9080/1,morphology,Teratoma,,NOS,,false,false,,false
8884,213,T,9080/0,morphology,Teratoma,,"adult, cystic",,false,false,,false
8885,213,T,9080/0,morphology,Teratoma,,"adult, NOS",,false,false,,false
8886,213,T,9082/3,morphology,Teratoma,,"anaplastic, malignant",,false,false,,false
8887,213,T,9081/3,morphology,Teratoma,,"and embryonal carcinoma, mixed",,false,false,,false
8888,213,T,9085/3,morphology,Teratoma,,"and seminoma, mixed",,false,false,,false
8889,213,T,9080/0,morphology,Teratoma,,benign,,false,false,,false
8890,213,T,9101/3,morphology,Teratoma,,combined with choriocarcinoma,,false,false,,false
8891,213,T,9080/0,morphology,Teratoma,,"cystic, adult",,false,false,,false
8892,213,T,9080/0,morphology,Teratoma,,"cystic, NOS",,false,false,,false
8893,213,T,9080/0,morphology,Teratoma,,differentiated,,false,false,,false
8894,213,T,9080/3,morphology,Teratoma,,embryonal,,false,false,,false
8895,213,T,9080/3,morphology,Teratoma,,"immature, malignant",,false,false,,false
8896,213,T,9080/3,morphology,Teratoma,,"immature, NOS",,false,false,,false
8897,213,T,9083/3,morphology,Teratoma,,"intermediate, malignant",,false,false,,false
8898,213,T,9080/3,morphology,Teratoma,Malignant,NOS,,false,false,,false
8899,213,T,9082/3,morphology,Teratoma,Malignant,anaplastic,,false,false,,false
8900,213,T,9083/3,morphology,Teratoma,Malignant,intermediate,,false,false,,false
8901,213,T,9102/3,morphology,Teratoma,Malignant,trophoblastic,,false,false,,false
8902,213,T,9082/3,morphology,Teratoma,Malignant,undifferentiated,,false,false,,false
8903,213,T,9080/0,morphology,Teratoma,,mature,,false,false,,false
8904,213,T,9080/1,morphology,Teratoma,,solid,,false,false,,false
8905,213,T,9102/3,morphology,Teratoma,,"trophoblastic, malignant",,false,false,,false
8906,213,T,9082/3,morphology,Teratoma,,"undifferentiated, malignant",,false,false,,false
8907,213,T,9084/3,morphology,Teratoma,,with malignant transformation,,false,false,,false
8908,213,T,8525/3,morphology,Terminal duct adenocarcinoma,,Terminal duct adenocarcinoma,,false,false,,true
8909,213,T,8152/1,morphology,Terminal tyrosine amide producing,,"Terminal tyrosine amide producing tumor, pancreatic peptide and pancreatic peptide-like peptide within",,false,false,,true
8910,213,T,C62.9,topography,"Testicle, NOS",,"Testicle, NOS",,false,false,,true
8911,213,T,8640/1,morphology,Testicular adenoma (C62._),,Testicular adenoma (C62._),,false,false,,true
8912,213,T,8590/1,morphology,Testicular stromal tumor (C62._),,Testicular stromal tumor (C62._),,false,false,,true
8913,213,T,C62.9,topography,Testis,,NOS,,false,false,,false
8914,213,T,C62.1,topography,Testis,,descended,,false,false,,false
8915,213,T,C62.0,topography,Testis,,ectopic (site of neoplasm),,false,false,,false
8916,213,T,C62.0,topography,Testis,,retained (site of neoplasm),,false,false,,false
8917,213,T,C62.1,topography,Testis,,scrotal,,false,false,,false
8918,213,T,C62.0,topography,Testis,,undescended (site of neoplasm),,false,false,,false
8919,213,T,9768/1,morphology,T-gamma lymphoproliferative disease,,T-gamma lymphoproliferative disease,,false,false,,true
8920,213,T,C71.0,topography,Thalamus,,Thalamus,,false,false,,true
8921,213,T,8621/1,morphology,Theca cell-granulosa cell tumor,,Theca cell-granulosa cell tumor (C56.9),C56.9,false,false,,true
8922,213,T,8600/0,morphology,Theca cell tumor,,Theca cell tumor (C56.9),C56.9,false,false,,true
8923,213,T,8600/0,morphology,Thecoma,,NOS (C56.9),C56.9,false,false,,false
8924,213,T,8601/0,morphology,Thecoma,,luteinized (C56.9),C56.9,false,false,,false
8925,213,T,8600/3,morphology,Thecoma,,malignant (C56.9),C56.9,false,false,,false
8926,214,T,9920/3,morphology,Therapy-related,Acute myeloid leukemia,NOS,,false,false,,false
8927,214,T,9920/3,morphology,Therapy-related,Acute myeloid leukemia,alkylating agent related,,false,false,,false
8928,214,T,9920/3,morphology,Therapy-related,Acute myeloid leukemia,epipodophyllotoxin related,,false,false,,false
8929,214,T,9987/3,morphology,Therapy-related,Myelodysplastic syndrome,NOS,,false,false,,false
8930,214,T,9987/3,morphology,Therapy-related,Myelodysplastic syndrome,alkylating agent related,,false,false,,false
8931,214,T,9987/3,morphology,Therapy-related,Myelodysplastic syndrome,epipodophyllotoxin related,,false,false,,false
8932,214,T,9920/3,morphology,Therapy-related,,myeloid neoplasm,,false,false,,false
8933,214,T,9920/3,morphology,Therapy-related,,"neoplasm, myeloid",,false,false,,false
8934,214,T,C76.5,topography,Thigh,,NOS,,false,false,,false
8935,214,T,C44.7,topography,Thigh,,"NOS (carcinoma, melanoma, nevus) 9962/3 essential, hemorrhagic (C42.1)",C42.1,false,false,,false
8936,214,T,C49.2,topography,Thigh,,"NOS (sarcoma, lipoma)",,false,false,,false
8937,214,T,C49.2,topography,Thigh,,adipose tissue,,false,false,,false
8938,214,T,C47.2,topography,Thigh,,autonomic nervous system,,false,false,,false
8939,214,T,C49.2,topography,Thigh,,connective tissue,,false,false,,false
8940,214,T,C49.2,topography,Thigh,,fatty tissue,,false,false,,false
8941,214,T,C49.2,topography,Thigh,,fibrous tissue,,false,false,,false
8942,214,T,C49.2,topography,Thigh,,muscle,,false,false,,false
8943,214,T,C47.2,topography,Thigh,,peripheral nerve,,false,false,,false
8944,214,T,C49.2,topography,Thigh,,skeletal muscle,,false,false,,false
8945,214,T,C44.7,topography,Thigh,,skin,,false,false,,false
8946,214,T,C49.2,topography,Thigh,,soft tissue,,false,false,,false
8947,214,T,C49.2,topography,Thigh,,subcutaneous tissue,,false,false,,false
8948,214,T,C49.2,topography,Thigh,,tendon,,false,false,,false
8949,214,T,C49.2,topography,Thigh,,tendon sheath,,false,false,,false
8950,214,T,C71.5,topography,"Third ventricle, choroid plexus",,"Third ventricle, choroid plexus",,false,false,,true
8951,214,T,C71.5,topography,"Third ventricle, NOS",,"Third ventricle, NOS",,false,false,,true
8952,214,T,C72.0,topography,Thoracic,,cord,,false,false,,false
8953,214,T,C49.3,topography,Thoracic,,duct,,false,false,,false
8954,214,T,C15.1,topography,Thoracic,,esophagus,,false,false,,false
8955,214,T,C77.1,topography,Thoracic,,lymph node,,false,false,,false
8956,214,T,C76.1,topography,Thoracic wall,,NOS,,false,false,,false
8957,214,T,C44.5,topography,Thoracic wall,,"NOS (carcinoma, melanoma, nevus)",,false,false,,false
8958,214,T,C49.3,topography,Thoracic wall,,"NOS (sarcoma, lipoma)",,false,false,,false
8959,214,T,C49.3,topography,Thoracic wall,,adipose tissue,,false,false,,false
8960,214,T,C47.3,topography,Thoracic wall,,autonomic nervous system,,false,false,,false
8961,214,T,C49.3,topography,Thoracic wall,,connective tissue,,false,false,,false
8962,214,T,C49.3,topography,Thoracic wall,,fatty tissue,,false,false,,false
8963,214,T,C49.3,topography,Thoracic wall,,fibrous tissue,,false,false,,false
8964,214,T,C49.3,topography,Thoracic wall,,muscle,,false,false,,false
8965,214,T,C47.3,topography,Thoracic wall,,peripheral nerve,,false,false,,false
8966,214,T,C49.3,topography,Thoracic wall,,skeletal muscle,,false,false,,false
8967,214,T,C44.5,topography,Thoracic wall,,skin,,false,false,,false
8968,214,T,C49.3,topography,Thoracic wall,,soft tissue,,false,false,,false
8969,214,T,C49.3,topography,Thoracic wall,,subcutaneous tissue,,false,false,,false
8970,214,T,C76.1,topography,Thorax,,NOS,,false,false,,false
8971,214,T,C47.3,topography,Thorax,,autonomic nervous system,,false,false,,false
8972,214,T,C49.3,topography,Thorax,,"connective tissue (excludes thymus, heart and mediastinum C37._, C38._)",,false,false,,false
8973,214,T,C49.3,topography,Thorax,,muscle,,false,false,,false
8974,214,T,C47.3,topography,Thorax,,peripheral nerve,,false,false,,false
8975,214,T,C49.3,topography,Thorax,,skeletal muscle,,false,false,,false
8976,214,T,C44.5,topography,Thorax,,skin,,false,false,,false
8977,214,T,C49.3,topography,Thorax,,subcutaneous tissue,,false,false,,false
8978,214,T,C14.0,topography,Throat,,Throat,,false,false,,true
8979,214,T,9962/3,morphology,Thrombocythemia,,essential (C42.1),C42.1,false,false,,false
8980,214,T,9962/3,morphology,Thrombocythemia,,idiopathic (C42.1),C42.1,false,false,,false
8981,214,T,9962/3,morphology,Thrombocythemia,,"idiopathic, hemorrhagic (C42.1)",C42.1,false,false,,false
8982,214,T,9992/3,morphology,"Thrombocytopenia, refractory",,"Thrombocytopenia, refractory",,false,false,,true
8983,214,T,9982/3,morphology,"Thrombocytosis, marked, refractory anemia",,"Thrombocytosis, marked, refractory anemia with ring sideroblasts associated with",,false,false,,true
8984,214,T,C76.4,topography,Thumb,,NOS,,false,false,,false
8985,214,T,C44.6,topography,Thumb,,"NOS (carcinoma, melanoma, nevus)",,false,false,,false
8986,214,T,C49.1,topography,Thumb,,"NOS (sarcoma, lipoma)",,false,false,,false
8987,214,T,C47.1,topography,Thumb,,autonomic nervous system,,false,false,,false
8988,214,T,C40.1,topography,Thumb,,bone,,false,false,,false
8989,214,T,C49.1,topography,Thumb,,connective tissue,,false,false,,false
8990,214,T,C49.1,topography,Thumb,,fibrous tissue,,false,false,,false
8991,214,T,C49.1,topography,Thumb,,muscle,,false,false,,false
8992,214,T,C47.1,topography,Thumb,,peripheral nerve,,false,false,,false
8993,214,T,C49.1,topography,Thumb,,skeletal muscle,,false,false,,false
8994,214,T,C44.6,topography,Thumb,,skin,,false,false,,false
8995,214,T,C49.1,topography,Thumb,,soft tissue,,false,false,,false
8996,214,T,C49.1,topography,Thumb,,subcutaneous tissue,,false,false,,false
8997,214,T,C49.1,topography,Thumb,,tendon,,false,false,,false
8998,214,T,C49.1,topography,Thumb,,tendon sheath,,false,false,,false
8999,214,T,8586/3,morphology,"Thymic carcinoma, NOS",,"Thymic carcinoma, NOS (C37.9)",C37.9,false,false,,true
9000,214,T,8585/3,morphology,"Thymic carcinoma, well differentiated",,"Thymic carcinoma, well differentiated (C37.9)",C37.9,false,false,,true
9001,214,T,8580/1,morphology,Thymoma,,NOS (C37.9),C37.9,false,false,,false
9002,214,T,8580/3,morphology,Thymoma,,"NOS, malignant (C37.9)",C37.9,false,false,,false
9003,214,T,8585/3,morphology,Thymoma,,"atypical, malignant (C37.9)",C37.9,false,false,,false
9004,214,T,8585/1,morphology,Thymoma,,"atypical, NOS (C37.9)",C37.9,false,false,,false
9005,214,T,8580/0,morphology,Thymoma,,benign (C37.9),C37.9,false,false,,false
9006,214,T,8584/3,morphology,Thymoma,,"cortical, malignant (C37.9)",C37.9,false,false,,false
9007,214,T,8584/1,morphology,Thymoma,,"cortical, NOS (C37.9)",C37.9,false,false,,false
9008,214,T,8587/0,morphology,Thymoma,,ectopic hamartomatous,,false,false,,false
9009,214,T,8585/3,morphology,Thymoma,,"epithelial, malignant (C37.9)",C37.9,false,false,,false
9010,214,T,8585/1,morphology,Thymoma,,"epithelial, NOS (C37.9)",C37.9,false,false,,false
9011,214,T,8587/0,morphology,Thymoma,,"hamartomatous, ectopic",,false,false,,false
9012,214,T,8583/3,morphology,Thymoma,,"lymphocyte-rich, malignant (C37.9)",C37.9,false,false,,false
9013,214,T,8583/1,morphology,Thymoma,,"lymphocyte-rich, NOS (C37.9)",C37.9,false,false,,false
9014,214,T,8583/3,morphology,Thymoma,,"lymphocytic, malignant (C37.9)",C37.9,false,false,,false
9015,214,T,8583/1,morphology,Thymoma,,"lymphocytic, NOS (C37.9)",C37.9,false,false,,false
9016,215,T,8580/3,morphology,Thymoma,,"malignant, NOS (C37.9)",C37.9,false,false,,false
9017,215,T,8581/3,morphology,Thymoma,,"medullary, malignant (C37.9)",C37.9,false,false,,false
9018,215,T,8581/1,morphology,Thymoma,,"medullary, NOS (C37.9)",C37.9,false,false,,false
9019,215,T,8582/3,morphology,Thymoma,,"mixed type, malignant (C37.9)",C37.9,false,false,,false
9020,215,T,8582/1,morphology,Thymoma,,"mixed type, NOS (C37.9)",C37.9,false,false,,false
9021,215,T,8583/3,morphology,Thymoma,,"organoid, malignant (C37.9)",C37.9,false,false,,false
9022,215,T,8583/1,morphology,Thymoma,,"organoid, NOS (C37.9)",C37.9,false,false,,false
9023,215,T,8583/3,morphology,Thymoma,,"predominantly cortical, malignant (C37.9)",C37.9,false,false,,false
9024,215,T,8583/1,morphology,Thymoma,,"predominantly cortical, NOS (C37.9)",C37.9,false,false,,false
9025,215,T,8581/3,morphology,Thymoma,,"spindle cell, malignant (C37.9)",C37.9,false,false,,false
9026,215,T,8581/1,morphology,Thymoma,,"spindle cell, NOS (C37.9)",C37.9,false,false,,false
9027,215,T,8582/3,morphology,Thymoma,,"type AB, malignant (C37.9)",C37.9,false,false,,false
9028,215,T,8582/1,morphology,Thymoma,,"type AB, NOS (C37.9)",C37.9,false,false,,false
9029,215,T,8581/3,morphology,Thymoma,,"type A, malignant (C37.9)",C37.9,false,false,,false
9030,215,T,8581/1,morphology,Thymoma,,"type A, NOS (C37.9)",C37.9,false,false,,false
9031,215,T,8583/3,morphology,Thymoma,,"type B1, malignant (C37.9)",C37.9,false,false,,false
9032,215,T,8583/1,morphology,Thymoma,,"type B1, NOS (C37.9)",C37.9,false,false,,false
9033,215,T,8584/3,morphology,Thymoma,,"type B2, malignant (C37.9)",C37.9,false,false,,false
9034,215,T,8584/1,morphology,Thymoma,,"type B2, NOS (C37.9)",C37.9,false,false,,false
9035,215,T,8585/3,morphology,Thymoma,,"type B3, malignant (C37.9)",C37.9,false,false,,false
9036,215,T,8585/1,morphology,Thymoma,,"type B3, NOS (C37.9)",C37.9,false,false,,false
9037,215,T,8586/3,morphology,Thymoma,,type C (C37.9),C37.9,false,false,,false
9038,215,T,C37.9,topography,Thymus,,Thymus,,false,false,,true
9039,215,T,8589/3,morphology,Thymus-like,,"differentiation, carcinoma showing",,false,false,,false
9040,215,T,8588/3,morphology,Thymus-like,,"differentiation, spindle epithelial tumor with thymus-like",,false,false,,false
9041,215,T,8589/3,morphology,Thymus-like,,"element, carcinoma showing",,false,false,,false
9042,215,T,8588/3,morphology,Thymus-like,,"element, spindle epithelial tumor with",,false,false,,false
9043,215,T,C73.9,topography,Thyroglossal duct,,Thyroglossal duct,,false,false,,true
9044,215,T,,,Thyroglossal duct,,Thyroglossal duct cyst (see SNOMED),,false,true,,false
9045,215,T,C73.9,topography,Thyroid,,NOS,,false,false,,false
9046,215,T,C32.3,topography,Thyroid,,cartilage,,false,false,,false
9047,215,T,C73.9,topography,Thyroid,,gland,,false,false,,false
9048,215,T,C40.2,topography,Tibia,,Tibia,,false,false,,true
9049,215,T,9261/3,morphology,Tibial adamantinoma,,Tibial adamantinoma (C40.2),C40.2,false,false,,true
9050,215,T,C77.4,topography,Tibial lymph node,,Tibial lymph node,,false,false,,true
9051,215,T,C02.1,topography,Tip of tongue,,Tip of tongue,,false,false,,true
9052,215,T,C76.5,topography,Toe,,NOS,,false,false,,false
9053,215,T,C44.7,topography,Toe,,"NOS (carcinoma, melanoma, nevus) 8332/3 follicular adenocarcinoma (C73.9)",C73.9,false,false,,false
9054,215,T,C49.2,topography,Toe,,"NOS (sarcoma, lipoma)",,false,false,,false
9055,215,T,C47.2,topography,Toe,,autonomic nervous system,,false,false,,false
9056,215,T,C40.3,topography,Toe,,bone,,false,false,,false
9057,215,T,C49.2,topography,Toe,,connective tissue,,false,false,,false
9058,215,T,C49.2,topography,Toe,,fibrous tissue,,false,false,,false
9059,215,T,C49.2,topography,Toe,,muscle,,false,false,,false
9060,215,T,C44.7,topography,Toe,,nail,,false,false,,false
9061,215,T,C47.2,topography,Toe,,peripheral nerve,,false,false,,false
9062,215,T,C49.2,topography,Toe,,skeletal muscle,,false,false,,false
9063,215,T,C44.7,topography,Toe,,skin,,false,false,,false
9064,215,T,C49.2,topography,Toe,,soft tissue,,false,false,,false
9065,215,T,C49.2,topography,Toe,,subcutaneous tissue,,false,false,,false
9066,215,T,C49.2,topography,Toe,,tendon,,false,false,,false
9067,215,T,C49.2,topography,Toe,,tendon sheath,,false,false,,false
9068,215,T,C02.9,topography,Tongue,,NOS,,false,false,,false
9069,215,T,C02.0,topography,Tongue,,"anterior 2/3, dorsal surface",,false,false,,false
9070,215,T,C02.3,topography,Tongue,,"anterior 2/3, NOS",,false,false,,false
9071,215,T,C02.2,topography,Tongue,,"anterior 2/3, ventral surface",,false,false,,false
9072,215,T,C02.0,topography,Tongue,,"anterior, dorsal surface",,false,false,,false
9073,215,T,C02.3,topography,Tongue,,"anterior, NOS",,false,false,,false
9074,215,T,C02.2,topography,Tongue,,"anterior, ventral surface",,false,false,,false
9075,215,T,C01.9,topography,Tongue,,"base, dorsal surface",,false,false,,false
9076,215,T,C01.9,topography,Tongue,,"base, NOS",,false,false,,false
9077,215,T,C02.1,topography,Tongue,,border,,false,false,,false
9078,215,T,C02.0,topography,Tongue,,"dorsal surface, NOS",,false,false,,false
9079,215,T,C01.9,topography,Tongue,,dorsal surface of base,,false,false,,false
9080,215,T,C02.2,topography,Tongue,,frenulum linguae,,false,false,,false
9081,215,T,C02.8,topography,Tongue,,junctional zone,,false,false,,false
9082,215,T,C02.9,topography,Tongue,,"lingual, NOS",,false,false,,false
9083,215,T,C02.4,topography,Tongue,,lingual tonsil,,false,false,,false
9084,215,T,C02.0,topography,Tongue,,midline,,false,false,,false
9085,215,T,C01.9,topography,Tongue,,"posterior, NOS",,false,false,,false
9086,215,T,C01.9,topography,Tongue,,posterior third,,false,false,,false
9087,215,T,C01.9,topography,Tongue,,root,,false,false,,false
9088,215,T,C02.1,topography,Tongue,,tip,,false,false,,false
9089,215,T,C02.2,topography,Tongue,,"ventral surface, anterior",,false,false,,false
9090,215,T,C02.2,topography,Tongue,,"ventral surface, anterior 2/3",,false,false,,false
9091,215,T,C02.2,topography,Tongue,,"ventral surface, NOS",,false,false,,false
9092,215,T,C09.9,topography,Tonsil,,NOS (excludes lingual tonsil C02.4 and pharyngeal tonsil C11.1),,false,false,,false
9093,215,T,C09.9,topography,Tonsil,,faucial,,false,false,,false
9094,215,T,C02.4,topography,Tonsil,,lingual,,false,false,,false
9095,215,T,C09.9,topography,Tonsil,,palatine,,false,false,,false
9096,215,T,C11.1,topography,Tonsil,,pharyngeal,,false,false,,false
9097,215,T,C09.0,topography,Tonsillar fossa,,Tonsillar fossa,,false,false,,true
9098,215,T,C09.1,topography,Tonsillar pillar,,Tonsillar pillar,,false,false,,true
9099,215,T,C03.9,topography,Tooth socket,,Tooth socket,,false,false,,true
9100,215,T,8190/3,morphology,Trabecular,,adenocarcinoma,,false,false,,false
9101,215,T,8190/0,morphology,Trabecular,,adenoma,,false,false,,false
9102,215,T,8336/0,morphology,Trabecular,,"adenoma, hyalinizing (C73.9)",C73.9,false,false,,false
9103,215,T,8190/3,morphology,Trabecular,,carcinoma,,false,false,,false
9104,215,T,8332/3,morphology,Trabecular,,follicular carcinoma (C73.9),C73.9,false,false,,false
9105,215,T,C33.9,topography,Trachea,,Trachea,,false,false,,true
9106,215,T,C77.1,topography,Tracheal lymph node,,Tracheal lymph node,,false,false,,true
9107,215,T,C77.1,topography,Tracheobronchial lymph node,,Tracheobronchial lymph node,,false,false,,true
9108,216,T,C26.9,topography,Tract,,"alimentary, NOS",,false,false,,false
9109,216,T,C24.9,topography,Tract,,"biliary, NOS",,false,false,,false
9110,216,T,C57.9,topography,Tract,,"female genital, NOS",,false,false,,false
9111,216,T,C26.9,topography,Tract,,"gastrointestinal, NOS",,false,false,,false
9112,216,T,C57.9,topography,Tract,,"genitourinary, female, NOS",,false,false,,false
9113,216,T,C63.9,topography,Tract,,"genitourinary, male, NOS",,false,false,,false
9114,216,T,C26.0,topography,Tract,,"intestinal, NOS",,false,false,,false
9115,216,T,C63.9,topography,Tract,,"male genital, NOS",,false,false,,false
9116,216,T,C72.3,topography,Tract,,optic,,false,false,,false
9117,216,T,C39.9,topography,Tract,,"respiratory, NOS",,false,false,,false
9118,216,T,C39.0,topography,Tract,,"upper respiratory, NOS",,false,false,,false
9119,216,T,C69.4,topography,Tract,,uveal,,false,false,,false
9120,216,T,8213/0,morphology,Traditional serrated adenoma,,Traditional serrated adenoma,,false,false,,true
9121,216,T,8213/0,morphology,Traditional sessile serrated adenoma,,Traditional sessile serrated adenoma,,false,false,,true
9122,216,T,C44.2,topography,Tragus,,Tragus,,false,false,,true
9123,216,T,9084/3,morphology,"Transformation, malignant, dermoid cyst",,"Transformation, malignant, dermoid cyst with (C56.9)",C56.9,false,false,,true
9124,216,T,9084/3,morphology,"Transformation, malignant, teratoma with",,"Transformation, malignant, teratoma with",,false,false,,true
9125,216,T,9898/1,morphology,Transient abnormal myelopoiesis,,Transient abnormal myelopoiesis,,false,false,,true
9126,216,T,8120/3,morphology,Transitional,,carcinoma,,false,false,,false
9127,216,T,9537/0,morphology,Transitional,,meningioma (C70._),,false,false,,false
9128,216,T,8120/0,morphology,Transitional,Papilloma,NOS,,false,false,,false
9129,216,T,8121/0,morphology,Transitional,Papilloma,"inverted, benign",,false,false,,false
9130,216,T,8121/1,morphology,Transitional,Papilloma,"inverted, NOS",,false,false,,false
9131,216,T,9362/3,morphology,Transitional,,pineal tumor (C75.3),C75.3,false,false,,false
9132,216,T,8120/3,morphology,Transitional cell,Carcinoma,NOS,,false,false,,false
9133,216,T,8120/2,morphology,Transitional cell,Carcinoma,in situ,,false,false,,false
9134,216,T,8131/3,morphology,Transitional cell,Carcinoma,micropapillary (C67._),,false,false,,false
9135,216,T,8130/3,morphology,Transitional cell,Carcinoma,papillary (C67._),,false,false,,false
9136,216,T,8130/2,morphology,Transitional cell,Carcinoma,"papillary, non-invasive (C67._)",,false,false,,false
9137,216,T,8122/3,morphology,Transitional cell,Carcinoma,sarcomatoid,,false,false,,false
9138,216,T,8122/3,morphology,Transitional cell,Carcinoma,spindle cell,,false,false,,false
9139,216,T,8130/1,morphology,Transitional cell,,"neoplasm, papillary, low malignant potential (C67._)",,false,false,,false
9140,216,T,8120/1,morphology,Transitional cell,Papilloma,NOS,,false,false,,false
9141,216,T,8120/0,morphology,Transitional cell,Papilloma,benign,,false,false,,false
9142,216,T,8121/0,morphology,Transitional cell,Papilloma,"inverted, benign",,false,false,,false
9143,216,T,8121/1,morphology,Transitional cell,Papilloma,"inverted, NOS",,false,false,,false
9144,216,T,C18.4,topography,Transverse colon,,Transverse colon,,false,false,,true
9145,216,T,C49.3,topography,Trapezius muscle,,Trapezius muscle,,false,false,,true
9146,216,T,,,Trapezius muscle,,Traumatic neuroma (see SNOMED),,false,true,,false
9147,216,T,C06.2,topography,"Triangle, retromolar",,"Triangle, retromolar",,false,false,,true
9148,216,T,C49.1,topography,Triceps brachii muscle,,Triceps brachii muscle,,false,false,,true
9149,216,T,8102/3,morphology,Trichilemmal,,carcinoma (C44._),,false,false,,false
9150,216,T,8103/0,morphology,Trichilemmal,,"cyst, proliferating",,false,false,,false
9151,216,T,8103/0,morphology,Trichilemmal,,"tumor, proliferating",,false,false,,false
9152,216,T,8102/3,morphology,Trichilemmocarcinoma (C44._),,Trichilemmocarcinoma (C44._),,false,false,,true
9153,216,T,8102/0,morphology,Trichilemmoma (C44._),,Trichilemmoma (C44._),,false,false,,true
9154,216,T,8391/0,morphology,Trichodiscoma (C44._),,Trichodiscoma (C44._),,false,false,,true
9155,216,T,8100/0,morphology,Trichoepithelioma (C44._),,Trichoepithelioma (C44._),,false,false,,true
9156,216,T,8101/0,morphology,Trichofolliculoma (C44._),,Trichofolliculoma (C44._),,false,false,,true
9157,216,T,C72.5,topography,Trigeminal nerve,,Trigeminal nerve,,false,false,,true
9158,216,T,C67.0,topography,"Trigone, bladder",,"Trigone, bladder",,false,false,,true
9159,216,T,C06.2,topography,"Trigone, retromolar",,"Trigone, retromolar",,false,false,,true
9160,216,T,9561/3,morphology,"Triton tumor, malignant",,"Triton tumor, malignant",,false,false,,true
9161,216,T,C72.5,topography,Trochlear nerve,,Trochlear nerve,,false,false,,true
9162,216,T,9102/3,morphology,Trophoblastic,,malignant teratoma,,false,false,,false
9163,216,T,9105/3,morphology,Trophoblastic,,"tumor, epithelioid",,false,false,,false
9164,216,T,9104/1,morphology,Trophoblastic,,"tumor, placental site (C58.9)",C58.9,false,false,,false
9165,216,T,C32.0,topography,True cord,,True cord,,false,false,,true
9166,216,T,9755/3,morphology,True histiocytic lymphoma,,True histiocytic lymphoma,,false,false,,true
9167,216,T,C32.0,topography,True vocal cord,,True vocal cord,,false,false,,true
9168,216,T,C76.7,topography,Trunk,,NOS,,false,false,,false
9169,216,T,C44.5,topography,Trunk,,"NOS (carcinoma, melanoma, nevus)",,false,false,,false
9170,216,T,C49.6,topography,Trunk,,"NOS (sarcoma, lipoma)",,false,false,,false
9171,216,T,C49.6,topography,Trunk,,adipose tissue,,false,false,,false
9172,216,T,C47.6,topography,Trunk,,autonomic nervous system,,false,false,,false
9173,216,T,C49.6,topography,Trunk,,connective tissue,,false,false,,false
9174,216,T,C49.6,topography,Trunk,,fatty tissue,,false,false,,false
9175,216,T,C49.6,topography,Trunk,,fibrous tissue,,false,false,,false
9176,216,T,C49.6,topography,Trunk,,muscle,,false,false,,false
9177,216,T,C47.6,topography,Trunk,,peripheral nerve,,false,false,,false
9178,216,T,C49.6,topography,Trunk,,skeletal muscle,,false,false,,false
9179,216,T,C44.5,topography,Trunk,,skin,,false,false,,false
9180,216,T,C49.6,topography,Trunk,,soft tissue,,false,false,,false
9181,216,T,C49.6,topography,Trunk,,subcutaneous tissue,,false,false,,false
9182,216,T,C30.1,topography,Tube,,auditory,,false,false,,false
9183,216,T,C30.1,topography,Tube,,eustachian,,false,false,,false
9184,216,T,C57.0,topography,Tube,,fallopian,,false,false,,false
9185,216,T,C57.0,topography,Tube,,uterine,,false,false,,false
9186,216,T,C57.8,topography,Tubo-ovarian,,Tubo-ovarian,,false,false,,true
9187,216,T,8211/3,morphology,Tubular,,adenocarcinoma,,false,false,,false
9188,216,T,8211/0,morphology,Tubular,Adenoma,NOS,,false,false,,false
9189,216,T,8210/3,morphology,Tubular,Adenoma,adenocarcinoma in,,false,false,,false
9190,216,T,8210/2,morphology,Tubular,Adenoma,adenocarcinoma in situ in,,false,false,,false
9191,216,T,8523/3,morphology,Tubular,Adenoma,and infiltrating duct carcinoma (C50._),,false,false,,false
9192,216,T,8640/1,morphology,Tubular,Adenoma,Pick,,false,false,,false
9193,217,T,8640/1,morphology,Tubular,,"androblastoma, NOS",,false,false,,false
9194,217,T,8641/0,morphology,Tubular,,androblastoma with lipid storage (C56.9),C56.9,false,false,,false
9195,217,T,8245/1,morphology,Tubular,,carcinoid,,false,false,,false
9196,217,T,8211/3,morphology,Tubular,,carcinoma,,false,false,,false
9197,217,T,8503/2,morphology,"Tubular-papillary neoplasm, intraductal,",,"Tubular-papillary neoplasm, intraductal, high grade",,false,false,,true
9198,217,T,8503/0,morphology,"Tubular-papillary neoplasm, intraductal,",,"Tubular-papillary neoplasm, intraductal, low grade",,false,false,,true
9199,217,T,8623/1,morphology,"Tubules, annular, sex cord tumor with",,"Tubules, annular, sex cord tumor with (C56.9)",C56.9,false,false,,true
9200,217,T,8263/3,morphology,Tubulopapillary adenocarcinoma,,Tubulopapillary adenocarcinoma,,false,false,,true
9201,217,T,8263/0,morphology,Tubulo-papillary adenoma,,Tubulo-papillary adenoma,,false,false,,true
9202,217,T,8263/0,morphology,Tubulovillous adenoma,,NOS,,false,false,,false
9203,217,T,8263/3,morphology,Tubulovillous adenoma,,adenocarcinoma in,,false,false,,false
9204,217,T,8263/2,morphology,Tubulovillous adenoma,,adenocarcinoma in situ in,,false,false,,false
9205,217,T,9161/0,morphology,"Tufted hemangioma, acquired",,"Tufted hemangioma, acquired",,false,false,,true
9206,217,T,8000/1,morphology,Tumor,,NOS,,false,false,,false
9207,217,T,8550/1,morphology,Tumor,,acinar cell [obs],,true,false,,false
9208,217,T,8550/1,morphology,Tumor,,acinic cell [obs],,true,false,,false
9209,217,T,8158/1,morphology,Tumor,,ACTH-producing,,false,false,,false
9210,217,T,8245/3,morphology,Tumor,,adenocarcinoid,,false,false,,false
9211,217,T,9054/0,morphology,Tumor,,"adenomatoid, NOS",,false,false,,false
9212,217,T,9300/0,morphology,Tumor,,"adenomatoid, odontogenic (C41._)",,false,false,,false
9213,217,T,8390/0,morphology,Tumor,,"adnexal, benign (C44._)",,false,false,,false
9214,217,T,8370/0,morphology,Tumor,Adrenal cortical,NOS (C74.0),C74.0,false,false,,false
9215,217,T,8370/0,morphology,Tumor,Adrenal cortical,benign (C74.0),C74.0,false,false,,false
9216,217,T,8370/3,morphology,Tumor,Adrenal cortical,malignant (C74.0),C74.0,false,false,,false
9217,217,T,8671/0,morphology,Tumor,,adrenal rest,,false,false,,false
9218,217,T,8152/3,morphology,Tumor,,"alpha cell, malignant (C25._)",,false,false,,false
9219,217,T,8152/1,morphology,Tumor,,"alpha cell, NOS (C25._)",,false,false,,false
9220,217,T,9133/3,morphology,Tumor,,"alveolar, intravascular bronchial (C34._) [obs]",,true,false,,false
9221,217,T,,,Tumor,,amyloid (see SNOMED),,false,true,,false
9222,217,T,8691/1,morphology,Tumor,,aortic body (C75.5),C75.5,false,false,,false
9223,217,T,9365/3,morphology,Tumor,,Askin,,false,false,,false
9224,217,T,8249/3,morphology,Tumor,,atypical carcinoid,,false,false,,false
9225,217,T,9508/3,morphology,Tumor,,atypical teratoid/rhabdoid (C71._),,false,false,,false
9226,217,T,8936/1,morphology,Tumor,,"autonomic nerve, gastrointestinal",,false,false,,false
9227,217,T,8090/1,morphology,Tumor,,basal cell (C44._),,false,false,,false
9228,217,T,8833/3,morphology,Tumor,,Bednar (C44._),,false,false,,false
9229,217,T,8000/0,morphology,Tumor,,benign,,false,false,,false
9230,217,T,8000/0,morphology,Tumor,,"benign, unclassified",,false,false,,false
9231,217,T,8151/3,morphology,Tumor,,"beta cell, malignant",,false,false,,false
9232,217,T,9000/0,morphology,Tumor,Brenner,NOS (C56.9),C56.9,false,false,,false
9233,217,T,9000/1,morphology,Tumor,Brenner,borderline malignancy (C56.9),C56.9,false,false,,false
9234,217,T,9000/3,morphology,Tumor,Brenner,malignant (C56.9),C56.9,false,false,,false
9235,217,T,9000/1,morphology,Tumor,Brenner,proliferating (C56.9),C56.9,false,false,,false
9236,217,T,9133/3,morphology,Tumor,,"bronchial alveolar, intravascular (C34._) [obs]",,true,false,,false
9237,217,T,8100/0,morphology,Tumor,,Brooke (C44._),,false,false,,false
9238,217,T,8880/0,morphology,Tumor,,brown fat,,false,false,,false
9239,217,T,9687/3,morphology,Tumor,,Burkitt [obs] (includes all variants),,true,false,,false
9240,217,T,8975/1,morphology,Tumor,,calcifying nested epithelial stromal (C22.0),C22.0,false,false,,false
9241,217,T,8240/3,morphology,Tumor,Carcinoid,NOS,,false,false,,false
9242,217,T,8241/3,morphology,Tumor,Carcinoid,"argentaffin, malignant",,false,false,,false
9243,217,T,8240/1,morphology,Tumor,Carcinoid,"argentaffin, NOS",,false,false,,false
9244,217,T,8249/3,morphology,Tumor,Carcinoid,atypical,,false,false,,false
9245,217,T,8240/1,morphology,Tumor,Carcinoid,uncertain malignant potential,,false,false,,false
9246,217,T,8692/1,morphology,Tumor,,carotid body (C75.4),C75.4,false,false,,false
9247,217,T,8001/1,morphology,Tumor,Cells,NOS,,false,false,,false
9248,217,T,8001/0,morphology,Tumor,Cells,benign,,false,false,,false
9249,217,T,8001/3,morphology,Tumor,Cells,malignant,,false,false,,false
9250,217,T,8001/1,morphology,Tumor,Cells,uncertain whether benign or malignant,,false,false,,false
9251,217,T,9473/3,morphology,Tumor,,"central primitive neuroectodermal,",,false,false,,false
9252,217,T,9230/0,morphology,Tumor,,"chondromatous giant cell (C40._, C41._)",,false,false,,false
9253,217,T,8700/0,morphology,Tumor,,chromaffin,,false,false,,false
9254,217,T,8005/0,morphology,Tumor,Clear cell,NOS,,false,false,,false
9255,217,T,8444/1,morphology,Tumor,Clear cell,atypical proliferating (C56.9),C56.9,false,false,,false
9256,217,T,8444/1,morphology,Tumor,Clear cell,"cystic, borderline malignancy (C56.9)",C56.9,false,false,,false
9257,217,T,8005/3,morphology,Tumor,Clear cell,"type, malignant",,false,false,,false
9258,217,T,9230/0,morphology,Tumor,,"Codman (C40._, C41._)",,false,false,,false
9259,217,T,8452/1,morphology,Tumor,Cystic,and solid (C25._),,false,false,,false
9260,217,T,8454/0,morphology,Tumor,Cystic,atrio-ventricular node (C38.0),C38.0,false,false,,false
9261,217,T,8444/1,morphology,Tumor,Cystic,"clear cell, borderline malignancy (C56.9)",C56.9,false,false,,false
9262,217,T,8470/0,morphology,Tumor,Cystic,"mucinous, with moderate dysplasia (C25._)",,false,false,,false
9263,217,T,8452/1,morphology,Tumor,Cystic,papillary (C25._),,false,false,,false
9264,217,T,9135/1,morphology,Tumor,,Dabska,,false,false,,false
9265,217,T,9758/3,morphology,Tumor,,"dendritic cell, follicular",,false,false,,false
9266,217,T,9757/3,morphology,Tumor,,"dendritic cell, indeterminate",,false,false,,false
9267,217,T,8806/3,morphology,Tumor,,desmoplastic small round cell,,false,false,,false
9268,217,T,9413/0,morphology,Tumor,,dysembryoplastic neuroepithelial,,false,false,,false
9269,217,T,8000/6,morphology,Tumor,,embolus,,false,false,,false
9270,217,T,8158/1,morphology,Tumor,Endocrine,"functioning, NOS",,false,false,,false
9271,217,T,8154/3,morphology,Tumor,Endocrine,malignant mixed pancreatic exocrine and (C25._),,false,false,,false
9272,217,T,8150/0,morphology,Tumor,Endocrine,"pancreatic, benign (C25._)",,false,false,,false
9273,217,T,8154/3,morphology,Tumor,Endocrine,"pancreatic exocrine and, malignant mixed (C25._)",,false,false,,false
9274,218,T,8150/3,morphology,Tumor,Endocrine,"pancreatic, malignant (C25._)",,false,false,,false
9275,218,T,8150/3,morphology,Tumor,Endocrine,"pancreatic, non-functioning (C25._)",,false,false,,false
9276,218,T,8150/1,morphology,Tumor,Endocrine,"pancreatic, NOS (C25._)",,false,false,,false
9277,218,T,9071/3,morphology,Tumor,,endodermal sinus,,false,false,,false
9278,218,T,8380/1,morphology,Tumor,,"endometrioid, atypical proliferative",,false,false,,false
9279,218,T,8380/1,morphology,Tumor,,"endometrioid, low malignant potential",,false,false,,false
9280,218,T,8242/3,morphology,Tumor,,"enterochromaffin-like cell, malignant",,false,false,,false
9281,218,T,8010/0,morphology,Tumor,Epithelial,benign,,false,false,,false
9282,218,T,8975/1,morphology,Tumor,Epithelial,calcifying nested stromal (C22.0),C22.0,false,false,,false
9283,218,T,8010/3,morphology,Tumor,Epithelial,malignant,,false,false,,false
9284,218,T,9260/3,morphology,Tumor,,"Ewing (C40._, C41._)",,false,false,,false
9285,218,T,8154/3,morphology,Tumor,,"exocrine and pancreatic endocrine, malignant mixed (C25._)",,false,false,,false
9286,218,T,9759/3,morphology,Tumor,,fibroblastic reticular cell,,false,false,,false
9287,218,T,8835/1,morphology,Tumor,,"fibrohistiocytic, plexiform",,false,false,,false
9288,218,T,8842/0,morphology,Tumor,,"fibromyxoid, ossifying",,false,false,,false
9289,218,T,8815/0,morphology,Tumor,Fibrous,localized,,false,false,,false
9290,218,T,8815/0,morphology,Tumor,Fibrous,solitary,,false,false,,false
9291,218,T,8815/3,morphology,Tumor,Fibrous,"solitary, malignant",,false,false,,false
9292,218,T,9758/3,morphology,Tumor,,follicular dendritic cell,,false,false,,false
9293,218,T,8158/1,morphology,Tumor,,"functioning endocrine, NOS",,false,false,,false
9294,218,T,8004/3,morphology,Tumor,,"fusiform cell type, malignant",,false,false,,false
9295,218,T,8153/1,morphology,Tumor,,gastrin cell tumor,,false,false,,false
9296,218,T,8153/3,morphology,Tumor,,"gastrin cell tumor, malignant",,false,false,,false
9297,218,T,8936/1,morphology,Tumor,Gastrointestinal,autonomic nerve,,false,false,,false
9298,218,T,8936/1,morphology,Tumor,Gastrointestinal,pacemaker cell,,false,false,,false
9299,218,T,8936/1,morphology,Tumor,Gastrointestinal stromal,NOS,,false,false,,false
9300,218,T,8936/0,morphology,Tumor,Gastrointestinal stromal,benign,,false,false,,false
9301,218,T,8936/3,morphology,Tumor,Gastrointestinal stromal,malignant,,false,false,,false
9302,218,T,8936/1,morphology,Tumor,Gastrointestinal stromal,uncertain malignant potential,,false,false,,false
9303,218,T,8153/3,morphology,Tumor,,"G cell, malignant",,false,false,,false
9304,218,T,8153/1,morphology,Tumor,,"G cell, NOS",,false,false,,false
9305,218,T,9064/3,morphology,Tumor,Germ cell,NOS,,false,false,,false
9306,218,T,9085/3,morphology,Tumor,Germ cell,mixed,,false,false,,false
9307,218,T,9065/3,morphology,Tumor,Germ cell,nonseminomatous (C62._),,false,false,,false
9308,218,T,9302/0,morphology,Tumor,,"ghost cell, odontogenic (C41._)",,false,false,,false
9309,218,T,9250/3,morphology,Tumor,Giant cell,"bone, malignant (C40._, C41._)",,false,false,,false
9310,218,T,9250/1,morphology,Tumor,Giant cell,"bone, NOS (C40._, C41._)",,false,false,,false
9311,218,T,9230/0,morphology,Tumor,Giant cell,"chondromatous (C40._, C41._)",,false,false,,false
9312,218,T,9251/3,morphology,Tumor,Giant cell,"soft parts, malignant",,false,false,,false
9313,218,T,9251/1,morphology,Tumor,Giant cell,"soft parts, NOS",,false,false,,false
9314,218,T,9252/0,morphology,Tumor,Giant cell,tendon sheath (C49._),,false,false,,false
9315,218,T,9252/3,morphology,Tumor,Giant cell,"tendon sheath, malignant (C49._)",,false,false,,false
9316,218,T,9252/0,morphology,Tumor,Giant cell,tenosynovial (C49._),,false,false,,false
9317,218,T,9252/3,morphology,Tumor,Giant cell,"tenosynovial, malignant (C49._)",,false,false,,false
9318,218,T,8003/3,morphology,Tumor,Giant cell,"type, malignant",,false,false,,false
9319,218,T,9509/1,morphology,Tumor,,"glioneuronal, papillary",,false,false,,false
9320,218,T,9509/1,morphology,Tumor,,"glioneuronal, rosette-forming",,false,false,,false
9321,218,T,8711/0,morphology,Tumor,Glomus,NOS,,false,false,,false
9322,218,T,8690/1,morphology,Tumor,Glomus,"jugulare, NOS (C75.5)",C75.5,false,false,,false
9323,218,T,8711/3,morphology,Tumor,Glomus,malignant,,false,false,,false
9324,218,T,8152/1,morphology,Tumor,,glucagon-like peptide producing,,false,false,,false
9325,218,T,8590/1,morphology,Tumor,,gonadal stromal,,false,false,,false
9326,218,T,8590/1,morphology,Tumor,Gonadal stromal-sex cord,NOS,,false,false,,false
9327,218,T,8591/1,morphology,Tumor,Gonadal stromal-sex cord,incompletely differentiated,,false,false,,false
9328,218,T,8592/1,morphology,Tumor,Gonadal stromal-sex cord,mixed forms,,false,false,,false
9329,218,T,9580/0,morphology,Tumor,Granular cell,NOS,,false,false,,false
9330,218,T,9580/3,morphology,Tumor,Granular cell,malignant,,false,false,,false
9331,218,T,9582/0,morphology,Tumor,Granular cell,sellar region (C75.1),C75.1,false,false,,false
9332,218,T,8620/1,morphology,Tumor,Granulosa cell,NOS (C56.9),C56.9,false,false,,false
9333,218,T,8620/1,morphology,Tumor,Granulosa cell,adult type (C56.9),C56.9,false,false,,false
9334,218,T,8622/1,morphology,Tumor,Granulosa cell,juvenile (C56.9),C56.9,false,false,,false
9335,218,T,8620/3,morphology,Tumor,Granulosa cell,malignant (C56.9),C56.9,false,false,,false
9336,218,T,8620/3,morphology,Tumor,Granulosa cell,sarcomatoid (C56.9),C56.9,false,false,,false
9337,218,T,8621/1,morphology,Tumor,,granulosa cell-theca cell (C56.9),C56.9,false,false,,false
9338,218,T,8312/3,morphology,Tumor,,Grawitz [obs] (C64.9),C64.9,true,false,,false
9339,218,T,8660/0,morphology,Tumor,,hilar cell (C56.9),C56.9,false,false,,false
9340,218,T,8660/0,morphology,Tumor,,hilus cell (C56.9),C56.9,false,false,,false
9341,218,T,8290/0,morphology,Tumor,,Hurthle cell (C73.9),C73.9,false,false,,false
9342,218,T,8311/1,morphology,Tumor,,hypernephroid [obs],,true,false,,false
9343,218,T,8650/1,morphology,Tumor,Interstitial cell,NOS,,false,false,,false
9344,218,T,8650/0,morphology,Tumor,Interstitial cell,benign,,false,false,,false
9345,218,T,8650/3,morphology,Tumor,Interstitial cell,malignant,,false,false,,false
9346,218,T,8453/0,morphology,Tumor,,"intraductal papillary-mucinous, with moderate dysplasia (C25._)",,false,false,,false
9347,218,T,9133/3,morphology,Tumor,,intravascular bronchial alveolar (C34._) [obs],,true,false,,false
9348,218,T,8150/0,morphology,Tumor,,"islet cell, benign (C25._)",,false,false,,false
9349,218,T,8150/1,morphology,Tumor,,"islet cell, NOS (C25._)",,false,false,,false
9350,218,T,8622/1,morphology,Tumor,,juvenile granulosa cell (C56.9),C56.9,false,false,,false
9351,218,T,8361/0,morphology,Tumor,,juxtaglomerular (C64.9),C64.9,false,false,,false
9352,218,T,8162/3,morphology,Tumor,,"Klatskin (C22.1, C24.0)",,false,false,,false
9353,218,T,8490/6,morphology,Tumor,,Krukenberg,,false,false,,false
9354,218,T,8152/1,morphology,Tumor,,L-cell,,false,false,,false
9355,218,T,8650/1,morphology,Tumor,Leydig cell,NOS (C62._),,false,false,,false
9356,218,T,8650/0,morphology,Tumor,Leydig cell,benign (C62._),,false,false,,false
9357,218,T,8631/0,morphology,Tumor,Leydig cell,"Leydig-Sertoli cell, well differentiated",,false,false,,false
9358,218,T,8670/0,morphology,Tumor,Leydig cell,"lipid cell, ovary (C56.9)",C56.9,false,false,,false
9359,219,T,8670/0,morphology,Tumor,Leydig cell,"lipoid cell, ovary (C56.9)",C56.9,false,false,,false
9360,219,T,8650/3,morphology,Tumor,Leydig cell,malignant (C62._),,false,false,,false
9361,219,T,8000/3,morphology,Tumor,Malignant,NOS,,false,false,,false
9362,219,T,8005/3,morphology,Tumor,Malignant,clear cell type,,false,false,,false
9363,219,T,8004/3,morphology,Tumor,Malignant,fusiform cell type,,false,false,,false
9364,219,T,8003/3,morphology,Tumor,Malignant,giant cell type,,false,false,,false
9365,219,T,8800/3,morphology,Tumor,Malignant,mesenchymal,,false,false,,false
9366,219,T,8154/3,morphology,Tumor,Malignant,"mixed endocrine and exocrine, pancreatic (C25._)",,false,false,,false
9367,219,T,8940/3,morphology,Tumor,Malignant,"mixed, NOS",,false,false,,false
9368,219,T,8940/3,morphology,Tumor,Malignant,"mixed, salivary gland type (C07._, C08._)",,false,false,,false
9369,219,T,8154/3,morphology,Tumor,Malignant,"pancreatic endocrine and exocrine, mixed (C25._)",,false,false,,false
9370,219,T,8150/3,morphology,Tumor,Malignant,pancreatic endocrine (C25._),,false,false,,false
9371,219,T,9540/3,morphology,Tumor,Malignant,peripheral nerve sheath,,false,false,,false
9372,219,T,8002/3,morphology,Tumor,Malignant,small cell type,,false,false,,false
9373,219,T,8004/3,morphology,Tumor,Malignant,spindle cell type,,false,false,,false
9374,219,T,8000/3,morphology,Tumor,Malignant,unclassified,,false,false,,false
9375,219,T,8000/9,morphology,Tumor,Malignant,"unclassified, uncertain whether primary or metastatic",,false,false,,false
9376,219,T,9740/3,morphology,Tumor,,"mast cell, malignant",,false,false,,false
9377,219,T,9740/1,morphology,Tumor,,"mast cell, NOS",,false,false,,false
9378,219,T,9363/0,morphology,Tumor,,melanotic neuroectodermal,,false,false,,false
9379,219,T,8247/3,morphology,Tumor,,Merkel cell (C44._),,false,false,,false
9380,219,T,8800/3,morphology,Tumor,,"mesenchymal, malignant",,false,false,,false
9381,219,T,8990/1,morphology,Tumor,,"mesenchymal, mixed",,false,false,,false
9382,219,T,8951/3,morphology,Tumor,,mesodermal mixed,,false,false,,false
9383,219,T,9110/1,morphology,Tumor,,"mesonephric, NOS",,false,false,,false
9384,219,T,8000/6,morphology,Tumor,,metastatic,,false,false,,false
9385,219,T,8940/0,morphology,Tumor,Mixed,NOS,,false,false,,false
9386,219,T,8154/3,morphology,Tumor,Mixed,"endocrine and exocrine, malignant pancreatic (C25._)",,false,false,,false
9387,219,T,8154/3,morphology,Tumor,Mixed,"exocrine and pancreatic endocrine, malignant (C25._)",,false,false,,false
9388,219,T,9085/3,morphology,Tumor,Mixed,germ cell,,false,false,,false
9389,219,T,8940/3,morphology,Tumor,Mixed,"malignant, NOS",,false,false,,false
9390,219,T,8990/1,morphology,Tumor,Mixed,mesenchymal,,false,false,,false
9391,219,T,8951/3,morphology,Tumor,Mixed,mesodermal,,false,false,,false
9392,219,T,8940/3,morphology,Tumor,Mixed,"salivary gland type, malignant (C07._, C08._)",,false,false,,false
9393,219,T,8940/0,morphology,Tumor,Mixed,"salivary gland type, NOS (C07._, C08._)",,false,false,,false
9394,219,T,8472/1,morphology,Tumor,Mucinous,"NOS, of low malignant potential (C56.9)",C56.9,false,false,,false
9395,219,T,8472/1,morphology,Tumor,Mucinous,atypical proliferative (C56.9),C56.9,false,false,,false
9396,219,T,8472/1,morphology,Tumor,Mucinous,"cystic, of borderline malignancy (C56.9)",C56.9,false,false,,false
9397,219,T,8470/0,morphology,Tumor,Mucinous,"cystic, with moderate dysplasia (C25._)",,false,false,,false
9398,219,T,8473/1,morphology,Tumor,Mucinous,"papillary, of low malignant potential (C56.9)",C56.9,false,false,,false
9399,219,T,8453/0,morphology,Tumor,,"mucinous-papillary, intraductal, with moderate dysplasia (C25._)",,false,false,,false
9400,219,T,8243/3,morphology,Tumor,,mucocarcinoid,,false,false,,false
9401,219,T,8430/1,morphology,Tumor,,mucoepidermoid [obs],,true,false,,false
9402,219,T,8950/3,morphology,Tumor,,Mullerian mixed (C54._),,false,false,,false
9403,219,T,8982/0,morphology,Tumor,,myoepithelial,,false,false,,false
9404,219,T,8825/1,morphology,Tumor,Myofibroblastic,NOS,,false,false,,false
9405,219,T,8827/1,morphology,Tumor,Myofibroblastic,congenital peribronchial,,false,false,,false
9406,219,T,8825/1,morphology,Tumor,Myofibroblastic,inflammatory,,false,false,,false
9407,219,T,8827/1,morphology,Tumor,Myofibroblastic,peribronchial (C34._),,false,false,,false
9408,219,T,9540/3,morphology,Tumor,,"nerve sheath, malignant peripheral",,false,false,,false
9409,219,T,9561/3,morphology,Tumor,,"nerve sheath, malignant peripheral, with rhabdomyoblastic differentiation",,false,false,,false
9410,219,T,9364/3,morphology,Tumor,Neuroectodermal,NOS,,false,false,,false
9411,219,T,9473/3,morphology,Tumor,Neuroectodermal,"central primitive, NOS (C71._)",,false,false,,false
9412,219,T,9363/0,morphology,Tumor,Neuroectodermal,melanotic,,false,false,,false
9413,219,T,9364/3,morphology,Tumor,Neuroectodermal,peripheral,,false,false,,false
9414,219,T,9473/3,morphology,Tumor,Neuroectodermal,"primitive, NOS",,false,false,,false
9415,219,T,8240/3,morphology,Tumor,,"neuroendocrine, grade 1",,false,false,,false
9416,219,T,8249/3,morphology,Tumor,,"neuroendocrine, grade 2",,false,false,,false
9417,219,T,9413/0,morphology,Tumor,,"neuroepithelial, dysembryoplastic",,false,false,,false
9418,219,T,9520/3,morphology,Tumor,,"neurogenic, olfactory",,false,false,,false
9419,219,T,8350/3,morphology,Tumor,,nonencapsulated sclerosing (C73.9),C73.9,false,false,,false
9420,219,T,8150/3,morphology,Tumor,,nonfunctioning pancreatic endocrine (C25._),,false,false,,false
9421,219,T,9065/3,morphology,Tumor,,nonseminomatous germ cell (C62._),,false,false,,false
9422,219,T,9270/1,morphology,Tumor,Odontogenic,NOS (C41._),,false,false,,false
9423,219,T,9300/0,morphology,Tumor,Odontogenic,adenomatoid (C41._),,false,false,,false
9424,219,T,9270/0,morphology,Tumor,Odontogenic,benign (C41._),,false,false,,false
9425,219,T,9340/0,morphology,Tumor,Odontogenic,calcifying epithelial (C41._),,false,false,,false
9426,219,T,9341/1,morphology,Tumor,Odontogenic,clear cell (C41._),,false,false,,false
9427,219,T,9302/0,morphology,Tumor,Odontogenic,ghost cell (C41._),,false,false,,false
9428,219,T,9270/3,morphology,Tumor,Odontogenic,malignant (C41._),,false,false,,false
9429,219,T,9312/0,morphology,Tumor,Odontogenic,squamous (C41._),,false,false,,false
9430,219,T,9395/3,morphology,Tumor,,"of pineal region, papillary",,false,false,,false
9431,219,T,9520/3,morphology,Tumor,,olfactory neurogenic,,false,false,,false
9432,219,T,8842/0,morphology,Tumor,,ossifying fibromyxoid,,false,false,,false
9433,219,T,8967/0,morphology,Tumor,,ossifying renal (C64.9),C64.9,false,false,,false
9434,219,T,8590/1,morphology,Tumor,,ovarian stromal (C56.9),C56.9,false,false,,false
9435,219,T,8936/1,morphology,Tumor,,"pacemaker cell, gastrointestinal",,false,false,,false
9436,219,T,9507/0,morphology,Tumor,,Pacinian,,false,false,,false
9437,219,T,8150/1,morphology,Tumor,Pancreatic Endocrine,NOS (C25._),,false,false,,false
9438,219,T,8150/0,morphology,Tumor,Pancreatic Endocrine,benign (C25._),,false,false,,false
9439,219,T,8150/3,morphology,Tumor,Pancreatic Endocrine,malignant (C25._),,false,false,,false
9440,219,T,8150/3,morphology,Tumor,Pancreatic Endocrine,non-functioning (C25._),,false,false,,false
9441,220,T,8154/3,morphology,Tumor,Pancreatic,"mixed endocrine and exocrine, malignant (C25._)",,false,false,,false
9442,220,T,8152/1,morphology,Tumor,Pancreatic,peptide and pancreatic peptide- like peptide within terminal tyrosine amide producing tumor 9362/3 transitional (C75.3),C75.3,false,false,,false
9443,220,T,8152/1,morphology,Tumor,Pancreatic,"peptide-like peptide within terminal tyrosine amide producing tumor, pancreatic peptide and",,false,false,,false
9444,220,T,8452/1,morphology,Tumor,Papillary,cystic (C25._),,false,false,,false
9445,220,T,9509/1,morphology,Tumor,Papillary,glioneuronal,,false,false,,false
9446,220,T,8503/2,morphology,Tumor,Papillary,"intracystic, with high grade dysplasia (C23.9)",C23.9,false,false,,false
9447,220,T,8503/2,morphology,Tumor,Papillary,"intracystic, with high grade intraepithelial neoplasia (C23.9)",C23.9,false,false,,false
9448,220,T,8503/2,morphology,Tumor,Papillary,"intraductal, with high grade dysplasia",,false,false,,false
9449,220,T,8503/2,morphology,Tumor,Papillary,"intraductal, with high grade intraepithelial neoplasia",,false,false,,false
9450,220,T,8473/1,morphology,Tumor,Papillary,"mucinous, of low malignant potential (C56.9)",C56.9,false,false,,false
9451,220,T,9395/3,morphology,Tumor,Papillary,pineal region,,false,false,,false
9452,220,T,8462/1,morphology,Tumor,Papillary,"serous, atypical proliferative (C56.9)",C56.9,false,false,,false
9453,220,T,8462/1,morphology,Tumor,Papillary,"serous, of low malignant potential (C56.9)",C56.9,false,false,,false
9454,220,T,8453/0,morphology,Tumor,Papillary-mucinous intraductal,with intermediate dysplasia (C25._),,false,false,,false
9455,220,T,8453/0,morphology,Tumor,Papillary-mucinous intraductal,with low grade dysplasia (C25._),,false,false,,false
9456,220,T,8453/0,morphology,Tumor,Papillary-mucinous intraductal,with moderate dysplasia (C25._),,false,false,,false
9457,220,T,9362/3,morphology,Tumor,,"parenchymal, pineal, intermediate differentiation (C75.3)",C75.3,false,false,,false
9458,220,T,8152/1,morphology,Tumor,,peptide-producing glucagon-like,,false,false,,false
9459,220,T,9540/3,morphology,Tumor,Peripheral,"nerve sheath, malignant",,false,false,,false
9460,220,T,9561/3,morphology,Tumor,Peripheral,"nerve sheath, malignant, with 8462/1 papillary cystic, of borderline rhabdomyoblastic differentiation",,false,false,,false
9461,220,T,9364/3,morphology,Tumor,Peripheral,neuroectodermal,,false,false,,false
9462,220,T,9364/3,morphology,Tumor,Peripheral,"primitive neuroectodermal, NOS",,false,false,,false
9463,220,T,9020/1,morphology,Tumor,Phyllodes,NOS (C50._),,false,false,,false
9464,220,T,9020/0,morphology,Tumor,Phyllodes,benign (C50._),,false,false,,false
9465,220,T,9020/1,morphology,Tumor,Phyllodes,borderline (C50._),,false,false,,false
9466,220,T,9020/3,morphology,Tumor,Phyllodes,malignant (C50._),,false,false,,false
9467,220,T,8103/0,morphology,Tumor,,pilar (C44._),,false,false,,false
9468,220,T,9340/0,morphology,Tumor,,Pindborg (C41._),,false,false,,false
9469,220,T,9362/3,morphology,Tumor,Pineal,mixed (C75.3),C75.3,false,false,,false
9470,220,T,9362/3,morphology,Tumor,Pineal,"parenchymal, intermediate differentiation (C75.3)",C75.3,false,false,,false
9471,220,T,9395/3,morphology,Tumor,Pineal,"region, papillary",,false,false,,false
9472,220,T,8093/3,morphology,Tumor,,Pinkus,,false,false,,false
9473,220,T,9104/1,morphology,Tumor,,placental site trophoblastic (C58.9),C58.9,false,false,,false
9474,220,T,9731/3,morphology,Tumor,,plasma cell,,false,false,,false
9475,220,T,8835/1,morphology,Tumor,,plexiform fibrohistiocytic,,false,false,,false
9476,220,T,9071/3,morphology,Tumor,,polyvesicular vitelline,,false,false,,false
9477,220,T,8152/1,morphology,Tumor,,PP/PYY producing,,false,false,,false
9478,220,T,9473/3,morphology,Tumor,Primitive neuroectodermal,NOS,,false,false,,false
9479,220,T,9473/3,morphology,Tumor,Primitive neuroectodermal,"central, NOS (C71._)",,false,false,,false
9480,220,T,9364/3,morphology,Tumor,Primitive neuroectodermal,"peripheral, NOS",,false,false,,false
9481,220,T,8152/1,morphology,Tumor,,"producing, PP/PYY",,false,false,,false
9482,220,T,8103/0,morphology,Tumor,,proliferating trichilemmal,,false,false,,false
9483,220,T,8452/1,morphology,Tumor,,"pseudopapillary, solid (C25._)",,false,false,,false
9484,220,T,9350/1,morphology,Tumor,,Rathke pouch (C75.1),C75.1,false,false,,false
9485,220,T,8967/0,morphology,Tumor,,"renal, ossifying (C64.9)",C64.9,false,false,,false
9486,220,T,8966/0,morphology,Tumor,,renomedullary interstitial cell (C64.9),C64.9,false,false,,false
9487,220,T,9759/3,morphology,Tumor,,"reticular cell, fibroblastic",,false,false,,false
9488,220,T,9363/0,morphology,Tumor,,retinal anlage,,false,false,,false
9489,220,T,8963/3,morphology,Tumor,,"rhabdoid, malignant",,false,false,,false
9490,220,T,8963/3,morphology,Tumor,,"rhabdoid, NOS",,false,false,,false
9491,220,T,9508/3,morphology,Tumor,,"rhabdoid/teratoid, atypical (C71._)",,false,false,,false
9492,220,T,9509/1,morphology,Tumor,,rosette-forming glioneuronal,,false,false,,false
9493,220,T,8806/3,morphology,Tumor,,"round cell, desmoplastic small",,false,false,,false
9494,220,T,8082/3,morphology,Tumor,,Schmincke (C11._),,false,false,,false
9495,220,T,8350/3,morphology,Tumor,,"sclerosing, nonencapsulated (C73.9)",C73.9,false,false,,false
9496,220,T,8602/0,morphology,Tumor,,sclerosing stromal (C56.9),C56.9,false,false,,false
9497,220,T,8000/6,morphology,Tumor,,secondary,,false,false,,false
9498,220,T,9084/3,morphology,Tumor,,"secondary, dermoid cyst with",,false,false,,false
9499,220,T,8442/1,morphology,Tumor,Serous,"NOS, of low malignant potential (C56.9)",C56.9,false,false,,false
9500,220,T,8442/1,morphology,Tumor,Serous,atypical proliferating (C56.9) malignancy (C56.9),C56.9,false,false,,false
9501,220,T,8462/1,morphology,Tumor,Serous,"papillary, of low malignant potential (C56.9)",C56.9,false,false,,false
9502,220,T,8463/1,morphology,Tumor,Serous,"surface papillary, of borderline malignancy (C56.9)",C56.9,false,false,,false
9503,220,T,8640/1,morphology,Tumor,Sertoli cell,NOS (C56.9),C56.9,false,false,,false
9504,220,T,8642/1,morphology,Tumor,Sertoli cell,large cell calcifying,,false,false,,false
9505,220,T,8641/0,morphology,Tumor,Sertoli cell,lipid-rich (C56.9),C56.9,false,false,,false
9506,220,T,8641/0,morphology,Tumor,Sertoli cell,with lipid storage,,false,false,,false
9507,221,T,8631/1,morphology,Tumor,Sertoli-Leydig cell,NOS,,false,false,,false
9508,221,T,8631/1,morphology,Tumor,Sertoli-Leydig cell,intermediate differentiation,,false,false,,false
9509,221,T,8634/1,morphology,Tumor,Sertoli-Leydig cell,"intermediate differentiation, with heterologous elements",,false,false,,false
9510,221,T,8631/3,morphology,Tumor,Sertoli-Leydig cell,poorly differentiated,,false,false,,false
9511,221,T,8634/3,morphology,Tumor,Sertoli-Leydig cell,"poorly differntiated, with heterologous elements",,false,false,,false
9512,221,T,8633/1,morphology,Tumor,Sertoli-Leydig cell,retiform,,false,false,,false
9513,221,T,8634/1,morphology,Tumor,Sertoli-Leydig cell,"retiform, with heterologous elements",,false,false,,false
9514,221,T,8631/3,morphology,Tumor,Sertoli-Leydig cell,sarcomatoid,,false,false,,false
9515,221,T,8631/0,morphology,Tumor,Sertoli-Leydig cell,well differentiated,,false,false,,false
9516,221,T,8590/1,morphology,Tumor,Sex cord-gonadal stromal,NOS,,false,false,,false
9517,221,T,8591/1,morphology,Tumor,Sex cord-gonadal stromal,incompletely differentiated,,false,false,,false
9518,221,T,8592/1,morphology,Tumor,Sex cord-gonadal stromal,mixed forms,,false,false,,false
9519,221,T,8590/1,morphology,Tumor,,"sex cord, NOS",,false,false,,false
9520,221,T,8623/1,morphology,Tumor,,"sex cord, with annular tubules (C56.9) 9362/3 transitional pineal (C75.3)",C56.9,false,false,,false
9521,221,T,9071/3,morphology,Tumor,,"sinus, endodermal",,false,false,,false
9522,221,T,8390/0,morphology,Tumor,,"skin appendage, benign (C44._)",,false,false,,false
9523,221,T,8002/3,morphology,Tumor,,"small cell type, malignant",,false,false,,false
9524,221,T,8806/3,morphology,Tumor,,"small round cell, desmoplastic",,false,false,,false
9525,221,T,8897/1,morphology,Tumor,,"smooth muscle, NOS",,false,false,,false
9526,221,T,8897/1,morphology,Tumor,,"smooth muscle, uncertain malignant potential",,false,false,,false
9527,221,T,8800/0,morphology,Tumor,,"soft tissue, benign",,false,false,,false
9528,221,T,8800/3,morphology,Tumor,,"soft tissue, malignant",,false,false,,false
9529,221,T,8452/1,morphology,Tumor,,solid and cystic (C25._),,false,false,,false
9530,221,T,8156/3,morphology,Tumor,,"somatostatin cell tumor, malignant",,false,false,,false
9531,221,T,8156/1,morphology,Tumor,,"somatostatin cell tumor, NOS",,false,false,,false
9532,221,T,8004/3,morphology,Tumor,Spindle,"cell type, malignant",,false,false,,false
9533,221,T,8588/3,morphology,Tumor,Spindle,"epithelial, with thymus-like differentiation",,false,false,,false
9534,221,T,8588/3,morphology,Tumor,Spindle,"epithelial, with thymus-like element",,false,false,,false
9535,221,T,9312/0,morphology,Tumor,,squamous odontogenic (C41._),,false,false,,false
9536,221,T,8670/3,morphology,Tumor,,"steroid cell, malignant",,false,false,,false
9537,221,T,8670/0,morphology,Tumor,,"steroid cell, NOS",,false,false,,false
9538,221,T,8935/1,morphology,Tumor,Stromal,NOS,,false,false,,false
9539,221,T,8935/0,morphology,Tumor,Stromal,benign,,false,false,,false
9540,221,T,8975/1,morphology,Tumor,Stromal,calcifying nested epithelial (C22.0),C22.0,false,false,,false
9541,221,T,8975/1,morphology,Tumor,Stromal,"epithelial, calcifying nested (C22.0) Gastrointestinal",C22.0,false,false,,false
9542,221,T,8936/1,morphology,Tumor,Stromal,NOS,,false,false,,false
9543,221,T,8936/0,morphology,Tumor,Stromal,benign,,false,false,,false
9544,221,T,8936/3,morphology,Tumor,Stromal,malignant,,false,false,,false
9545,221,T,8936/1,morphology,Tumor,Stromal,uncertain malignant potential,,false,false,,false
9546,221,T,8602/0,morphology,Tumor,Stromal,sclerosing (C56.9),C56.9,false,false,,false
9547,221,T,8593/1,morphology,Tumor,Stromal,with minor sex cord elements (C56.9),C56.9,false,false,,false
9548,221,T,8400/1,morphology,Tumor,Sweat gland,NOS (C44._),,false,false,,false
9549,221,T,8400/0,morphology,Tumor,Sweat gland,benign (C44._),,false,false,,false
9550,221,T,8400/3,morphology,Tumor,Sweat gland,malignant (C44._),,false,false,,false
9551,221,T,9252/0,morphology,Tumor,,tenosynovial giant cell (C49._),,false,false,,false
9552,221,T,9252/3,morphology,Tumor,,"tenosynovial giant cell, malignant (C49._)",,false,false,,false
9553,221,T,9508/3,morphology,Tumor,,"teratoid/rhabdoid, atypical (C71._)",,false,false,,false
9554,221,T,8152/1,morphology,Tumor,,"terminal tyrosine amide producing, pancreatic peptide and pancreatic peptide-like peptide within",,false,false,,false
9555,221,T,8590/1,morphology,Tumor,,testicular stromal (C62._),,false,false,,false
9556,221,T,8600/0,morphology,Tumor,,theca cell (C56.9),C56.9,false,false,,false
9557,221,T,8621/1,morphology,Tumor,,theca cell-granulosa cell (C56.9),C56.9,false,false,,false
9558,221,T,8103/0,morphology,Tumor,,"trichilemmal, proliferating",,false,false,,false
9559,221,T,9561/3,morphology,Tumor,,"Triton, malignant",,false,false,,false
9560,221,T,9105/3,morphology,Tumor,,"trophoblastic, epithelioid",,false,false,,false
9561,221,T,9104/1,morphology,Tumor,,"trophoblastic, placental site (C58.9)",C58.9,false,false,,false
9562,221,T,,,Tumor,,Tumoral calcinosis (see SNOMED),,false,true,,false
9563,221,T,8200/0,morphology,Tumor,,turban (C44.4),C44.4,false,false,,false
9564,221,T,8152/1,morphology,Tumor,,"tyrosine amide producing, pancreatic peptide and pancreatic peptide-like peptide within terminal",,false,false,,false
9565,221,T,8000/0,morphology,Tumor,Unclassified,benign,,false,false,,false
9566,221,T,8000/1,morphology,Tumor,Unclassified,borderline malignancy,,false,false,,false
9567,221,T,8000/3,morphology,Tumor,Unclassified,malignant,,false,false,,false
9568,221,T,8000/9,morphology,Tumor,Unclassified,"malignant, uncertain whether primary or metastatic",,false,false,,false
9569,221,T,8000/1,morphology,Tumor,Unclassified,uncertain whether benign or malignant,,false,false,,false
9570,221,T,9071/3,morphology,Tumor,,"vitelline, polyvesicular",,false,false,,false
9571,221,T,8561/0,morphology,Tumor,,"Warthin (C07._, C08._)",,false,false,,false
9572,221,T,8960/3,morphology,Tumor,,Wilms (C64.9),C64.9,false,false,,false
9573,221,T,9110/1,morphology,Tumor,,Wolffian duct,,false,false,,false
9574,221,T,9071/3,morphology,Tumor,,yolk sac,,false,false,,false
9575,221,T,9071/3,morphology,Tumor,,"yolk sac, hepatoid",,false,false,,false
9576,221,T,8040/0,morphology,"Tumorlet, benign",,"Tumorlet, benign",,false,false,,true
9577,221,T,8040/1,morphology,"Tumorlet, NOS",,"Tumorlet, NOS",,false,false,,true
9578,221,T,C63.7,topography,Tunica vaginalis,,Tunica vaginalis,,false,false,,true
9579,221,T,8200/0,morphology,Turban tumor,,Turban tumor (C44.4),C44.4,false,false,,true
9580,221,T,C30.0,topography,"Turbinate, nasal",,"Turbinate, nasal",,false,false,,true
9581,221,T,C30.1,topography,Tympanic cavity,,Tympanic cavity,,false,false,,true
9582,221,T,8240/3,morphology,Typical carcinoid,,Typical carcinoid,,false,false,,true
9583,221,T,8152/1,morphology,"Tyrosine amide producing tumor,",,"Tyrosine amide producing tumor, pancreatic peptide and pancreatic peptide-like peptide within terminal",,false,false,,true
9584,222,U,8090/3,morphology,"Ulcer, rodent (C44._)",,"Ulcer, rodent (C44._)",,false,false,,true
9585,222,U,C40.0,topography,Ulna,,Ulna,,false,false,,true
9586,222,U,C49.1,topography,Ulnar artery,,Ulnar artery,,false,false,,true
9587,222,U,C47.1,topography,Ulnar nerve,,Ulnar nerve,,false,false,,true
9588,222,U,C44.5,topography,Umbilicus,,NOS,,false,false,,false
9589,222,U,C44.5,topography,Umbilicus,,"NOS (carcinoma, melanoma, nevus)",,false,false,,false
9590,222,U,C49.4,topography,Umbilicus,,"NOS (sarcoma, lipoma)",,false,false,,false
9591,222,U,C47.4,topography,Umbilicus,,autonomic nervous system,,false,false,,false
9592,222,U,C49.4,topography,Umbilicus,,connective tissue,,false,false,,false
9593,222,U,C49.4,topography,Umbilicus,,fibrous tissue,,false,false,,false
9594,222,U,C47.4,topography,Umbilicus,,peripheral nerve,,false,false,,false
9595,222,U,C44.5,topography,Umbilicus,,skin,,false,false,,false
9596,222,U,C49.4,topography,Umbilicus,,soft tissue,,false,false,,false
9597,222,U,C49.4,topography,Umbilicus,,subcutaneous tissue,,false,false,,false
9598,222,U,8240/1,morphology,Uncertain malignant potential,,"tumor, carcinoid",,false,false,,false
9599,222,U,8936/1,morphology,Uncertain malignant potential,,"tumor, gastrointestinal stromal",,false,false,,false
9600,222,U,8897/1,morphology,Uncertain malignant potential,,"tumor, smooth muscle",,false,false,,false
9601,222,U,,,Uncertain malignant potential,,"/1 Uncertain whether benign or malignant (see behavior code, section 4.3.3)",,false,false,,false
9602,222,U,,,Uncertain malignant potential,,"/9 Uncertain whether primary or metastatic site (see behavior code, section 4.3.3)",,false,false,,false
9603,222,U,9975/3,morphology,Unclassifiable,,myelodysplastic/myeloproliferative neoplasm,,false,false,,false
9604,222,U,9989/3,morphology,Unclassifiable,,myelodysplastic syndrome,,false,false,,false
9605,222,U,9975/3,morphology,Unclassifiable,,myeloproliferative neoplasm,,false,false,,false
9606,222,U,9591/3,morphology,Unclassifiable,,splenic B-cell lymphoma/leukemia,,false,false,,false
9607,222,U,8000/0,morphology,Unclassified tumor,,benign,,false,false,,false
9608,222,U,8000/1,morphology,Unclassified tumor,,borderline malignancy,,false,false,,false
9609,222,U,8000/3,morphology,Unclassified tumor,,malignant,,false,false,,false
9610,222,U,8000/9,morphology,Unclassified tumor,,"malignant, uncertain whether primary or metastatic",,false,false,,false
9611,222,U,8000/1,morphology,Unclassified tumor,,uncertain whether benign or malignant,,false,false,,false
9612,222,U,C71.2,topography,Uncus,,Uncus,,false,false,,true
9613,222,U,C62.0,topography,Undescended testis (site of neoplasm),,Undescended testis (site of neoplasm),,false,false,,true
9614,222,U,9765/1,morphology,"Undetermined significance, monoclonal",,"Undetermined significance, monoclonal gammopathy of",,false,false,,true
9615,222,U,8020/3,morphology,Undifferentiated,,"carcinoma, NOS",,false,false,,false
9616,222,U,9512/3,morphology,Undifferentiated,,retinoblastoma (C69.2),C69.2,false,false,,false
9617,222,U,8805/3,morphology,Undifferentiated,,sarcoma,,false,false,,false
9618,222,U,9082/3,morphology,Undifferentiated,,"teratoma, malignant",,false,false,,false
9619,222,U,,,Undifferentiated,,"/-4 Undifferentiated (see grading code, section C66.9 Ureter 4.3.4)",,false,false,,false
9620,222,U,9751/3,morphology,Unifocal Langerhans cell granulomatosis,,Unifocal Langerhans cell granulomatosis,,false,false,,true
9621,222,U,9751/3,morphology,"Unifocal Langerhans cell histiocytosis C67.5 Urethral orifice, internal",,"Unifocal Langerhans cell histiocytosis [obs] C67.5 Urethral orifice, internal",,true,false,,true
9622,222,U,C80.9,topography,Unknown primary site,,Unknown primary site,,false,false,,true
9623,222,U,8480/3,morphology,"Unknown primary site, pseudomyxoma",,"Unknown primary site, pseudomyxoma peritonei with (C80.9)",C80.9,false,false,,true
9624,222,U,C03.0,topography,Upper,,alveolar mucosa,,false,false,,false
9625,222,U,C03.0,topography,Upper,,alveolar ridge mucosa,,false,false,,false
9626,222,U,C03.0,topography,Upper,,alveolus,,false,false,,false
9627,222,U,C50.8,topography,Upper,,breast,,false,false,,false
9628,222,U,C03.0,topography,Upper,,gingiva,,false,false,,false
9629,222,U,C03.0,topography,Upper,,gum,,false,false,,false
9630,222,U,C50.2,topography,Upper,,inner quadrant of breast,,false,false,,false
9631,222,U,C41.0,topography,Upper,,jaw bone,,false,false,,false
9632,222,U,C44.1,topography,Upper,,lid,,false,false,,false
9633,222,U,C00.0,topography,Upper,Lip,NOS (excludes skin of upper lip C44.0),,false,false,,false
9634,222,U,C00.0,topography,Upper,Lip,external,,false,false,,false
9635,222,U,C00.3,topography,Upper,Lip,frenulum,,false,false,,false
9636,222,U,C00.3,topography,Upper,Lip,inner aspect,,false,false,,false
9637,222,U,C00.3,topography,Upper,Lip,mucosa,,false,false,,false
9638,222,U,C44.0,topography,Upper,Lip,skin,,false,false,,false
9639,222,U,C00.0,topography,Upper,Lip,vermilion border,,false,false,,false
9640,222,U,C34.1,topography,Upper,,"lobe, bronchus",,false,false,,false
9641,222,U,C34.1,topography,Upper,,"lobe, lung",,false,false,,false
9642,222,U,C50.4,topography,Upper,,outer quadrant of breast,,false,false,,false
9643,222,U,C39.0,topography,Upper,,"respiratory tract, NOS",,false,false,,false
9644,222,U,C15.3,topography,Upper,,third of esophagus,,false,false,,false
9645,222,U,C76.4,topography,Upper limb,,NOS,,false,false,,false
9646,222,U,C44.6,topography,Upper limb,,"NOS (carcinoma, melanoma, nevus)",,false,false,,false
9647,222,U,C49.1,topography,Upper limb,,"NOS (sarcoma, lipoma)",,false,false,,false
9648,222,U,C49.1,topography,Upper limb,,adipose tissue,,false,false,,false
9649,222,U,C47.1,topography,Upper limb,,autonomic nervous system,,false,false,,false
9650,222,U,C49.1,topography,Upper limb,,connective tissue,,false,false,,false
9651,222,U,C49.1,topography,Upper limb,,fatty tissue,,false,false,,false
9652,222,U,C49.1,topography,Upper limb,,fibrous tissue,,false,false,,false
9653,222,U,C40.0,topography,Upper limb,,long bone,,false,false,,false
9654,222,U,C40.0,topography,Upper limb,,"long bones, joints",,false,false,,false
9655,222,U,C77.3,topography,Upper limb,,lymph node,,false,false,,false
9656,222,U,C49.1,topography,Upper limb,,muscle,,false,false,,false
9657,222,U,C47.1,topography,Upper limb,,peripheral nerve,,false,false,,false
9658,222,U,C40.1,topography,Upper limb,,short bone,,false,false,,false
9659,222,U,C40.1,topography,Upper limb,,"short bones, joints",,false,false,,false
9660,222,U,C49.1,topography,Upper limb,,skeletal muscle,,false,false,,false
9661,222,U,C44.6,topography,Upper limb,,skin,,false,false,,false
9662,222,U,C49.1,topography,Upper limb,,soft tissue,,false,false,,false
9663,222,U,C49.1,topography,Upper limb,,subcutaneous tissue,,false,false,,false
9664,222,U,C49.1,topography,Upper limb,,tendon,,false,false,,false
9665,222,U,C49.1,topography,Upper limb,,tendon sheath,,false,false,,false
9666,222,U,C67.7,topography,Urachus,,Urachus,,false,false,,true
9667,222,U,C67.6,topography,Ureteric orifice,,Ureteric orifice,,false,false,,true
9668,222,U,C68.0,topography,Urethra,,Urethra,,false,false,,true
9669,222,U,C68.0,topography,Urethral gland,,Urethral gland,,false,false,,true
9670,223,U,C57.9,topography,Urethrovaginal septum,,Urethrovaginal septum,,false,false,,true
9671,223,U,C67.9,topography,"Urinary bladder, NOS (see also bladder)",,"Urinary bladder, NOS (see also bladder)",,false,false,bladder,true
9672,223,U,C68.9,topography,"Urinary system, NOS",,"Urinary system, NOS",,false,false,,true
9673,223,U,8120/2,morphology,Urothelial,,carcinoma in situ (C67._),,false,false,,false
9674,223,U,8120/3,morphology,Urothelial,,"carcinoma, NOS (C67._)",,false,false,,false
9675,223,U,8130/3,morphology,Urothelial,,"carcinoma, papillary (C67._)",,false,false,,false
9676,223,U,8130/2,morphology,Urothelial,,"carcinoma, papillary, non-invasive (C67._)",,false,false,,false
9677,223,U,8130/1,morphology,Urothelial,,"neoplasm, papillary, of low malignant potential (C67._)",,false,false,,false
9678,223,U,8120/1,morphology,Urothelial,,"papilloma, NOS (C67._)",,false,false,,false
9679,223,U,9741/1,morphology,Urticaria pigmentosa,,Urticaria pigmentosa,,false,false,,true
9680,223,U,C55.9,topography,Uterine,,NOS,,false,false,,false
9681,223,U,C57.4,topography,Uterine,,adnexa,,false,false,,false
9682,223,U,C53.9,topography,Uterine,,cervix,,false,false,,false
9683,223,U,C57.3,topography,Uterine,,ligament,,false,false,,false
9684,223,U,C54.0,topography,Uterine,,lower segment,,false,false,,false
9685,223,U,C57.0,topography,Uterine,,tube,,false,false,,false
9686,223,U,C57.8,topography,Utero-ovarian,,Utero-ovarian,,false,false,,true
9687,223,U,C57.3,topography,Uterosacral ligament,,Uterosacral ligament,,false,false,,true
9688,223,U,C55.9,topography,Uterus,,NOS,,false,false,,false
9689,223,U,C57.4,topography,Uterus,,"adnexa, NOS",,false,false,,false
9690,223,U,C57.4,topography,Uterus,,"adnexa, uterine",,false,false,,false
9691,223,U,C54.9,topography,Uterus,,body,,false,false,,false
9692,223,U,C53.0,topography,Uterus,,cervical canal,,false,false,,false
9693,223,U,C53.8,topography,Uterus,,cervical stump,,false,false,,false
9694,223,U,C53.9,topography,Uterus,Cervix,NOS,,false,false,,false
9695,223,U,C53.8,topography,Uterus,Cervix,squamocolumnar junction,,false,false,,false
9696,223,U,C53.9,topography,Uterus,Cervix,uteri,,false,false,,false
9697,223,U,C54.9,topography,Uterus,,corpus uteri,,false,false,,false
9698,223,U,C53.0,topography,Uterus,,endocervical canal,,false,false,,false
9699,223,U,C53.0,topography,Uterus,,endocervical gland,,false,false,,false
9700,223,U,C53.0,topography,Uterus,,endocervix,,false,false,,false
9701,223,U,C54.1,topography,Uterus,,endometrial gland,,false,false,,false
9702,223,U,C54.1,topography,Uterus,,endometrial stroma,,false,false,,false
9703,223,U,C54.1,topography,Uterus,,endometrium,,false,false,,false
9704,223,U,C53.1,topography,Uterus,,exocervix,,false,false,,false
9705,223,U,C53.1,topography,Uterus,,external os,,false,false,,false
9706,223,U,C58.9,topography,Uterus,,fetal membranes,,false,false,,false
9707,223,U,C54.3,topography,Uterus,,fundus uteri,,false,false,,false
9708,223,U,C53.0,topography,Uterus,,internal os,,false,false,,false
9709,223,U,C54.0,topography,Uterus,,isthmus uteri,,false,false,,false
9710,223,U,C57.1,topography,Uterus,Ligament,"ligament, broad",,false,false,,false
9711,223,U,C57.2,topography,Uterus,Ligament,"ligament, round",,false,false,,false
9712,223,U,C57.3,topography,Uterus,Ligament,"ligament, uterine",,false,false,,false
9713,223,U,C57.3,topography,Uterus,Ligament,"ligament, uterosacral",,false,false,,false
9714,223,U,C54.0,topography,Uterus,,lower uterine segment,,false,false,,false
9715,223,U,C54.2,topography,Uterus,,myometrium,,false,false,,false
9716,223,U,C53.0,topography,Uterus,,Nabothian gland,,false,false,,false
9717,223,U,C57.3,topography,Uterus,,parametrium,,false,false,,false
9718,223,U,C58.9,topography,Uterus,,placenta,,false,false,,false
9719,223,U,C53.8,topography,Uterus,,squamocolumnar junction of cervix,,false,false,,false
9720,223,U,C57.4,topography,Uterus,,uterine adnexa,,false,false,,false
9721,223,U,C53.9,topography,Uterus,,uterine cervix,,false,false,,false
9722,223,U,8890/0,morphology,"Uterus, fibroid",,"Uterus, fibroid (C55.9)",C55.9,false,false,,true
9723,223,U,C68.0,topography,"Utricle, prostatic",,"Utricle, prostatic",,false,false,,true
9724,223,U,C69.4,topography,Uveal tract,,Uveal tract,,false,false,,true
9725,223,U,C05.2,topography,Uvula,,Uvula,,false,false,,true
9726,223,V,C52.9,topography,"Vagina, fornix",,"Vagina, fornix",,false,false,,true
9727,223,V,8077/2,morphology,"Vaginal intraepithelial neoplasia, grade III",,"Vaginal intraepithelial neoplasia, grade III (C52._)",,false,false,,true
9728,223,V,C52.9,topography,Vaginal vault,,Vaginal vault,,false,false,,true
9729,223,V,C52.9,topography,"Vagina, NOS",,"Vagina, NOS",,false,false,,true
9730,223,V,C72.5,topography,Vagus nerve,,Vagus nerve,,false,false,,true
9731,223,V,8077/2,morphology,VAIN III (C52._),,VAIN III (C52._),,false,false,,true
9732,223,V,C10.0,topography,Vallecula,,Vallecula,,false,false,,true
9733,223,V,C18.0,topography,"Valve, ileocecal",,"Valve, ileocecal",,false,false,,true
9734,223,V,8894/0,morphology,Vascular,,leiomyoma,,false,false,,false
9735,223,V,,,Vascular,,nevus (see SNOMED),,false,true,,false
9736,223,V,,,Vascular,,spider (see SNOMED),,false,true,,false
9737,223,V,C63.1,topography,Vas deferens,,Vas deferens,,false,false,,true
9738,223,V,C52.9,topography,"Vault, vaginal",,"Vault, vaginal",,false,false,,true
9739,223,V,C49.5,topography,"Vein, iliac",,"Vein, iliac",,false,false,,true
9740,223,V,C49.9,topography,"Vein, NOS",,"Vein, NOS",,false,false,,true
9741,223,V,C49.4,topography,Vena cava,,NOS,,false,false,,false
9742,223,V,C49.4,topography,Vena cava,,abdominal,,false,false,,false
9743,223,V,C49.4,topography,Vena cava,,inferior,,false,false,,false
9744,223,V,C49.3,topography,Vena cava,,superior,,false,false,,false
9745,223,V,9122/0,morphology,Venous hemangioma,,Venous hemangioma,,false,false,,true
9746,223,V,C02.2,topography,Ventral surface of tongue,,NOS,,false,false,,false
9747,223,V,C02.2,topography,Ventral surface of tongue,,anterior,,false,false,,false
9748,223,V,C02.2,topography,Ventral surface of tongue,,anterior 2/3,,false,false,,false
9749,223,V,C71.5,topography,Ventricle,,NOS,,false,false,,false
9750,223,V,C38.0,topography,Ventricle,,cardiac,,false,false,,false
9751,223,V,C71.5,topography,Ventricle,,cerebral,,false,false,,false
9752,223,V,C71.7,topography,Ventricle,,"fourth, choroid plexus",,false,false,,false
9753,223,V,C71.7,topography,Ventricle,,"fourth, NOS",,false,false,,false
9754,223,V,C71.5,topography,Ventricle,,"lateral, choroid plexus",,false,false,,false
9755,223,V,C71.5,topography,Ventricle,,"lateral, NOS",,false,false,,false
9756,224,V,C71.5,topography,Ventricle,,"third, choroid plexus",,false,false,,false
9757,224,V,C71.5,topography,Ventricle,,"third, NOS",,false,false,,false
9758,224,V,C32.1,topography,Ventricular band of larynx,,Ventricular band of larynx,,false,false,,true
9759,224,V,C00.2,topography,Vermilion border,,"lip, NOS",,false,false,,false
9760,224,V,C00.1,topography,Vermilion border,,lower lip,,false,false,,false
9761,224,V,C00.0,topography,Vermilion border,,upper lip,,false,false,,false
9762,224,V,C71.6,topography,Vermis of cerebellum,,Vermis of cerebellum,,false,false,,true
9763,224,V,,,Verruca,,NOS (see SNOMED),,false,true,,false
9764,224,V,,,Verruca,,plana (see SNOMED),,false,true,,false
9765,224,V,,,Verruca,,seborrheic (see SNOMED),,false,true,,false
9766,224,V,,,Verruca,,vulgaris (see SNOMED),,false,true,,false
9767,224,V,8051/3,morphology,Verrucous,,"carcinoma, epidermoid",,false,false,,false
9768,224,V,8051/3,morphology,Verrucous,,"carcinoma, NOS",,false,false,,false
9769,224,V,8051/3,morphology,Verrucous,,"carcinoma, squamous cell",,false,false,,false
9770,224,V,9142/0,morphology,Verrucous,,keratotic hemangioma,,false,false,,false
9771,224,V,8051/0,morphology,Verrucous,,papilloma,,false,false,,false
9772,224,V,C41.2,topography,Vertebra,,Vertebra,,false,false,,true
9773,224,V,C41.2,topography,Vertebral column (excludes sacrum and,,Vertebral column (excludes sacrum and coccyx C41.4),,false,false,,true
9774,224,V,C63.7,topography,"Vesicle, seminal",,"Vesicle, seminal",,false,false,,true
9775,224,V,C57.9,topography,Vesicocervical tissue,,Vesicocervical tissue,,false,false,,true
9776,224,V,C57.9,topography,Vesicovaginal septum,,Vesicovaginal septum,,false,false,,true
9777,224,V,C49.9,topography,"Vessel, NOS",,"Vessel, NOS",,false,false,,true
9778,224,V,C06.1,topography,Vestibule of mouth,,Vestibule of mouth,,false,false,,true
9779,224,V,C30.0,topography,Vestibule of nose,,Vestibule of nose,,false,false,,true
9780,224,V,8263/0,morphology,Villoglandular adenoma,,Villoglandular adenoma,,false,false,,true
9781,224,V,,,Villoglandular adenoma,,Villonodular pigmented synovitis (see SNOMED),,false,true,,false
9782,224,V,8262/3,morphology,Villous,,adenocarcinoma,,false,false,,false
9783,224,V,8261/3,morphology,Villous,,"adenoma, adenocarcinoma in",,false,false,,false
9784,224,V,8261/2,morphology,Villous,,"adenoma, adenocarcinoma in situ in",,false,false,,false
9785,224,V,8261/0,morphology,Villous,,"adenoma, NOS",,false,false,,false
9786,224,V,8261/0,morphology,Villous,,papilloma,,false,false,,false
9787,224,V,8077/2,morphology,VIN III (C51._),,VIN III (C51._),,false,false,,true
9788,224,V,8155/3,morphology,"Vipoma, malignant",,"Vipoma, malignant",,false,false,,true
9789,224,V,8155/1,morphology,"Vipoma, NOS",,"Vipoma, NOS",,false,false,,true
9790,224,V,C38.4,topography,Visceral pleura,,Visceral pleura,,false,false,,true
9791,224,V,9071/3,morphology,"Vitelline tumor, polyvesicular",,"Vitelline tumor, polyvesicular",,false,false,,true
9792,224,V,C32.0,topography,Vocal cord,,NOS,,false,false,,false
9793,224,V,C32.1,topography,Vocal cord,,false,,false,false,,false
9794,224,V,C32.0,topography,Vocal cord,,true,,false,false,,false
9795,224,V,,,Ventricle,,"Von Recklinghausen disease, bone (see SNOMED)",,false,true,,false
9796,224,V,9540/1,morphology,Von Recklinghausen disease (except of,,Von Recklinghausen disease (except of bone),,false,false,,true
9797,224,V,C51.9,topography,"Vulva, NOS",,"Vulva, NOS",,false,false,,true
9798,224,V,8077/2,morphology,"Vulvar intraepithelial neoplasia, grade III",,"Vulvar intraepithelial neoplasia, grade III (C51._)",,false,false,,true
9799,224,V,C51.9,topography,"Vulva, skin",,"Vulva, skin",,false,false,,true
9800,224,W,9761/3,morphology,Waldenstrom macroglobulinemia,,Waldenstrom macroglobulinemia (C42.0) (see also 9671/3),C42.0,false,false,9671/3,true
9801,224,W,C14.2,topography,Waldeyer ring,,Waldeyer ring,,false,false,,true
9802,224,W,,,Waldeyer ring,,Walthard rest (see SNOMED),,false,true,,false
9803,224,W,8561/0,morphology,"Warthin tumor (C07._, C08._)",,"Warthin tumor (C07._, C08._)",,false,false,,true
9804,224,W,8051/3,morphology,Warty carcinoma,,Warty carcinoma,,false,false,,true
9805,224,W,8322/3,morphology,Water-clear cell,,adenocarcinoma (C75.0),C75.0,false,false,,false
9806,224,W,8322/0,morphology,Water-clear cell,,adenoma (C75.0),C75.0,false,false,,false
9807,224,W,8322/3,morphology,Water-clear cell,,carcinoma (C75.0),C75.0,false,false,,false
9808,224,W,8240/3,morphology,Well differentiated,,"carcinoma, neuroendocrine",,false,false,,false
9809,224,W,8331/3,morphology,Well differentiated,,follicular adenocarcinoma (C73.9),C73.9,false,false,,false
9810,224,W,8331/3,morphology,Well differentiated,,follicular carcinoma (C73.9),C73.9,false,false,,false
9811,224,W,8851/3,morphology,Well differentiated,Liposarcoma,NOS,,false,false,,false
9812,224,W,8850/1,morphology,Well differentiated,Liposarcoma,superficial,,false,false,,false
9813,224,W,8850/1,morphology,Well differentiated,Liposarcoma,superficial soft tissue,,false,false,,false
9814,224,W,8240/3,morphology,Well differentiated,,neuroendocrine carcinoma,,false,false,,false
9815,224,W,9187/3,morphology,Well differentiated,,"osteosarcoma, intraosseous",,false,false,,false
9816,224,W,9052/0,morphology,Well differentiated,,"papillary mesothelioma, benign",,false,false,,false
9817,224,W,8631/0,morphology,Well differentiated,,Sertoli-Leydig cell tumor,,false,false,,false
9818,224,W,8585/3,morphology,Well differentiated,,thymic carcinoma (C37.9),C37.9,false,false,,false
9819,224,W,,,Well differentiated,,"/-1 Well differentiated (see grading code, section 4.3.4)",,false,false,,false
9820,224,W,C08.0,topography,Wharton duct,,Wharton duct,,false,false,,true
9821,224,W,C71.0,topography,"White matter, central",,"White matter, central",,false,false,,true
9822,224,W,C71.0,topography,"White matter, cerebral",,"White matter, cerebral",,false,false,,true
9823,224,W,,,"White matter, cerebral",,White sponge nevus (see SNOMED),,false,true,,false
9824,224,W,8960/3,morphology,Wilms tumor,,Wilms tumor (C64.9),C64.9,false,false,,true
9825,224,W,C25.3,topography,Wirsung duct,,Wirsung duct,,false,false,,true
9826,224,W,C57.7,topography,Wolffian body,,Wolffian body,,false,false,,true
9827,224,W,C57.7,topography,Wolffian duct,,Wolffian duct,,false,false,,true
9828,224,W,9110/0,morphology,Wolffian duct,,adenoma,,false,false,,false
9829,224,W,9110/3,morphology,Wolffian duct,,carcinoma,,false,false,,false
9830,224,W,9110/1,morphology,Wolffian duct,,tumor,,false,false,,false
9831,225,W,C76.4,topography,Wrist,,NOS,,false,false,,false
9832,225,W,C44.6,topography,Wrist,,"NOS (carcinoma, melanoma, nevus)",,false,false,,false
9833,225,W,C49.1,topography,Wrist,,"NOS (sarcoma, lipoma)",,false,false,,false
9834,225,W,C40.1,topography,Wrist,,bone,,false,false,,false
9835,225,W,C49.1,topography,Wrist,,connective tissue,,false,false,,false
9836,225,W,C49.1,topography,Wrist,,fibrous tissue,,false,false,,false
9837,225,W,C40.1,topography,Wrist,,joint,,false,false,,false
9838,225,W,C44.6,topography,Wrist,,skin,,false,false,,false
9839,225,W,C49.1,topography,Wrist,,soft tissue,,false,false,,false
9840,225,W,C49.1,topography,Wrist,,subcutaneous tissue,,false,false,,false
9841,225,W,C49.1,topography,Wrist,,tendon,,false,false,,false
9842,225,W,C49.1,topography,Wrist,,tendon sheath,,false,false,,false
9843,225,X,9424/3,morphology,"Xanthoastrocytoma, pleomorphic (C71._)",,"Xanthoastrocytoma, pleomorphic (C71._)",,false,false,,true
9844,225,X,8830/0,morphology,Xanthofibroma,,Xanthofibroma,,false,false,,true
9845,225,X,,,Xanthofibroma,,"Xanthogranuloma, juvenile (see SNOMED)",,false,true,,false
9846,225,X,,,Xanthofibroma,,"Xanthogranuloma, NOS (see SNOMED)",,false,true,,false
9847,225,X,,,Xanthofibroma,,"Xanthoma, NOS (see SNOMED)",,false,true,,false
9848,225,X,,,Xanthofibroma,,Xeroderma pigmentosum (see SNOMED),,false,true,,false
9849,225,Y,9071/3,morphology,Yolk sac tumor,,Yolk sac tumor,,false,false,,true
9850,225,Y,9071/3,morphology,"Yolk sac tumor, hepatoid",,"Yolk sac tumor, hepatoid",,false,false,,true
9851,225,Z,C21.2,topography,"Zone, cloacogenic",,"Zone, cloacogenic",,false,false,,true
9852,225,Z,C02.8,topography,"Zone, junctional of tongue",,"Zone, junctional of tongue",,false,false,,true
9853,225,Z,C75.5,topography,Zuckerkandl organ,,Zuckerkandl organ,,false,false,,true
9854,225,Z,C41.0,topography,Zygomatic bone,,Zygomatic bone,,false,false,,true
